timestamp,currency,price,action,change,balance
1735690380000,twd,1.0,deposit,66770,66770
1735698465776,sol,5196.75,buy,1.12639906,1.12639906
1735699056522,sol,5197.95,sell,-0.25518823,0.87121083
1735703538749,usdt,32.38,buy,1044.199909,1044.199909
1735705748938,eth,114954.79,deposit,0.62539115,0.62539115
1735706747209,usdt,32.37,withdrawal,-151.000000,893.199909
1735708208044,eth,114997.25,sell,-0.11250107,0.51289008
1735720141757,doge,12.59,buy,1296.88484504,1296.88484504
1735722525397,twd,1.0,deposit,113618,138661
1735725328918,sol,5211.11,deposit,9.75341645,10.62462728
1735725872424,twd,1.0,withdrawal,-9364,129297
1735727085618,btc,3149444.04,deposit,0.00857354,0.00857354
1735727281930,eth,115082.24,withdrawal,-0.04826499,0.46462509
1735729069693,sol,5205.74,sell,-5.52203291,5.10259437
1735737038735,btc,3147669.14,sell,-0.00398867,0.00458487
1735740971337,sol,5203.61,withdrawal,-1.31327286,3.78932151
1735741954608,btc,3146365.19,withdrawal,-0.00136287,0.00322200
1735742315960,sol,5201.08,deposit,2.68275716,6.47207867
1735742883027,usdt,32.36,sell,-505.625489,387.574420
1735752564758,sol,5204.03,deposit,12.22156530,18.69364397
1735753237354,doge,12.6,sell,-374.14585577,922.73898927
1735754375909,btc,3148132.19,deposit,0.02240283,0.02562483
1735757018287,usdt,32.38,sell,-186.636968,200.937452
1735762037891,eth,115005.16,sell,-0.20059063,0.26403446
1735762324479,eth,115041.94,withdrawal,-0.08000031,0.18403415
1735763045920,eth,115039.98,sell,-0.04003884,0.14399531
1735764477104,sol,5202.94,deposit,14.49536509,33.18900906
1735766384509,doge,12.73,sell,-494.93929459,427.79969468
1735768386690,doge,12.71,withdrawal,-130.17937914,297.62031554
1735768979942,sol,5211.44,buy,6.40663169,39.59564075
1735770207147,usdt,32.37,withdrawal,-98.000000,102.937452
1735771612842,usdc,32.35,buy,219.240958,219.240958
1735772920658,usdc,32.35,withdrawal,-95.000000,124.240958
1735774078040,usdt,32.37,withdrawal,-51.000000,51.937452
1735778904066,twd,1.0,withdrawal,-20441,170773
1735787410739,sol,5217.02,sell,-9.11261183,30.48302892
1735793475302,eth,115310.11,sell,-0.01833004,0.12566527
1735793801304,btc,3145354.57,deposit,0.04865105,0.07427588
1735802035495,sol,5225.18,deposit,4.55801749,35.04104641
1735806623388,usdc,32.35,deposit,850.000000,974.240958
1735812076845,usdt,32.36,deposit,1589.000000,1640.937452
1735816343008,usdt,32.36,sell,-794.193628,846.743824
1735816647204,doge,12.81,withdrawal,-90.16072322,207.45959232
1735821965589,usdt,32.37,deposit,849.000000,1695.743824
1735831739630,eth,115378.17,buy,0.24967175,0.37533702
1735832162452,doge,12.72,deposit,2332.33896403,2539.79855635
1735833768406,usdc,32.34,withdrawal,-173.000000,801.240958
1735834286229,eth,115307.19,buy,0.17129037,0.54662739
1735847363643,usdc,32.33,buy,1516.046396,2317.287354
1735861096394,doge,12.79,sell,-1067.08772575,1472.71083060
1735864552609,twd,1.0,withdrawal,-27911,134288
1735865305990,doge,12.77,deposit,1924.82134141,3397.53217201
1735865538467,eth,115189.08,deposit,1.48382136,2.03044875
1735880660760,usdt,32.36,deposit,1521.000000,3216.743824
1735885829854,doge,12.72,sell,-1704.44548074,1693.08669127
1735887050574,usdc,32.35,buy,1257.615695,3574.903049
1735889299557,usdt,32.36,buy,495.899823,3712.643647
1735897592855,btc,3145747.89,deposit,0.01891499,0.09319087
1735911830109,eth,115062.4,withdrawal,-0.03475812,1.99569063
1735914216373,usdc,32.35,sell,-1486.689587,2088.213462
1735920392415,usdc,32.34,sell,-866.076069,1222.137393
1735920902975,sol,5255.85,sell,-3.79014241,31.25090400
1735926617629,sol,5258.87,withdrawal,-3.22562048,28.02528352
1735929747357,sol,5262.86,buy,5.31814508,33.34342860
1735932354762,twd,1.0,withdrawal,-8705,158570
1735933795623,btc,3142175.2,buy,0.00549161,0.09868248
1735937789384,eth,114964.18,deposit,0.46861303,2.46430366
1735941322297,usdc,32.37,withdrawal,-284.000000,938.137393
1735942971496,usdc,32.36,sell,-373.930810,564.206583
1735947941689,usdt,32.36,withdrawal,-200.000000,3512.643647
1735948325790,usdc,32.37,buy,866.641374,1430.847957
1735949377925,usdt,32.36,withdrawal,-444.000000,3068.643647
1735951136679,sol,5252.28,deposit,10.01626518,43.35969378
1735957991847,eth,115003.8,buy,0.28923711,2.75354077
1735959104789,eth,114978.17,withdrawal,-0.55258497,2.20095580
1735959664944,usdt,32.36,deposit,1243.000000,4311.643647
1735969055025,doge,12.73,buy,3310.57139750,5003.65808877
1735973571047,usdc,32.37,deposit,1556.000000,2986.847957
1735975884725,usdt,32.35,sell,-1868.134448,2443.509199
1735976870697,usdc,32.37,buy,974.477256,3961.325213
1735980083005,twd,1.0,withdrawal,-27485,51369
1735981172475,sol,5244.96,deposit,6.33125953,49.69095331
1735984858075,doge,12.68,buy,813.81386365,5817.47195242
1735989183506,eth,115050.72,buy,0.18311379,2.38406959
1735989339094,btc,3139572.42,sell,-0.01528443,0.08339805
1735989867656,sol,5253.8,buy,7.08961965,56.78057296
1735992608439,doge,12.7,buy,694.04638539,6511.51833781
1735993771121,eth,115136.28,deposit,1.14819168,3.53226127
1735996085202,doge,12.68,buy,595.12377216,7106.64210997
1735997716443,doge,12.66,buy,316.80501310,7423.44712307
1735997962683,usdt,32.35,withdrawal,-197.000000,2246.509199
1735999720007,twd,1.0,withdrawal,-5162,5184
1736000160000,usdt,32.36,withdrawal,-227.000000,2019.509199
1736001000000,btc,3141150.75,buy,0.00065106,0.08404911
1736001148022,eth,115186.57,deposit,1.03562993,4.56789120
1736002140000,sol,5269.01,withdrawal,-21.42262600,35.35794696
1736002980000,sol,5268.51,withdrawal,-7.02839058,28.32955638
1736003914857,usdc,32.37,deposit,2651.000000,6612.325213
1736004720000,eth,115155.71,buy,0.01380390,4.58169510
1736004996799,btc,3141167.2,withdrawal,-0.03110286,0.05294625
1736005500000,sol,5286.55,sell,-1.27271702,27.05683936
1736007240000,doge,12.75,sell,-870.39389494,6553.05322813
1736008680000,usdt,32.38,withdrawal,-369.000000,1650.509199
1736009940000,sol,5284.57,deposit,4.35145022,31.40828958
1736011500000,sol,5282.17,deposit,14.24720110,45.65549068
1736011800000,btc,3146503.56,sell,-0.02760106,0.02534519
1736013000000,btc,3147862.55,buy,0.00267566,0.02802085
1736014906923,sol,5282.79,sell,-17.99852329,27.65696739
1736015520000,sol,5285.23,withdrawal,-8.59384632,19.06312107
1736016926737,usdt,32.4,withdrawal,-228.000000,1422.509199
1736018160000,sol,5295.09,sell,-9.21188201,9.85123906
1736019240000,btc,3150431.57,sell,-0.00724219,0.02077866
1736020740000,eth,115181.86,deposit,0.64877932,5.23047442
1736021040000,eth,115195.03,sell,-0.05843890,5.17203552
1736023620000,eth,115230.29,withdrawal,-0.83850276,4.33353276
1736025420000,usdt,32.41,withdrawal,-435.000000,987.509199
1736025840000,btc,3147578.5,buy,0.00677399,0.02755265
1736025960000,usdc,32.32,deposit,1461.000000,8073.325213
1736027400000,doge,12.73,deposit,2200.27637745,8753.32960558
1736029620000,btc,3147727.3,buy,0.01339369,0.04094634
1736029800000,usdc,32.32,sell,-4030.240850,4043.084363
1736030880000,sol,5288.0,withdrawal,-2.24907504,7.60216402
1736031480000,sol,5290.46,withdrawal,-2.09489080,5.50727322
1736032920000,usdc,32.32,withdrawal,-339.000000,3704.084363
1736034889491,twd,1.0,withdrawal,-12563,325426
1736038340763,btc,3149094.53,buy,0.01304426,0.05399060
1736044767964,usdt,32.42,deposit,2664.000000,3651.509199
1736044927545,sol,5283.88,sell,-3.00406568,2.50320754
1736056068484,eth,115292.72,withdrawal,-1.22051820,3.11301456
1736056898916,usdc,32.32,sell,-1614.072088,2090.012275
1736058737438,usdt,32.42,deposit,842.000000,4493.509199
1736058972517,sol,5285.53,withdrawal,-0.59485021,1.90835733
1736062076782,twd,1.0,withdrawal,-15664,336718
1736065556278,btc,3148096.37,sell,-0.01873744,0.03525316
1736067504390,twd,1.0,deposit,149107,544813
1736079086864,doge,13.09,withdrawal,-249.70605639,8503.62354919
1736079597113,twd,1.0,deposit,56412,601225
1736079881835,usdc,32.3,withdrawal,-108.000000,1982.012275
1736083298700,eth,115231.08,withdrawal,-0.44415898,2.66885558
1736085257949,doge,13.06,deposit,1608.48179070,10112.10533989
1736089325459,sol,5295.2,deposit,12.94498260,14.85333993
1736098470993,sol,5290.43,deposit,4.94351402,19.79685395
1736107168512,btc,3145912.13,buy,0.01117632,0.04642948
1736108848946,doge,13.16,buy,2156.55833069,12268.66367058
1736109385865,usdc,32.29,withdrawal,-93.000000,1889.012275
1736113065241,doge,13.16,deposit,2004.14601051,14272.80968109
1736114774430,sol,5296.41,sell,-4.89949640,14.89735755
1736115848577,eth,115162.14,buy,0.17984599,2.84870157
1736121468812,sol,5297.46,deposit,11.55934352,26.45670107
1736124764961,usdc,32.27,buy,1005.638113,2894.650388
1736128290389,doge,13.26,withdrawal,-3566.97160330,10705.83807779
1736130501142,doge,13.23,sell,-1619.33546464,9086.50261315
1736134064699,twd,1.0,deposit,40489,572385
1736135830740,btc,3147792.78,withdrawal,-0.01036277,0.03606671
1736139836459,sol,5301.71,buy,2.03232312,28.48902419
1736139857354,sol,5304.99,buy,0.93667007,29.42569426
1736141199783,doge,13.27,sell,-130.52617868,8955.97643447
1736141251145,sol,5300.56,withdrawal,-11.68980299,17.73589127
1736145468705,usdc,32.27,withdrawal,-322.000000,2572.650388
1736147001696,twd,1.0,withdrawal,-27979,530394
1736151083508,usdc,32.26,withdrawal,-184.000000,2388.650388
1736154630462,btc,3154040.07,withdrawal,-0.00922957,0.02683714
1736159648377,usdc,32.26,sell,-366.831298,2021.819090
1736161831077,sol,5296.51,buy,1.91025283,19.64614410
1736163150585,btc,3153893.24,deposit,0.02907392,0.05591106
1736163708565,usdt,32.44,withdrawal,-406.000000,4087.509199
1736164950923,eth,115415.19,sell,-0.25280725,2.59589432
1736165295056,doge,13.59,deposit,1955.64355327,10911.61998774
1736168624680,usdt,32.46,sell,-2238.242163,1849.267036
1736168920908,usdt,32.45,buy,722.204236,2571.471272
1736170554244,btc,3151987.68,deposit,0.03801535,0.09392641
1736173760133,sol,5301.07,deposit,9.46699385,29.11313795
1736176915919,usdc,32.26,sell,-400.458423,1621.360667
1736178552004,btc,3151805.06,withdrawal,-0.03020900,0.06371741
1736179356231,usdt,32.47,buy,963.049368,3534.520640
1736181548324,btc,3151810.52,deposit,0.02428234,0.08799975
1736191353591,sol,5308.63,withdrawal,-2.89414970,26.21898825
1736191368439,btc,3153580.55,buy,0.00333972,0.09133947
1736193150507,btc,3152317.63,sell,-0.02338569,0.06795378
1736196135863,sol,5306.38,buy,3.95472287,30.17371112
1736196585209,usdt,32.47,buy,708.325038,4242.845678
1736198465929,btc,3149823.03,deposit,0.03123868,0.09919246
1736199629426,eth,115109.42,deposit,0.69909062,3.29498494
1736202013493,usdc,32.29,deposit,1328.000000,2949.360667
1736202914938,doge,13.6,sell,-5814.91426912,5096.70571862
1736204689347,sol,5302.14,sell,-15.61792162,14.55578950
1736206485888,eth,115144.56,buy,0.20565531,3.50064025
1736206502968,doge,13.59,buy,1134.54636257,6231.25208119
1736209319054,btc,3151814.5,deposit,0.02088673,0.12007919
1736216155101,sol,5301.96,withdrawal,-5.01407048,9.54171902
1736222526485,eth,115135.45,withdrawal,-0.09184958,3.40879067
1736227226885,usdc,32.27,sell,-1216.075917,1733.284750
1736228404550,usdt,32.42,buy,68.724120,4311.569798
1736230038501,usdt,32.43,withdrawal,-188.000000,4123.569798
1736230727740,sol,5304.48,deposit,13.83949435,23.38121337
1736231080206,btc,3151475.02,withdrawal,-0.03934929,0.08072990
1736232285764,usdc,32.29,buy,516.930559,2250.215309
1736236844556,eth,115350.62,buy,0.24591405,3.65470472
1736240329922,usdt,32.43,deposit,2829.000000,6952.569798
1736240947892,eth,115357.01,buy,0.26932154,3.92402626
1736244013615,twd,1.0,withdrawal,-5453,689615
1736244884920,twd,1.0,deposit,96520,786135
1736249103874,eth,115479.29,buy,0.40365919,4.32768545
1736250540159,doge,13.81,buy,230.71840149,6461.97048268
1736250665109,doge,13.79,buy,444.11071576,6906.08119844
1736252780518,eth,115399.13,buy,0.21998567,4.54767112
1736253398808,twd,1.0,withdrawal,-9766,695059
1736254467914,eth,115345.21,withdrawal,-0.02859489,4.51907623
1736263411914,usdt,32.4,withdrawal,-422.000000,6530.569798
1736263740263,sol,5318.98,buy,3.07754171,26.45875508
1736264891115,doge,13.95,deposit,238.47169740,7144.55289584
1736268369277,twd,1.0,withdrawal,-9451,669239
1736274867834,doge,13.86,withdrawal,-600.82200136,6543.73089448
1736278910355,eth,115354.87,sell,-0.74268493,3.77639130
1736279944238,sol,5328.14,buy,1.26104073,27.71979581
1736285387753,btc,3144173.54,buy,0.01424011,0.09497001
1736285999818,usdt,32.41,withdrawal,-477.000000,6053.569798
1736289767748,btc,3143124.83,sell,-0.01281756,0.08215245
1736291060258,btc,3143632.3,withdrawal,-0.00625044,0.07590201
1736295351956,eth,115428.17,buy,0.01423015,3.79062145
1736295554474,sol,5335.06,deposit,8.09913942,35.81893523
1736296227254,usdt,32.4,deposit,2352.000000,8405.569798
1736297171689,doge,13.88,deposit,1332.96124446,7876.69213894
1736300471025,doge,13.85,buy,1269.18744232,9145.87958126
1736300651496,eth,115476.42,withdrawal,-0.17625648,3.61436497
1736301118015,usdc,32.29,sell,-1224.590511,1025.624798
1736309399568,doge,13.86,deposit,1643.03044851,10788.91002977
1736310455151,usdc,32.29,buy,1019.403929,2045.028727
1736311232439,twd,1.0,deposit,45879,776998
1736318661426,eth,115492.15,deposit,0.56918992,4.18355489
1736322782187,eth,115432.25,buy,0.22523561,4.40879050
1736324990680,sol,5337.69,deposit,7.59443809,43.41337332
1736327311588,sol,5335.26,sell,-11.14940675,32.26396657
1736338560451,usdc,32.28,withdrawal,-124.000000,1921.028727
1736341840983,usdc,32.27,buy,779.622378,2700.651105
1736345484406,sol,5345.9,withdrawal,-1.34215150,30.92181507
1736345578046,btc,3147117.86,buy,0.00164169,0.07754370
1736355673258,usdc,32.29,deposit,1711.000000,4411.651105
1736363621924,usdt,32.4,deposit,1590.000000,9995.569798
1736367071500,btc,3149184.8,withdrawal,-0.02310603,0.05443767
1736368012051,usdc,32.3,buy,324.729260,4736.380365
1736368803652,btc,3148183.09,buy,0.00927318,0.06371085
1736369488690,sol,5351.01,deposit,10.93108523,41.85290030
1736377934815,eth,115391.56,sell,-0.68251962,3.72627088
1736379779332,doge,14.2,sell,-6216.21417352,4572.69585625
1736387593795,twd,1.0,deposit,51411,958904
1736392657497,doge,14.22,deposit,1548.12888597,6120.82474222
1736395416738,usdc,32.3,deposit,689.000000,5425.380365
1736398330314,btc,3149104.04,sell,-0.02090817,0.04280268
1736398380000,doge,14.21,sell,-2102.23810392,4018.58663830
1736398638114,usdt,32.41,buy,1189.708759,11185.278557
1736398777637,sol,5357.29,deposit,12.25908367,54.11198397
1736400360000,btc,3149082.0,buy,0.01342455,0.05622723
1736401080000,usdt,32.42,deposit,2320.000000,13505.278557
1736403720000,usdc,32.29,buy,105.538384,5530.918749
1736421231870,usdt,32.43,buy,182.317213,13687.595770
1736423279117,sol,5368.03,sell,-20.71875080,33.39323317
1736424561984,eth,115313.9,deposit,1.34663512,5.07290600
1736424658858,sol,5364.48,buy,2.32160148,35.71483465
1736425355930,doge,14.27,sell,-2161.20330821,1857.38333009
1736427334220,doge,14.3,sell,-417.20066119,1440.18266890
1736438454061,sol,5355.3,withdrawal,-5.58081716,30.13401749
1736440277665,btc,3152712.9,deposit,0.00826563,0.06449286
1736442772515,usdt,32.42,withdrawal,-274.000000,13413.595770
1736444512065,btc,3151156.6,sell,-0.03807917,0.02641369
1736447555013,doge,14.22,sell,-481.73341808,958.44925082
1736449273448,btc,3151242.91,sell,-0.01297931,0.01343438
1736458660260,usdc,32.31,buy,633.224750,6164.143499
1736459572349,usdc,32.3,withdrawal,-371.000000,5793.143499
1736461453783,twd,1.0,deposit,58011,1305314
1736462503968,usdt,32.44,deposit,2118.000000,15531.595770
1736462577313,eth,115385.32,buy,0.37300934,5.44591534
1736462840943,eth,115396.79,deposit,1.25832091,6.70423625
1736464730313,usdc,32.32,deposit,532.000000,6325.143499
1736465587633,eth,115335.98,buy,0.01076121,6.71499746
1736471345925,doge,14.2,withdrawal,-288.02892001,670.42033081
1736480096812,usdc,32.32,withdrawal,-423.000000,5902.143499
1736480765106,usdc,32.33,withdrawal,-247.000000,5655.143499
1736483425270,eth,115378.6,buy,0.34288537,7.05788283
1736484597327,eth,115385.92,withdrawal,-1.82168092,5.23620191
1736488732416,btc,3157527.23,sell,-0.00289866,0.01053572
1736496894574,eth,115365.72,withdrawal,-1.10990423,4.12629768
1736497208963,eth,115395.52,buy,0.18378139,4.31007907
1736497440000,sol,5378.39,buy,3.01084603,33.14486352
1736499066102,btc,3158624.74,withdrawal,-0.00235449,0.00818123
1736499540000,eth,115383.07,buy,0.13280542,4.44288449
1736499903319,sol,5384.11,deposit,3.40784232,36.55270584
1736502365315,doge,14.33,withdrawal,-240.04123631,430.37909450
1736507423875,doge,14.29,deposit,952.36354328,1382.74263778
1736539518192,twd,1.0,deposit,85414,1263314
1736540748566,btc,3159542.86,deposit,0.04052043,0.04870166
1736542611336,twd,1.0,withdrawal,-11041,1252273
1736543076059,sol,5381.91,buy,6.57599632,43.12870216
1736543785740,doge,14.26,sell,-828.84473605,553.89790173
1736552593281,eth,115404.23,sell,-0.72528856,3.71759593
1736563492644,eth,115377.42,withdrawal,-1.40583065,2.31176528
1736565497242,sol,5393.07,sell,-2.76290574,40.36579642
1736566140577,twd,1.0,deposit,72938,1400244
1736568467787,sol,5398.51,deposit,3.96620019,44.33199661
1736573156326,doge,14.31,buy,273.22462550,827.12252723
1736578889545,btc,3164481.88,deposit,0.03441932,0.08312098
1736580134209,twd,1.0,deposit,117877,1514213
1736587563177,eth,115270.86,sell,-1.35003404,0.96173124
1736598402426,doge,14.29,withdrawal,-305.49844745,521.62407978
1736598762805,usdt,32.42,sell,-8293.803519,7237.792251
1736611159373,doge,14.33,deposit,2390.01099264,2911.63507242
1736612926044,usdt,32.43,sell,-4007.198155,3230.594096
1736614586433,sol,5393.34,withdrawal,-16.18155789,28.15043872
1736619133634,usdc,32.34,buy,1008.974781,6664.118280
1736627726822,twd,1.0,withdrawal,-21001,2015035
1736628845245,btc,3165525.87,buy,0.00974245,0.09286343
1736637999879,eth,115445.97,buy,0.35585758,1.31758882
1736644675014,usdc,32.34,withdrawal,-404.000000,6260.118280
1736645873949,usdt,32.41,withdrawal,-269.000000,2961.594096
1736648273579,usdt,32.4,sell,-161.626324,2799.967772
1736649565884,usdt,32.41,deposit,1654.000000,4453.967772
1736650852851,btc,3164906.44,withdrawal,-0.02638081,0.06648262
1736651565178,usdt,32.41,sell,-1171.198117,3282.769655
1736652199014,twd,1.0,deposit,109752,2096062
1736652220945,btc,3165020.28,buy,0.00907578,0.07555840
1736655342976,twd,1.0,withdrawal,-8432,2058905
1736660266821,sol,5403.5,sell,-12.50488579,15.64555293
1736660830617,eth,115514.48,sell,-0.64376484,0.67382398
1736661094199,eth,115523.39,buy,0.31174094,0.98556492
1736662285803,usdt,32.4,buy,920.719381,4203.489036
1736670769035,twd,1.0,withdrawal,-22966,2112024
1736672912878,doge,14.56,withdrawal,-392.98588158,2518.64919084
1736679957268,btc,3166198.45,deposit,0.02823807,0.10379647
1736683776168,twd,1.0,deposit,94087,2206111
1736688115997,btc,3165370.35,sell,-0.03846801,0.06532846
1736693827767,twd,1.0,withdrawal,-29061,2298816
1736696699577,btc,3164392.52,sell,-0.00431825,0.06101021
1736701441648,usdc,32.37,buy,1115.915575,7376.033855
1736712527751,usdt,32.43,sell,-1640.270778,2563.218258
1736717304523,doge,14.56,buy,1410.04835952,3928.69755036
1736718565209,twd,1.0,withdrawal,-17764,2291250
1736719292288,btc,3164310.18,buy,0.01157118,0.07258139
1736721575382,btc,3162887.17,withdrawal,-0.02026399,0.05231740
1736725599547,usdt,32.41,buy,730.886133,3294.104391
1736726890193,usdt,32.42,sell,-1462.858654,1831.245737
1736729843843,sol,5419.17,deposit,3.84975185,19.49530478
1736731191887,eth,115506.52,buy,0.18303070,1.16859562
1736731756618,usdt,32.42,sell,-1051.382999,779.862738
1736731920504,btc,3166245.77,sell,-0.02784240,0.02447500
1736737805481,sol,5411.84,deposit,6.04769196,25.54299674
1736753556353,doge,14.69,deposit,1842.59960010,5771.29715046
1736755460430,btc,3166277.17,withdrawal,-0.00262603,0.02184897
1736755496422,usdc,32.37,withdrawal,-150.000000,7226.033855
1736756676256,twd,1.0,withdrawal,-24780,2354689
1736758432726,sol,5413.68,withdrawal,-6.38354876,19.15944798
1736760133577,btc,3165113.58,deposit,0.03074314,0.05259211
1736762166878,doge,14.68,withdrawal,-1329.63233007,4441.66482039
1736762853348,btc,3167311.61,buy,0.01035586,0.06294797
1736763259572,usdc,32.37,withdrawal,-225.000000,7001.033855
1736765939593,btc,3167522.53,deposit,0.01272275,0.07567072
1736766515554,usdc,32.39,buy,1247.019002,8248.052857
1736767316356,usdc,32.38,sell,-3495.479880,4752.572977
1736769495833,twd,1.0,deposit,132917,2527602
1736776474470,doge,14.56,sell,-958.09002290,3483.57479749
1736777491348,usdc,32.39,deposit,1047.000000,5799.572977
1736780758783,doge,14.56,sell,-1130.34569592,2353.22910157
1736783571800,twd,1.0,withdrawal,-29001,2529014
1736783710187,eth,115529.05,sell,-0.52249114,0.64610448
1736783837283,doge,14.65,sell,-771.26902538,1581.96007619
1736787927461,btc,3167780.48,buy,0.01545649,0.09112721
1736792017150,btc,3167843.53,deposit,0.03272577,0.12385298
1736794895527,twd,1.0,deposit,100518,2652229
1736798614221,eth,115647.79,sell,-0.34379752,0.30230696
1736799075185,btc,3168117.31,deposit,0.02016373,0.14401671
1736802115460,btc,3168930.02,deposit,0.03364433,0.17766104
1736806368804,btc,3168571.66,deposit,0.04139035,0.21905139
1736807605906,doge,14.67,deposit,387.96929176,1969.92936795
1736809565663,sol,5403.91,deposit,6.87993071,26.03937869
1736812026717,doge,14.63,withdrawal,-188.85466698,1781.07470097
1736813844770,doge,14.62,buy,297.44595518,2078.52065615
1736815320571,sol,5397.62,deposit,4.14620362,30.18558231
1736822418963,eth,115672.49,deposit,0.41052875,0.71283571
1736822808124,usdt,32.46,deposit,2825.000000,3604.862738
1736825162991,btc,3170164.7,deposit,0.03336111,0.25241250
1736825183103,usdc,32.39,buy,1061.505093,6861.078070
1736827961196,eth,115631.18,sell,-0.35218146,0.36065425
1736832143239,usdc,32.4,sell,-1187.886102,5673.191968
1736836151346,eth,115601.58,withdrawal,-0.02129540,0.33935885
1736837805581,usdt,32.44,buy,982.336368,4587.199106
1736841386575,usdt,32.44,deposit,1451.000000,6038.199106
1736852713197,btc,3167927.81,deposit,0.02054885,0.27296135
1736858520000,sol,5392.48,withdrawal,-5.91274321,24.27283910
1736860860000,sol,5389.76,withdrawal,-6.18849487,18.08434423
1736861107558,usdt,32.42,deposit,1472.000000,7510.199106
1736861850272,eth,115663.71,deposit,0.83305646,1.17241531
1736863320000,twd,1.0,deposit,48103,2748703
1736864040000,sol,5397.21,buy,6.51897466,24.60331889
1736864428964,sol,5400.88,deposit,8.32825361,32.93157250
1736868661450,btc,3170093.4,deposit,0.03430579,0.30726714
1736873062195,usdt,32.44,withdrawal,-181.000000,7329.199106
1736875119988,usdc,32.39,sell,-2037.159085,3636.032883
1736877799244,sol,5404.56,withdrawal,-1.25712767,31.67444483
1736883466707,sol,5404.93,buy,2.44819801,34.12264284
1736884007330,sol,5408.1,withdrawal,-5.17387315,28.94876969
1736888975909,usdt,32.43,deposit,1228.000000,8557.199106
1736891526527,doge,14.68,withdrawal,-293.57696462,1784.94369153
1736893035488,eth,115636.87,deposit,0.99972649,2.17214180
1736895732646,btc,3175385.97,buy,0.00751155,0.31477869
1736898436317,usdc,32.4,withdrawal,-378.000000,3258.032883
1736901065214,doge,14.67,buy,560.01206613,2344.95575766
1736901604127,usdc,32.42,sell,-1123.080192,2134.952691
1736908820578,twd,1.0,withdrawal,-16704,2753894
1736918752593,doge,14.69,sell,-1246.93771288,1098.01804478
1736920688748,doge,14.71,buy,607.77943095,1705.79747573
1736923206177,eth,115687.19,sell,-1.10100881,1.07113299
1736923381923,eth,115696.53,buy,0.04596599,1.11709898
1736931056084,sol,5414.7,withdrawal,-4.05463172,24.89413797
1736934324579,btc,3177772.6,sell,-0.09305499,0.22172370
1736935869774,usdc,32.43,deposit,2372.000000,4506.952691
1736942290342,eth,115665.52,buy,0.19573390,1.31283288
1736942988670,sol,5410.86,withdrawal,-8.00657457,16.88756340
1736945321974,doge,14.85,sell,-285.10550688,1420.69196885
1736947485820,sol,5407.36,deposit,8.97337306,25.86093646
1736949522555,eth,115798.3,deposit,1.40338135,2.71621423
1736949541911,sol,5401.98,deposit,11.86373985,37.72467631
1736950157879,sol,5404.01,deposit,9.96357284,47.68824915
1736950957808,sol,5405.07,sell,-13.70038824,33.98786091
1736954312039,usdt,32.41,deposit,1104.000000,9661.199106
1736961425535,eth,115833.95,deposit,0.48605082,3.20226505
1736965448961,eth,115783.13,withdrawal,-0.30100656,2.90125849
1736966808809,usdc,32.45,sell,-29.080632,4477.872059
1736976799380,btc,3179677.94,deposit,0.03764608,0.25936978
1736978125562,sol,5405.47,deposit,6.82038255,40.80824346
1736979162566,usdc,32.46,sell,-794.392953,3683.479106
1736983868466,eth,115764.91,deposit,1.31477412,4.21603261
1736983872318,usdt,32.39,deposit,2668.000000,12329.199106
1736986720804,eth,115746.53,withdrawal,-0.49774352,3.71828909
1736988939390,usdt,32.4,buy,1317.497504,13646.696610
1736988969728,usdt,32.4,sell,-3484.938668,10161.757942
1736997334266,eth,115679.5,deposit,1.23116203,4.94945112
1736997502555,usdt,32.39,buy,828.930652,10990.688594
1737000993380,btc,3176762.6,deposit,0.03494616,0.29431594
1737004076988,usdc,32.46,deposit,634.000000,4317.479106
1737011032707,sol,5398.87,withdrawal,-9.98797233,30.82027113
1737019891692,eth,115857.13,withdrawal,-1.70354200,3.24590912
1737020161621,btc,3174354.61,buy,0.01552042,0.30983636
1737024487175,sol,5400.32,deposit,10.76540032,41.58567145
1737024883059,usdt,32.42,deposit,1453.000000,12443.688594
1737031204583,btc,3175096.19,withdrawal,-0.11581548,0.19402088
1737033676295,eth,115732.67,buy,0.23624957,3.48215869
1737034843767,eth,115759.56,deposit,1.26716426,4.74932295
1737049459456,btc,3173635.62,deposit,0.03913095,0.23315183
1737051826527,sol,5398.94,buy,7.94041042,49.52608187
1737052436690,usdc,32.46,sell,-2472.586533,1844.892573
1737056123423,usdc,32.46,deposit,2659.000000,4503.892573
1737057953555,twd,1.0,withdrawal,-28640,3238936
1737058158112,usdc,32.45,withdrawal,-90.000000,4413.892573
1737058457156,btc,3171299.89,buy,0.01302986,0.24618169
1737058978345,usdc,32.46,withdrawal,-386.000000,4027.892573
1737060579193,sol,5398.71,withdrawal,-3.52298891,46.00309296
1737065306938,usdt,32.41,deposit,598.000000,13041.688594
1737078725054,twd,1.0,deposit,21783,3219397
1737080954401,btc,3173848.4,deposit,0.03260635,0.27878804
1737084492449,doge,15.1,withdrawal,-314.66915806,1106.02281079
1737084640012,usdc,32.48,withdrawal,-80.000000,3947.892573
1737085702795,twd,1.0,deposit,129317,3348714
1737086365306,btc,3176888.16,deposit,0.02749666,0.30628470
1737092125413,btc,3176650.23,withdrawal,-0.00114961,0.30513509
1737093183377,eth,115890.32,sell,-2.70118624,2.04813671
1737093896294,twd,1.0,deposit,111664,3773420
1737096663378,doge,15.17,withdrawal,-191.01728075,915.00553004
1737097149426,btc,3179995.51,sell,-0.01423579,0.29089930
1737099217502,doge,15.19,sell,-244.32500856,670.68052148
1737099301823,sol,5412.9,sell,-14.04130670,31.96178626
1737101136260,usdt,32.4,deposit,900.000000,13941.688594
1737106256476,sol,5416.11,sell,-2.36554304,29.59624322
1737106988815,usdc,32.5,deposit,1223.000000,5170.892573
1737111319516,eth,116116.91,buy,0.04270437,2.09084108
1737114593428,twd,1.0,deposit,36170,3942428
1737120733705,sol,5405.33,deposit,9.64367815,39.23992137
1737123180000,twd,1.0,deposit,49471,3991899
1737124792628,eth,116001.46,withdrawal,-0.21585185,1.87498923
1737125047569,usdc,32.47,withdrawal,-219.000000,4951.892573
1737125782895,eth,116045.06,withdrawal,-0.43783927,1.43714996
1737127575696,twd,1.0,deposit,47250,4039149
1737127763056,usdc,32.46,buy,1185.925735,6137.818308
1737128317774,doge,15.38,buy,1123.83529384,1794.51581532
1737131429570,usdt,32.38,withdrawal,-337.000000,13604.688594
1737133225393,sol,5406.9,buy,5.19992806,44.43984943
1737146050540,twd,1.0,withdrawal,-23521,3931729
1737146194474,usdc,32.46,buy,200.451899,6338.270207
1737148834533,eth,115883.03,buy,0.02182968,1.45897964
1737160455013,usdt,32.38,deposit,2315.000000,15919.688594
1737165697032,eth,115863.23,buy,0.05306737,1.51204701
1737170006039,eth,115885.99,deposit,1.06449614,2.57654315
1737175080138,usdc,32.49,buy,692.239995,7030.510202
1737175319389,sol,5411.65,deposit,7.46256384,51.90241327
1737176561145,sol,5413.55,buy,6.29259236,58.19500563
1737180226892,eth,115937.92,buy,0.22774992,2.80429307
1737185481047,usdt,32.4,buy,1016.091808,16935.780402
1737187389816,eth,115877.92,withdrawal,-0.37308013,2.43121294
1737190016344,usdt,32.38,deposit,2843.000000,19778.780402
1737193758520,usdt,32.38,buy,572.972013,20351.752415
1737196300279,btc,3171728.1,sell,-0.06279091,0.22810839
1737202382610,btc,3173001.39,sell,-0.10097629,0.12713210
1737204396323,eth,115935.21,withdrawal,-0.10289846,2.32831448
1737208653923,doge,15.61,buy,1414.81518261,3209.33099793
1737215372478,doge,15.6,buy,102.03409451,3311.36509244
1737215468282,sol,5428.74,buy,3.44893401,61.64393964
1737215723161,eth,115913.56,withdrawal,-0.70282649,1.62548799
1737218518755,btc,3171914.51,withdrawal,-0.04436882,0.08276328
1737218608323,usdc,32.54,deposit,574.000000,7604.510202
1737231844172,eth,115990.77,sell,-0.80237055,0.82311744
1737243362214,usdc,32.53,buy,798.324998,8402.835200
1737254279217,sol,5448.12,deposit,4.97931284,66.62325248
1737255607813,doge,15.58,withdrawal,-58.91134568,3252.45374676
1737256814309,usdt,32.35,withdrawal,-73.000000,20278.752415
1737261806356,doge,15.54,sell,-1490.57878570,1761.87496106
1737274452353,doge,15.49,sell,-1010.96772237,750.90723869
1737277989870,btc,3169307.25,deposit,0.01274430,0.09550758
1737287386337,usdt,32.36,withdrawal,-286.000000,19992.752415
1737288738533,sol,5459.4,withdrawal,-11.99511610,54.62813638
1737290084969,usdt,32.37,buy,512.318278,20505.070693
1737290550631,doge,15.58,sell,-164.73041843,586.17682026
1737290706722,sol,5455.94,deposit,10.16680220,64.79493858
1737290849029,sol,5453.3,buy,4.57185155,69.36679013
1737291845359,usdt,32.38,buy,691.878863,21196.949556
1737292530111,doge,15.66,withdrawal,-176.73229880,409.44452146
1737294138097,sol,5453.18,withdrawal,-25.30049916,44.06629097
1737294638897,btc,3176785.03,buy,0.00923350,0.10474108
1737297463349,twd,1.0,withdrawal,-22631,4251871
1737301120971,doge,15.81,withdrawal,-109.28994177,300.15457969
1737310354418,usdc,32.58,withdrawal,-425.000000,7977.835200
1737314593237,eth,116047.92,deposit,1.30425264,2.12737008
1737331110595,usdt,32.36,buy,830.025160,22026.974716
1737331256373,btc,3178584.94,withdrawal,-0.02411682,0.08062426
1737333087275,usdt,32.35,deposit,2857.000000,24883.974716
1737333285875,usdc,32.59,sell,-2114.984492,5862.850708
1737336877077,eth,116139.6,withdrawal,-0.57338348,1.55398660
1737340276777,twd,1.0,deposit,50252,4344197
1737343579511,usdc,32.59,sell,-218.448012,5644.402696
1737345203270,doge,15.89,sell,-70.54106483,229.61351486
1737352739960,usdt,32.33,sell,-11209.001778,13674.972938
1737354965683,usdc,32.59,withdrawal,-175.000000,5469.402696
1737355641276,btc,3183062.3,buy,0.01075096,0.09137522
1737356986825,eth,116244.89,sell,-0.79154608,0.76244052
1737360353925,usdt,32.35,deposit,2551.000000,16225.972938
1737362119334,doge,15.84,buy,3032.16000696,3261.77352182
1737362642630,usdc,32.58,sell,-1682.340112,3787.062584
1737362795979,twd,1.0,withdrawal,-16176,4763239
1737363617740,sol,5468.59,buy,6.06464467,50.13093564
1737367817725,sol,5464.55,deposit,14.23532598,64.36626162
1737368933612,usdc,32.59,withdrawal,-272.000000,3515.062584
1737370809838,twd,1.0,withdrawal,-19654,4710420
1737382677470,sol,5461.25,buy,4.61158007,68.97784169
1737389239357,usdt,32.34,buy,679.330384,16905.303322
1737394758664,eth,116204.98,withdrawal,-0.13879323,0.62364729
1737402247688,sol,5470.63,deposit,4.71589163,73.69373332
1737403384788,usdt,32.34,buy,158.993697,17064.297019
1737410979148,doge,16.05,sell,-367.30141842,2894.47210340
1737416583088,twd,1.0,deposit,88131,4752151
1737418527043,doge,16.11,deposit,957.20472442,3851.67682782
1737421735456,twd,1.0,deposit,25002,4777153
1737421814716,btc,3179391.36,sell,-0.03812748,0.05324774
1737430693322,sol,5475.97,deposit,11.58034800,85.27408132
1737439643773,sol,5478.31,withdrawal,-11.80900176,73.46507956
1737441852842,usdt,32.36,buy,687.358544,17751.655563
1737449748953,doge,16.05,sell,-546.12973489,3305.54709293
1737453305211,usdc,32.61,deposit,1072.000000,4587.062584
1737453907079,usdc,32.6,buy,415.130603,5002.193187
1737459359303,doge,16.02,sell,-172.76035206,3132.78674087
1737463849187,sol,5481.81,sell,-15.79200817,57.67307139
1737464113921,sol,5481.87,sell,-7.31363638,50.35943501
1737464497075,doge,16.0,sell,-1113.81590939,2018.97083148
1737464695015,usdt,32.37,deposit,2903.000000,20654.655563
1737465107699,twd,1.0,deposit,106865,5125479
1737466067673,eth,116229.69,buy,0.24714093,0.87078822
1737468868100,usdt,32.37,deposit,2487.000000,23141.655563
1737473562928,btc,3178678.43,deposit,0.03180014,0.08504788
1737474082401,btc,3179549.58,buy,0.00197755,0.08702543
1737474436516,eth,116257.51,sell,-0.30931709,0.56147113
1737478207221,eth,116279.81,sell,-0.27981069,0.28166044
1737479509730,eth,116254.95,buy,0.14401135,0.42567179
1737479705169,sol,5482.12,buy,1.64328231,52.00271732
1737481177384,btc,3179893.24,deposit,0.02724615,0.11427158
1737482224092,btc,3180092.89,deposit,0.03278869,0.14706027
1737483480000,btc,3178737.01,sell,-0.03346082,0.11359945
1737483615765,doge,16.21,sell,-830.83660860,1188.13422288
1737488124224,usdt,32.4,withdrawal,-253.000000,22888.655563
1737489920700,doge,16.18,deposit,2207.68781287,3395.82203575
1737491308922,sol,5499.05,buy,3.45763239,55.46034971
1737491758879,usdt,32.41,sell,-8470.296884,14418.358679
1737492567575,btc,3179709.09,withdrawal,-0.00216555,0.11143390
1737493979168,sol,5499.17,sell,-30.80277325,24.65757646
1737504182840,usdc,32.58,sell,-1044.496255,3957.696932
1737506106978,eth,116432.49,buy,0.29346946,0.71914125
1737510204119,usdt,32.4,deposit,2933.000000,17351.358679
1737514383701,sol,5508.2,deposit,12.09326006,36.75083652
1737515753013,doge,16.27,buy,2233.19676083,5629.01879658
1737519772555,usdt,32.4,withdrawal,-250.000000,17101.358679
1737522473560,sol,5511.84,sell,-0.30447971,36.44635681
1737524895112,btc,3178310.49,buy,0.00231333,0.11374723
1737534819751,eth,116340.99,deposit,1.02315952,1.74230077
1737536521847,usdc,32.58,buy,853.273666,4810.970598
1737539347566,eth,116328.59,deposit,0.70830395,2.45060472
1737543263185,eth,116289.37,sell,-0.04834573,2.40225899
1737549031022,usdt,32.39,buy,514.362314,17615.720993
1737549289555,eth,116258.97,sell,-0.89836743,1.50389156
1737549426436,sol,5517.5,buy,5.42494729,41.87130410
1737549759429,usdt,32.39,sell,-3319.149172,14296.571821
1737554363999,usdc,32.59,buy,204.669810,5015.640408
1737554419723,usdt,32.4,withdrawal,-194.000000,14102.571821
1737555351655,doge,16.33,deposit,1177.48181541,6806.50061199
1737562867268,twd,1.0,deposit,141182,5913467
1737564631097,btc,3179342.19,withdrawal,-0.01732633,0.09642090
1737575828326,usdt,32.4,withdrawal,-247.000000,13855.571821
1737576422762,eth,116264.75,withdrawal,-0.14634879,1.35754277
1737579990335,btc,3178757.7,buy,0.00071342,0.09713432
1737580536936,btc,3179999.8,deposit,0.03951442,0.13664874
1737582409196,doge,16.32,deposit,839.11824895,7645.61886094
1737584079013,twd,1.0,withdrawal,-28346,5882854
1737586678470,usdt,32.4,deposit,1743.000000,15598.571821
1737589053353,twd,1.0,withdrawal,-27208,5855646
1737589434895,eth,116362.89,withdrawal,-0.07561915,1.28192362
1737589740148,usdc,32.57,withdrawal,-149.000000,4866.640408
1737590470566,usdc,32.57,sell,-824.119478,4042.520930
1737590802318,usdc,32.58,withdrawal,-338.000000,3704.520930
1737596246188,usdt,32.41,buy,930.108270,16528.680091
1737597268045,usdt,32.42,buy,194.518338,16723.198429
1737601006439,btc,3186154.92,sell,-0.04427204,0.09237670
1737601131305,usdt,32.44,sell,-9602.921875,7120.276554
1737608238350,usdt,32.44,sell,-3742.051634,3378.224920
1737611532740,btc,3189184.59,withdrawal,-0.01090179,0.08147491
1737617899164,sol,5554.22,sell,-20.27141576,21.59988834
1737624740497,sol,5556.61,buy,3.65206904,25.25195738
1737626324467,sol,5560.05,deposit,12.97998139,38.23193877
1737627916711,twd,1.0,deposit,79087,6591354
1737628038701,btc,3188521.73,deposit,0.00739945,0.08887436
1737633227276,sol,5577.27,sell,-13.34058433,24.89135444
1737637980825,btc,3190130.73,buy,0.01054428,0.09941864
1737645075249,doge,16.41,buy,2233.19528821,9878.81414915
1737646788554,usdc,32.56,buy,802.438717,4506.959647
1737648638573,usdt,32.47,deposit,773.000000,4151.224920
1737650897993,doge,16.45,deposit,2016.62297485,11895.43712400
1737651897251,usdt,32.46,withdrawal,-449.000000,3702.224920
1737653718164,twd,1.0,withdrawal,-10090,6559270
1737657541529,btc,3189126.16,buy,0.00450378,0.10392242
1737659945584,usdc,32.55,withdrawal,-160.000000,4346.959647
1737660952473,sol,5575.26,withdrawal,-5.25335910,19.63799534
1737664803678,usdt,32.46,deposit,660.000000,4362.224920
1737665042395,usdc,32.57,withdrawal,-117.000000,4229.959647
1737666994268,usdc,32.57,sell,-1633.723240,2596.236407
1737669298885,usdt,32.48,sell,-1260.390338,3101.834582
1737677868860,btc,3191921.58,withdrawal,-0.04017670,0.06374572
1737678683067,doge,16.6,deposit,2065.67078482,13961.10790882
1737682314243,eth,116406.53,deposit,0.43007735,1.71200097
1737703950692,twd,1.0,withdrawal,-14300,6624747
1737704102708,eth,116339.92,deposit,0.85889833,2.57089930
1737706989088,eth,116308.18,sell,-0.53261602,2.03828328
1737717712991,btc,3189704.98,deposit,0.03665558,0.10040130
1737732653448,sol,5561.74,sell,-9.44002950,10.19796584
1737735597943,doge,16.81,withdrawal,-1442.69767080,12518.41023802
1737738364131,usdc,32.59,sell,-985.642060,1610.594347
1737738742050,twd,1.0,deposit,59539,6830859
1737747380455,usdc,32.59,sell,-548.888702,1061.705645
1737749715569,usdt,32.5,sell,-128.376536,2973.458046
1737751144338,btc,3188762.1,withdrawal,-0.03395560,0.06644570
1737754620669,btc,3188174.73,withdrawal,-0.00706051,0.05938519
1737758487240,btc,3187376.68,sell,-0.01941832,0.03996687
1737760117518,sol,5565.14,withdrawal,-3.22740306,6.97056278
1737765595970,sol,5566.8,deposit,13.58788671,20.55844949
1737768829765,doge,16.85,deposit,2354.68446767,14873.09470569
1737769368057,eth,116436.4,withdrawal,-0.06446350,1.97381978
1737771067792,eth,116441.19,withdrawal,-0.75350105,1.22031873
1737780120000,sol,5569.35,sell,-2.10961716,18.44883233
1737782280000,btc,3189064.63,buy,0.00252649,0.04249336
1737783660000,btc,3189322.08,deposit,0.04635932,0.08885268
1737784440000,doge,16.85,deposit,294.74022116,15167.83492685
1737784772317,doge,16.89,withdrawal,-3219.24547738,11948.58944947
1737785480943,twd,1.0,withdrawal,-19729,6898777
1737785607422,eth,116413.83,withdrawal,-0.30992439,0.91039434
1737785700000,btc,3189478.92,buy,0.00499375,0.09384643
1737786300000,usdt,32.51,withdrawal,-177.000000,2796.458046
1737787140000,eth,116516.36,deposit,1.00635834,1.91675268
1737787354530,sol,5581.03,deposit,14.52426182,32.97309415
1737788941189,btc,3187409.48,deposit,0.04946736,0.14331379
1737789180000,usdt,32.52,withdrawal,-459.000000,2337.458046
1737789841952,doge,16.99,sell,-998.09467272,10950.49477675
1737790383853,usdt,32.52,sell,-672.106640,1665.351406
1737795351968,doge,16.99,buy,905.64818580,11856.14296255
1737796091891,doge,17.04,deposit,1078.69666739,12934.83962994
1737796292916,eth,116562.64,buy,0.19926927,2.11602195
1737798389371,usdc,32.61,deposit,670.000000,1731.705645
1737800052361,usdt,32.53,sell,-862.334440,803.016966
1737801356741,eth,116514.8,withdrawal,-0.27475821,1.84126374
1737805874678,usdc,32.6,sell,-199.064886,1532.640759
1737806631342,doge,17.16,deposit,1092.72429206,14027.56392200
1737806874289,usdt,32.53,withdrawal,-130.000000,673.016966
1737807827273,usdc,32.6,sell,-133.026967,1399.613792
1737810189597,usdt,32.54,buy,850.866721,1523.883687
1737812549415,doge,17.12,sell,-272.24796271,13755.31595929
1737812572449,usdt,32.52,buy,478.749385,2002.633072
1737816914506,eth,116550.57,buy,0.14470738,1.98597112
1737817167700,eth,116561.51,sell,-0.30826853,1.67770259
1737817548603,twd,1.0,deposit,54286,6956688
1737824006925,doge,17.21,withdrawal,-2835.96927646,10919.34668283
1737826388662,usdt,32.51,sell,-706.583039,1296.050033
1737829787187,usdc,32.6,sell,-220.911513,1178.702279
1737829828007,btc,3190686.52,withdrawal,-0.05720679,0.08610700
1737830603780,usdc,32.61,withdrawal,-79.000000,1099.702279
1737831882558,usdc,32.61,withdrawal,-252.000000,847.702279
1737832549676,doge,17.27,buy,2686.12081467,13605.46749750
1737840262627,doge,17.3,buy,199.81320891,13805.28070641
1737843776736,btc,3193967.77,sell,-0.01125955,0.07484745
1737848360544,sol,5604.94,deposit,14.33323246,47.30632661
1737852080979,doge,17.31,sell,-2559.69576910,11245.58493731
1737857348348,usdc,32.62,buy,521.561151,1369.263430
1737857735818,eth,116451.24,withdrawal,-0.38649700,1.29120559
1737858901493,sol,5596.75,buy,7.87624216,55.18256877
1737859162887,btc,3189244.08,sell,-0.02394756,0.05089989
1737864203415,doge,17.41,sell,-228.67425486,11016.91068245
1737864746191,usdc,32.62,buy,322.631240,1691.894670
1737868846990,sol,5614.28,buy,1.47469121,56.65725998
1737869773567,eth,116459.86,withdrawal,-0.09878299,1.19242260
1737878649613,sol,5621.48,sell,-4.10186020,52.55539978
1737880021959,doge,17.49,buy,1497.47411014,12514.38479259
1737881301684,doge,17.49,deposit,1531.79368338,14046.17847597
1737886723137,eth,116483.72,withdrawal,-0.19793002,0.99449258
1737887690993,btc,3186953.5,deposit,0.01841356,0.06931345
1737889597885,usdc,32.59,deposit,2486.000000,4177.894670
1737893486289,usdt,32.48,sell,-254.747755,1041.302278
1737894529362,sol,5621.52,sell,-24.09600560,28.45939418
1737897375692,btc,3187001.13,buy,0.00879848,0.07811193
1737898482439,sol,5621.32,sell,-13.33404706,15.12534712
1737898974426,btc,3185544.14,withdrawal,-0.00377790,0.07433403
1737913383788,btc,3186149.32,deposit,0.02755656,0.10189059
1737915116096,usdc,32.6,sell,-27.639157,4150.255513
1737921002832,doge,17.47,buy,1030.37884318,15076.55731915
1737929023979,doge,17.48,deposit,2122.15288509,17198.71020424
1737942553336,sol,5625.9,deposit,5.78981098,20.91515810
1737942581218,sol,5630.65,deposit,3.81103970,24.72619780
1737943764979,eth,116423.64,withdrawal,-0.05388311,0.94060947
1737944849128,eth,116473.69,withdrawal,-0.02497516,0.91563431
1737949410650,usdt,32.5,withdrawal,-88.000000,953.302278
1737955557277,usdc,32.58,deposit,835.000000,4985.255513
1737957903074,btc,3182595.73,deposit,0.04828221,0.15017280
1737957984172,btc,3183805.51,sell,-0.07230917,0.07786363
1737959575489,btc,3185011.71,sell,-0.01977390,0.05808973
1737961561962,usdc,32.58,buy,537.481898,5522.737411
1737963896593,sol,5643.56,withdrawal,-2.55087202,22.17532578
1737974140468,usdt,32.51,sell,-428.551670,524.750608
1737981269749,usdc,32.58,sell,-1401.420202,4121.317209
1737990959009,eth,116626.86,deposit,1.36377035,2.27940466
1737990989081,usdc,32.57,buy,1288.609473,5409.926682
1738001782765,usdt,32.48,withdrawal,-70.000000,454.750608
1738004343595,doge,17.57,deposit,1383.83091377,18582.54111801
1738004886563,doge,17.58,deposit,1817.41236970,20399.95348771
1738007646139,usdc,32.58,withdrawal,-58.000000,5351.926682
1738010892065,sol,5642.84,deposit,11.68081752,33.85614330
1738012192146,sol,5637.98,deposit,4.69815434,38.55429764
1738015675447,btc,3181730.02,buy,0.00398189,0.06207162
1738017693010,eth,116594.77,deposit,0.24615250,2.52555716
1738021792383,doge,17.65,deposit,1510.68271999,21910.63620770
1738023508681,sol,5639.61,withdrawal,-1.57481594,36.97948170
1738023591741,twd,1.0,deposit,101606,7570386
1738027670974,usdc,32.56,withdrawal,-453.000000,4898.926682
1738032850824,doge,17.63,sell,-2828.22254468,19082.41366302
1738038490917,twd,1.0,withdrawal,-10867,7609391
1738040609896,btc,3185129.7,buy,0.00821705,0.07028867
1738043614360,eth,116802.72,deposit,0.24140717,2.76696433
1738047063755,btc,3186090.95,deposit,0.04552397,0.11581264
1738053243684,btc,3185357.86,sell,-0.02124265,0.09456999
1738053289720,usdc,32.53,deposit,1238.000000,6136.926682
1738054525770,twd,1.0,withdrawal,-10930,7639954
1738054915985,sol,5657.13,deposit,14.33944317,51.31892487
1738060579378,doge,17.64,deposit,1287.75054202,20370.16420504
1738060805306,eth,116959.39,sell,-1.28893981,1.47802452
1738067260608,usdc,32.55,sell,-340.474655,5796.452027
1738073940000,usdc,32.54,buy,1123.893859,6920.345886
1738074660000,sol,5663.2,buy,6.03544330,57.35436817
1738075670528,usdc,32.54,sell,-1879.052562,5041.293324
1738076594461,sol,5666.72,deposit,4.97435123,62.32871940
1738077120000,eth,117045.66,withdrawal,-0.39418754,1.08383698
1738079520000,doge,17.57,deposit,2160.55401307,22530.71821811
1738081740000,btc,3185069.67,buy,0.00123007,0.09580006
1738082593653,usdc,32.52,withdrawal,-317.000000,4724.293324
1738083060000,usdc,32.53,withdrawal,-107.000000,4617.293324
1738083591138,usdc,32.53,deposit,1090.000000,5707.293324
1738084140000,twd,1.0,withdrawal,-16935,7771329
1738084920000,btc,3183493.49,sell,-0.00251277,0.09328729
1738086503115,usdc,32.52,buy,566.748816,6274.042140
1738087020000,usdt,32.52,sell,-148.262233,306.488375
1738087140000,btc,3185113.23,withdrawal,-0.01479775,0.07848954
1738088145038,btc,3184809.07,withdrawal,-0.02726060,0.05122894
1738088164927,doge,17.55,deposit,308.04233703,22838.76055514
1738088972593,doge,17.53,deposit,930.20036365,23768.96091879
1738090775465,twd,1.0,deposit,45739,7811457
1738091215283,doge,17.61,withdrawal,-3784.02412725,19984.93679154
1738107613059,usdt,32.53,buy,814.047814,1120.536189
1738107762160,eth,117399.43,sell,-0.43833410,0.64550288
1738110605632,eth,117409.51,withdrawal,-0.15715342,0.48834946
1738115341096,doge,17.69,withdrawal,-2429.79012948,17555.14666206
1738116587252,usdt,32.53,deposit,1727.000000,2847.536189
1738125304936,btc,3185147.19,buy,0.01564411,0.06687305
1738135905810,eth,117427.71,sell,-0.23248087,0.25586859
1738138799184,twd,1.0,withdrawal,-22816,7791088
1738141080758,usdt,32.54,withdrawal,-100.000000,2747.536189
1738141183928,sol,5660.76,deposit,7.12651152,69.45523092
1738144435308,sol,5657.12,sell,-10.05942817,59.39580275
1738144777706,eth,117436.5,buy,0.11833758,0.37420617
1738144843603,eth,117454.03,withdrawal,-0.12082375,0.25338242
1738159520468,eth,117401.47,withdrawal,-0.08535721,0.16802521
1738162347123,twd,1.0,withdrawal,-9511,7824587
1738163429833,usdt,32.56,sell,-843.686222,1903.849967
1738169395670,usdt,32.56,sell,-252.444901,1651.405066
1738169910874,twd,1.0,withdrawal,-9475,7850805
1738170054454,sol,5668.91,buy,1.25395231,60.64975506
1738176667169,sol,5664.66,deposit,13.45147453,74.10122959
1738187363208,usdc,32.58,sell,-2757.219058,3516.823082
1738190327923,eth,117270.74,withdrawal,-0.03310300,0.13492221
1738194493839,sol,5675.54,withdrawal,-13.65253180,60.44869779
1738195220680,usdc,32.57,withdrawal,-321.000000,3195.823082
1738198392450,usdt,32.56,deposit,2094.000000,3745.405066
1738199274813,doge,17.97,withdrawal,-1819.51768179,15735.62898027
1738204636633,usdc,32.57,sell,-286.018684,2909.804398
1738206103118,sol,5676.06,deposit,7.43957355,67.88827134
1738209936485,btc,3193594.0,sell,-0.03904280,0.02783025
1738210405132,doge,18.03,buy,222.48199046,15958.11097073
1738210464482,usdc,32.57,deposit,2246.000000,5155.804398
1738215745115,eth,117114.46,withdrawal,-0.05206476,0.08285745
1738216252422,usdt,32.58,withdrawal,-335.000000,3410.405066
1738218979629,twd,1.0,deposit,59873,8123402
1738223148439,usdc,32.57,sell,-1377.442560,3778.361838
1738224299222,doge,17.91,withdrawal,-5767.28703279,10190.82393794
1738234103687,btc,3198839.6,deposit,0.02215470,0.04998495
1738234968326,doge,17.99,buy,1074.15193563,11264.97587357
1738237502746,doge,17.98,buy,1199.73790684,12464.71378041
1738243168923,doge,18.03,sell,-1707.45709672,10757.25668369
1738243761405,eth,117055.1,buy,0.02912263,0.11198008
1738247604302,sol,5682.59,buy,3.26101600,71.14928734
1738255728654,doge,18.15,withdrawal,-1370.15218422,9387.10449947
1738256110861,doge,18.12,sell,-705.55223359,8681.55226588
1738256771139,btc,3203142.37,buy,0.01101053,0.06099548
1738262268311,sol,5686.71,withdrawal,-5.58662390,65.56266344
1738272604997,doge,18.12,deposit,1304.25821110,9985.81047698
1738273686835,twd,1.0,deposit,129971,8243699
1738282116178,eth,117054.0,withdrawal,-0.02189700,0.09008308
1738294131583,doge,18.18,buy,1492.33686594,11478.14734292
1738295014192,btc,3204336.3,deposit,0.04243538,0.10343086
1738299490856,btc,3204662.65,deposit,0.02408503,0.12751589
1738301019396,doge,18.25,sell,-3891.89475810,7586.25258482
1738303730200,doge,18.27,deposit,1285.58213399,8871.83471881
1738304021153,usdt,32.59,deposit,2687.000000,6097.405066
1738308812542,eth,117148.21,withdrawal,-0.03215950,0.05792358
1738308921814,usdc,32.56,withdrawal,-184.000000,3594.361838
1738311646612,sol,5700.41,sell,-21.85621435,43.70644909
1738319981821,btc,3205054.12,buy,0.00253835,0.13005424
1738321298155,btc,3205092.67,buy,0.01051708,0.14057132
1738322427833,sol,5698.22,deposit,10.78340969,54.48985878
1738324793288,usdt,32.59,buy,320.814377,6418.219443
1738325162243,twd,1.0,withdrawal,-12839,8347050
1738325660023,eth,117254.57,buy,0.16923943,0.22716301
1738330126800,doge,18.44,sell,-3488.25483509,5383.57988372
1738331090053,usdc,32.53,withdrawal,-485.000000,3109.361838
1738336956561,twd,1.0,deposit,106818,8498338
1738337680617,btc,3204665.71,buy,0.01052377,0.15109509
1738339949795,usdt,32.57,buy,1173.815044,7592.034487
1738340123943,btc,3205864.17,sell,-0.07576696,0.07532813
1738341967724,usdc,32.53,buy,1130.064141,4239.425979
1738342243751,eth,117132.3,withdrawal,-0.07069454,0.15646847
1738345278415,eth,117115.81,sell,-0.06744284,0.08902563
1738348982882,usdt,32.57,withdrawal,-460.000000,7132.034487
1738351180276,twd,1.0,withdrawal,-6990,8633420
1738354642168,sol,5711.86,buy,4.53485053,59.02470931
1738355353211,usdt,32.55,buy,1118.548237,8250.582724
1738358244579,usdt,32.56,deposit,3000.000000,11250.582724
1738358672864,eth,117151.39,buy,0.10486946,0.19389509
1738361974244,sol,5704.27,buy,8.08277850,67.10748781
1738365848495,btc,3204251.13,deposit,0.03934911,0.11467724
1738368565810,eth,117065.25,deposit,0.65278617,0.84668126
1738368840825,doge,18.28,deposit,581.56253174,5965.14241546
1738370194086,btc,3203542.17,sell,-0.02171251,0.09296473
1738380602866,btc,3202903.05,buy,0.01009031,0.10305504
1738381879182,usdc,32.51,sell,-1948.874198,2290.551781
1738383867858,doge,18.23,buy,436.23676152,6401.37917698
1738385328418,usdt,32.53,buy,1005.449327,12256.032051
1738388520000,eth,117169.95,buy,0.04090889,0.88759015
1738390080000,usdc,32.51,sell,-682.796148,1607.755633
1738390320000,usdc,32.51,sell,-933.474706,674.280927
1738390347057,usdt,32.55,sell,-6072.968056,6183.063995
1738392360000,twd,1.0,withdrawal,-20923,8797154
1738392364571,eth,117224.16,buy,0.37367675,1.26126690
1738392960000,usdc,32.53,deposit,1260.000000,1934.280927
1738393560000,doge,18.25,sell,-1977.05121904,4424.32795794
1738395000000,usdc,32.55,sell,-524.734423,1409.546504
1738395426428,eth,117326.52,sell,-0.67202262,0.58924428
1738397580000,usdt,32.52,withdrawal,-152.000000,6031.063995
1738400160000,eth,117255.09,withdrawal,-0.15475485,0.43448943
1738400935187,sol,5719.31,buy,8.56418408,75.67167189
1738401373549,usdt,32.51,deposit,1619.000000,7650.063995
1738401600000,eth,117159.39,sell,-0.10739284,0.32709659
1738404060000,doge,18.39,buy,663.93062840,5088.25858634
1738404600000,usdt,32.53,sell,-3491.360582,4158.703413
1738406760000,btc,3204500.59,buy,0.00665138,0.10970642
1738407774234,sol,5718.73,withdrawal,-1.49789543,74.17377646
1738408918872,doge,18.44,withdrawal,-86.31269807,5001.94588827
1738409400000,usdc,32.56,deposit,644.000000,2053.546504
1738409662957,sol,5719.07,sell,-17.39266698,56.78110948
1738410420000,usdt,32.53,sell,-167.197739,3991.505674
1738411723047,doge,18.42,withdrawal,-1718.80352071,3283.14236756
1738412100000,sol,5719.57,deposit,14.33214551,71.11325499
1738413300000,btc,3205871.14,buy,0.00261475,0.11232117
1738414260000,usdt,32.51,withdrawal,-174.000000,3817.505674
1738415580000,btc,3207541.01,withdrawal,-0.00899782,0.10332335
1738417320000,usdt,32.5,withdrawal,-135.000000,3682.505674
1738417560000,sol,5708.03,deposit,9.22280793,80.33606292
1738418400000,btc,3208493.24,buy,0.00415570,0.10747905
1738419177570,usdc,32.57,buy,818.732684,2872.279188
1738419519121,doge,18.39,withdrawal,-640.57257097,2642.56979659
1738422578460,btc,3207482.05,withdrawal,-0.02711059,0.08036846
1738425666245,usdt,32.52,sell,-1680.568825,2001.936849
1738431973638,eth,117172.8,sell,-0.17640892,0.15068767
1738432500043,usdc,32.59,deposit,1740.000000,4612.279188
1738433577787,sol,5724.91,sell,-32.25868082,48.07738210
1738438453229,doge,18.4,buy,2123.97443689,4766.54423348
1738440605022,btc,3210082.31,withdrawal,-0.02401254,0.05635592
1738447635088,btc,3210375.24,deposit,0.01710995,0.07346587
1738449143302,usdt,32.52,deposit,1498.000000,3499.936849
1738450443222,usdt,32.52,withdrawal,-291.000000,3208.936849
1738452229441,eth,117165.78,withdrawal,-0.04093335,0.10975432
1738454930591,usdc,32.6,sell,-1122.899135,3489.380053
1738455158587,btc,3210036.37,deposit,0.01894684,0.09241271
1738457656869,btc,3209589.81,deposit,0.02299137,0.11540408
1738469278336,sol,5714.43,deposit,9.28518316,57.36256526
1738470086349,btc,3208656.29,withdrawal,-0.01509023,0.10031385
1738474256256,doge,18.64,buy,191.38898725,4957.93322073
1738478978602,btc,3209131.58,deposit,0.02824059,0.12855444
1738480256098,eth,117126.92,sell,-0.05717257,0.05258175
1738485842041,usdc,32.58,withdrawal,-365.000000,3124.380053
1738487629956,eth,117114.33,deposit,0.44420087,0.49678262
1738489703752,usdc,32.59,sell,-713.120602,2411.259451
1738493030771,doge,18.63,withdrawal,-320.59297815,4637.34024258
1738496819787,twd,1.0,withdrawal,-14531,9254893
1738500760563,usdt,32.54,sell,-1373.559242,1835.377607
1738508431405,btc,3209694.85,deposit,0.00574900,0.13430344
1738514796630,sol,5723.8,buy,1.80603461,59.16859987
1738515599275,eth,117069.54,buy,0.03126543,0.52804805
1738524539779,btc,3209106.66,sell,-0.01486483,0.11943861
1738525213244,usdc,32.6,buy,1350.216333,3761.475784
1738530892623,eth,117006.34,buy,0.38948169,0.91752974
1738532157573,sol,5734.23,sell,-17.26825072,41.90034915
1738540993303,doge,18.7,buy,1342.81133993,5980.15158251
1738545424145,btc,3207234.57,withdrawal,-0.00980462,0.10963399
1738547880030,sol,5725.66,deposit,2.72219740,44.62254655
1738548784446,btc,3208203.39,deposit,0.04849162,0.15812561
1738549368250,btc,3207683.61,deposit,0.02280490,0.18093051
1738549860461,sol,5729.66,deposit,9.94429337,54.56683992
1738550903870,btc,3207537.52,sell,-0.03085183,0.15007868
1738555028658,doge,18.78,withdrawal,-1428.61200962,4551.53957289
1738559948061,sol,5734.18,sell,-18.81588319,35.75095673
1738561454201,sol,5731.11,withdrawal,-9.19526156,26.55569517
1738564996003,twd,1.0,withdrawal,-26003,9498458
1738568062131,doge,18.8,buy,900.48910006,5452.02867295
1738568806190,eth,116905.73,buy,0.07447298,0.99200272
1738569399281,eth,116880.32,sell,-0.12520420,0.86679852
1738571539709,usdt,32.54,sell,-23.048222,1812.329385
1738571740809,twd,1.0,withdrawal,-22737,9465469
1738572090335,btc,3210205.45,deposit,0.03787519,0.18795387
1738582717526,usdc,32.59,deposit,1429.000000,5190.475784
1738584940782,eth,116977.75,buy,0.25569742,1.12249594
1738587041227,usdc,32.6,withdrawal,-152.000000,5038.475784
1738590588039,usdt,32.54,withdrawal,-228.000000,1584.329385
1738592450585,btc,3210154.0,sell,-0.00155774,0.18639613
1738604212078,btc,3211297.6,sell,-0.02173545,0.16466068
1738609260850,eth,116968.79,withdrawal,-0.32803484,0.79446110
1738619337161,btc,3209798.87,deposit,0.03755704,0.20221772
1738628056481,eth,117011.85,sell,-0.26384844,0.53061266
1738628064395,usdc,32.6,buy,659.812087,5698.287871
1738638340388,eth,117024.5,deposit,0.72201941,1.25263207
1738642675954,sol,5770.55,sell,-5.12508852,21.43060665
1738646316112,sol,5772.93,deposit,3.22035510,24.65096175
1738647278327,btc,3206280.66,buy,0.01176561,0.21398333
1738650656015,btc,3206008.24,withdrawal,-0.05132455,0.16265878
1738652123723,btc,3206426.35,sell,-0.05549748,0.10716130
1738654835745,usdc,32.58,buy,839.021835,6537.309706
1738657103027,eth,117027.63,buy,0.07952256,1.33215463
1738660958620,sol,5773.5,sell,-1.44738658,23.20357517
1738665496223,eth,116994.96,buy,0.04765222,1.37980685
1738678750899,btc,3207273.5,sell,-0.04336637,0.06379493
1738682462558,usdt,32.53,deposit,2089.000000,3673.329385
1738687903616,sol,5774.94,withdrawal,-2.09393471,21.10964046
1738687927783,usdc,32.58,sell,-33.628956,6503.680750
1738688019490,usdt,32.54,buy,1385.651718,5058.981103
1738697620478,usdc,32.58,buy,34.596677,6538.277427
1738703795968,usdc,32.57,deposit,1221.000000,7759.277427
1738704550795,sol,5773.8,sell,-4.67667790,16.43296256
1738705120213,btc,3211047.58,sell,-0.01707180,0.04672313
1738707240243,eth,117189.64,withdrawal,-0.03580597,1.34400088
1738708972093,eth,117144.6,deposit,0.68888740,2.03288828
1738712450870,doge,18.84,deposit,1804.00065232,7256.02932527
1738712624327,usdt,32.52,buy,385.807307,5444.788410
1738721801201,usdc,32.58,withdrawal,-391.000000,7368.277427
1738726008504,btc,3211936.55,deposit,0.03506859,0.08179172
1738726476532,twd,1.0,withdrawal,-13776,9805127
1738740029575,doge,18.84,sell,-2554.78053966,4701.24878561
1738740386373,doge,18.85,buy,2434.03232150,7135.28110711
1738743030822,sol,5797.37,withdrawal,-2.78691470,13.64604786
1738743656341,sol,5794.1,deposit,9.67840708,23.32445494
1738753211288,sol,5790.36,buy,5.62242726,28.94688220
1738755215343,usdt,32.49,buy,1227.559373,6672.347783
1738761166269,usdt,32.49,deposit,2746.000000,9418.347783
1738765392974,usdt,32.49,sell,-2779.165823,6639.181960
1738767404765,doge,19.01,deposit,1760.95654041,8896.23764752
1738774900573,doge,19.02,buy,2016.49769682,10912.73534434
1738779233780,eth,117178.97,deposit,0.10996243,2.14285071
1738779598486,usdt,32.51,deposit,2618.000000,9257.181960
1738793611552,twd,1.0,withdrawal,-6129,9780755
1738794320484,usdt,32.52,deposit,2424.000000,11681.181960
1738794481176,usdt,32.51,buy,1466.042267,13147.224227
1738796271199,usdt,32.5,buy,648.044681,13795.268908
1738800028485,btc,3215274.73,sell,-0.04305869,0.03873303
1738803758629,usdc,32.55,deposit,2425.000000,9793.277427
1738805876560,usdt,32.5,deposit,2340.000000,16135.268908
1738813468244,twd,1.0,withdrawal,-24198,9826275
1738814373614,sol,5822.29,withdrawal,-8.76676552,20.18011668
1738816074148,sol,5817.77,sell,-11.85964840,8.32046828
1738816346143,twd,1.0,withdrawal,-13561,9881711
1738820598832,usdc,32.55,withdrawal,-226.000000,9567.277427
1738821014152,doge,19.32,withdrawal,-153.01234637,10759.72299797
1738822975129,sol,5818.0,buy,4.47537683,12.79584511
1738829979437,twd,1.0,withdrawal,-13828,9841845
1738831581187,usdt,32.54,sell,-3829.179526,12306.089382
1738834712357,btc,3213032.11,buy,0.00241868,0.04115171
1738835940000,eth,117100.46,withdrawal,-0.65408867,1.48876204
1738836000000,usdc,32.56,buy,633.275351,10200.552778
1738836142732,doge,19.36,deposit,2011.70713667,12771.43013464
1738837454791,usdt,32.56,withdrawal,-284.000000,12022.089382
1738837740000,sol,5816.56,withdrawal,-0.71547975,12.08036536
1738840140000,doge,19.32,withdrawal,-1300.66461086,11470.76552378
1738840586501,usdc,32.56,buy,1493.011754,11693.564532
1738855979385,doge,19.3,sell,-1994.36814867,9476.39737511
1738862988369,usdt,32.57,sell,-6721.013674,5301.075708
1738867296522,btc,3213310.11,deposit,0.04100394,0.08215565
1738869125921,usdt,32.56,sell,-1744.227192,3556.848516
1738869993468,doge,19.33,buy,718.13636269,10194.53373780
1738872795258,eth,117343.39,deposit,0.55076912,2.03953116
1738875414606,eth,117364.49,sell,-0.42793759,1.61159357
1738880630243,sol,5833.14,deposit,11.57845115,23.65881651
1738880965447,eth,117374.51,deposit,0.34839293,1.95998650
1738889513088,doge,19.32,buy,2193.97599002,12388.50972782
1738889745252,btc,3217230.49,withdrawal,-0.00109519,0.08106046
1738892370252,sol,5839.37,deposit,4.54014161,28.19895812
1738893148950,sol,5838.18,withdrawal,-5.73095583,22.46800229
1738895864660,sol,5836.16,sell,-2.93382815,19.53417414
1738898279855,btc,3218868.99,sell,-0.01962180,0.06143866
1738900981971,eth,117577.58,sell,-0.09919776,1.86078874
1738903205824,btc,3218007.57,deposit,0.04547513,0.10691379
1738905415725,usdt,32.56,deposit,933.000000,4489.848516
1738910997993,doge,19.21,buy,200.31405165,12588.82377947
1738912048553,twd,1.0,deposit,44864,10330593
1738913095885,usdc,32.57,withdrawal,-264.000000,11429.564532
1738915216431,usdt,32.56,sell,-640.296354,3849.552162
1738916279168,sol,5838.94,withdrawal,-1.54272990,17.99144424
1738921061484,usdt,32.56,deposit,2406.000000,6255.552162
1738927324972,eth,117521.87,buy,0.23751507,2.09830381
1738929200466,usdc,32.59,deposit,2955.000000,14384.564532
1738932998441,eth,117549.58,buy,0.13014421,2.22844802
1738933544425,eth,117600.64,deposit,0.44579300,2.67424102
1738934287767,btc,3216119.15,withdrawal,-0.00680692,0.10010687
1738948301418,btc,3214923.49,withdrawal,-0.03379923,0.06630764
1738948573450,sol,5839.94,deposit,8.39268427,26.38412851
1738957743507,doge,19.36,buy,1257.62756673,13846.45134620
1738961009841,eth,117608.85,deposit,0.94441908,3.61866010
1738963096960,twd,1.0,withdrawal,-28323,10255563
1738969195592,eth,117580.49,buy,0.09746414,3.71612424
1738972662930,usdt,32.59,buy,91.242018,6346.794180
1738983564124,eth,117656.43,withdrawal,-0.20481588,3.51130836
1738983707497,doge,19.36,buy,1760.70845079,15607.15979699
1738984739762,twd,1.0,withdrawal,-21913,10185128
1738984947725,sol,5843.54,withdrawal,-2.34215849,24.04197002
1738985884700,usdt,32.59,buy,1142.530394,7489.324574
1738990736533,doge,19.51,deposit,494.71730019,16101.87709718
1738996954614,sol,5841.51,sell,-4.65484023,19.38712979
1739004200226,usdt,32.59,sell,-3898.076730,3591.247844
1739005061830,usdc,32.6,buy,1254.621813,15639.186345
1739006563688,doge,19.5,buy,1458.61501054,17560.49210772
1739012024455,doge,19.48,withdrawal,-901.74593454,16658.74617318
1739015570971,usdc,32.6,withdrawal,-223.000000,15416.186345
1739015720581,doge,19.45,buy,2470.10610383,19128.85227701
1739016155835,eth,117709.04,withdrawal,-0.32570558,3.18560278
1739018583360,eth,117709.92,buy,0.25282605,3.43842883
1739022305026,usdt,32.61,buy,421.859942,4013.107786
1739026452198,doge,19.37,withdrawal,-6657.15815770,12471.69411931
1739042224445,btc,3215192.38,sell,-0.02360662,0.04270102
1739042832015,usdt,32.6,withdrawal,-85.000000,3928.107786
1739043058447,eth,117674.89,buy,0.18890834,3.62733717
1739045007984,btc,3216057.0,withdrawal,-0.01642791,0.02627311
1739045675722,btc,3214863.1,withdrawal,-0.00440328,0.02186983
1739055422072,usdt,32.61,buy,635.021022,4563.128808
1739064009478,eth,117593.87,sell,-1.63533730,1.99199987
1739067663583,twd,1.0,withdrawal,-10552,10355943
1739078882486,doge,19.4,deposit,291.12342471,12762.81754402
1739080367266,usdt,32.6,withdrawal,-237.000000,4326.128808
1739085803290,eth,117522.71,buy,0.32628912,2.31828899
1739091012051,usdc,32.67,sell,-1959.161071,13457.025274
1739092282806,twd,1.0,deposit,149418,10531012
1739094016506,btc,3214680.15,sell,-0.00449680,0.01737303
1739095299983,usdt,32.6,sell,-2590.225438,1735.903370
1739101200349,eth,117426.11,deposit,1.17658150,3.49487049
1739102231792,btc,3214238.05,withdrawal,-0.00209463,0.01527840
1739103155076,usdc,32.66,withdrawal,-106.000000,13351.025274
1739108018812,eth,117484.82,buy,0.28759379,3.78246428
1739110680933,usdt,32.58,sell,-855.734803,880.168567
1739137862558,btc,3215428.51,withdrawal,-0.00155346,0.01372494
1739138777145,twd,1.0,withdrawal,-11101,10612902
1739149072261,btc,3215892.55,deposit,0.00783663,0.02156157
1739151011412,doge,19.59,withdrawal,-3936.47433851,8826.34320551
1739169304487,doge,19.62,sell,-3391.03395119,5435.30925432
1739172774848,sol,5858.28,buy,4.67914403,24.06627382
1739172910993,doge,19.54,buy,2154.04377137,7589.35302569
1739174335642,btc,3216409.99,withdrawal,-0.00114302,0.02041855
1739174362929,twd,1.0,deposit,89713,10699636
1739176905530,doge,19.47,deposit,1452.25153715,9041.60456284
1739177369521,eth,117397.77,buy,0.37391459,4.15637887
1739178204027,sol,5866.76,withdrawal,-4.67903788,19.38723594
1739183130140,eth,117430.83,withdrawal,-0.88698567,3.26939320
1739186034937,eth,117477.37,buy,0.42291863,3.69231183
1739188943359,doge,19.58,buy,225.74578080,9267.35034364
1739190764315,sol,5857.41,deposit,13.27836548,32.66560142
1739191623436,usdc,32.67,sell,-5934.659597,7416.365677
1739200864210,usdc,32.68,withdrawal,-129.000000,7287.365677
1739202933259,usdt,32.62,withdrawal,-155.000000,725.168567
1739210952501,usdc,32.68,buy,1042.841879,8330.207556
1739220113429,twd,1.0,deposit,39629,10801088
1739221172541,twd,1.0,withdrawal,-27483,10773605
1739224512532,usdc,32.68,sell,-242.245128,8087.962428
1739224945679,eth,117437.96,withdrawal,-0.25909306,3.43321877
1739225222801,btc,3223212.58,deposit,0.02121971,0.04163826
1739231998477,usdc,32.69,sell,-518.871328,7569.091100
1739236340332,sol,5846.02,buy,5.29128455,37.95688597
1739240360520,usdc,32.68,deposit,2306.000000,9875.091100
1739242011862,doge,19.61,sell,-5435.98668885,3831.36365479
1739244546151,sol,5837.84,sell,-18.85882161,19.09806436
1739246978967,sol,5840.72,deposit,10.52550525,29.62356961
1739247090180,doge,19.58,buy,1514.93843349,5346.30208828
1739248551695,usdt,32.64,withdrawal,-253.000000,472.168567
1739250639347,usdc,32.68,sell,-5560.912348,4314.178752
1739254684033,usdt,32.63,sell,-84.638722,387.529845
1739255381852,sol,5851.61,buy,2.33527577,31.95884538
1739261924978,doge,19.5,deposit,877.51710416,6223.81919244
1739261941147,sol,5853.42,buy,4.62751088,36.58635626
1739263384406,usdt,32.62,buy,1355.959135,1743.488980
1739263442799,usdc,32.69,sell,-188.229387,4125.949365
1739264173662,eth,117423.85,deposit,0.25312385,3.68634262
1739264518103,usdc,32.7,buy,883.116415,5009.065780
1739265510293,doge,19.58,buy,1277.31997115,7501.13916359
1739271600000,sol,5859.99,sell,-18.70333969,17.88301657
1739272445260,sol,5858.63,sell,-3.59107863,14.29193794
1739277807252,sol,5860.15,buy,1.49989902,15.79183696
1739279597277,usdc,32.71,sell,-120.526764,4888.539016
1739279653058,usdt,32.6,withdrawal,-378.000000,1365.488980
1739280195126,sol,5857.6,sell,-4.35851612,11.43332084
1739292059323,usdt,32.6,buy,705.722614,2071.211594
1739292203634,sol,5862.69,withdrawal,-3.15776848,8.27555236
1739302806294,btc,3220240.82,sell,-0.00192826,0.03971000
1739313952560,usdc,32.72,sell,-2072.239972,2816.299044
1739314687989,usdc,32.71,deposit,616.000000,3432.299044
1739321204264,doge,19.66,buy,1250.44743004,8751.58659363
1739326630226,sol,5861.35,sell,-1.41129628,6.86425608
1739327639077,eth,117703.05,sell,-0.31223388,3.37410874
1739328289836,btc,3217253.47,withdrawal,-0.01363547,0.02607453
1739329092835,usdc,32.69,sell,-2019.572622,1412.726422
1739333184894,eth,117715.39,buy,0.22523879,3.59934753
1739336831699,usdc,32.69,deposit,2711.000000,4123.726422
1739339046921,twd,1.0,withdrawal,-5144,11263512
1739348264030,usdc,32.69,withdrawal,-85.000000,4038.726422
1739348304769,eth,117770.55,withdrawal,-0.03439775,3.56494978
1739348429062,btc,3217499.09,sell,-0.01204038,0.01403415
1739351798207,usdc,32.72,withdrawal,-370.000000,3668.726422
1739364240000,usdt,32.56,deposit,1049.000000,3120.211594
1739365209431,sol,5879.63,buy,2.22153770,9.08579378
1739370015224,doge,19.64,withdrawal,-1599.68897507,7151.89761856
1739378117409,doge,19.63,sell,-3755.01532030,3396.88229826
1739389324562,usdt,32.57,deposit,2088.000000,5208.211594
1739390586330,sol,5878.83,sell,-1.35408155,7.73171223
1739391357561,sol,5882.87,sell,-0.98470529,6.74700694
1739393791111,eth,117920.26,sell,-1.67428601,1.89066377
1739395789933,doge,19.78,withdrawal,-544.54455574,2852.33774252
1739397542624,eth,117972.44,buy,0.29543527,2.18609904
1739399927199,usdc,32.72,withdrawal,-455.000000,3213.726422
1739409529646,eth,117960.96,buy,0.19229442,2.37839346
1739413214447,btc,3215419.42,deposit,0.03018986,0.04422401
1739414559807,doge,19.93,withdrawal,-1032.45170968,1819.88603284
1739417319557,sol,5898.37,withdrawal,-0.59070501,6.15630193
1739423759038,sol,5899.47,buy,2.49017293,8.64647486
1739426092851,doge,19.98,deposit,2478.18478968,4298.07082252
1739427086257,sol,5908.42,sell,-4.57946089,4.06701397
1739429186255,btc,3213554.53,buy,0.00052370,0.04474771
1739431263083,eth,117988.69,sell,-0.83175945,1.54663401
1739431549726,usdt,32.59,buy,993.703268,6201.914862
1739437852976,btc,3211048.54,deposit,0.00898861,0.05373632
1739438367151,doge,19.95,sell,-1165.56821234,3132.50261018
1739438586075,sol,5921.86,buy,0.38618522,4.45319919
1739440949711,usdc,32.73,sell,-1247.174278,1966.552144
1739442790357,doge,19.88,sell,-1807.47313981,1325.02947037
1739449996903,doge,19.87,sell,-442.23334961,882.79612076
1739453464522,eth,118089.06,withdrawal,-0.03317127,1.51346274
1739458781244,usdc,32.72,buy,782.067281,2748.619425
1739460914596,eth,118103.38,deposit,0.32904605,1.84250879
1739470156914,btc,3212458.49,buy,0.01459552,0.06833184
1739471595262,doge,19.92,sell,-96.05396294,786.74215782
1739472186221,btc,3212847.31,sell,-0.02013724,0.04819460
1739476494112,usdc,32.69,deposit,754.000000,3502.619425
1739485822120,sol,5931.94,withdrawal,-0.70939574,3.74380345
1739486472473,sol,5936.55,withdrawal,-1.44832920,2.29547425
1739487595785,sol,5938.01,sell,-0.76880710,1.52666715
1739487808355,eth,117986.51,deposit,0.88506536,2.72757415
1739489182033,usdc,32.69,buy,1478.597976,4981.217401
1739493106744,sol,5935.35,withdrawal,-0.55101857,0.97564858
1739493870361,btc,3218250.49,deposit,0.04548039,0.09367499
1739494193353,eth,117957.59,deposit,0.60353191,3.33110606
1739496760024,btc,3218615.34,sell,-0.00640254,0.08727245
1739499777650,doge,19.97,deposit,1674.87118033,2461.61333815
1739506824910,usdt,32.59,withdrawal,-111.000000,6090.914862
1739509004820,btc,3217699.57,withdrawal,-0.00856336,0.07870909
1739523561663,usdt,32.58,buy,273.257896,6364.172758
1739523778169,usdc,32.7,buy,1288.918283,6270.135684
1739523802125,btc,3218661.58,sell,-0.01094874,0.06776035
1739530140000,usdc,32.71,buy,322.408069,6592.543753
1739530732839,btc,3216310.15,withdrawal,-0.00606403,0.06169632
1739535548590,doge,20.04,withdrawal,-320.98508375,2140.62825440
1739537569551,usdt,32.58,deposit,591.000000,6955.172758
1739540375096,usdc,32.71,buy,963.231766,7555.775519
1739546997434,usdt,32.58,buy,379.622695,7334.795453
1739548887184,twd,1.0,withdrawal,-12711,11587499
1739558485568,twd,1.0,withdrawal,-12242,11575257
1739562398467,usdc,32.7,sell,-1903.642940,5652.132579
1739566430373,doge,19.93,deposit,1749.21445311,3889.84270751
1739567604053,doge,19.95,buy,2143.44859956,6033.29130707
1739567610151,eth,117839.84,buy,0.30289842,3.63400448
1739570730337,eth,117886.98,deposit,0.52817323,4.16217771
1739572962288,doge,19.99,deposit,2205.84524202,8239.13654909
1739575460607,usdc,32.67,deposit,2774.000000,8426.132579
1739576071562,usdt,32.6,sell,-402.203383,6932.592070
1739579190288,doge,20.0,sell,-2056.86804884,6182.26850025
1739583362231,sol,5957.58,sell,-0.53801460,0.43763398
1739585805729,doge,20.03,deposit,1707.87276629,7890.14126654
1739590059019,doge,20.02,sell,-3477.29991053,4412.84135601
1739592589344,usdc,32.68,withdrawal,-352.000000,8074.132579
1739593241893,doge,20.11,buy,577.85489830,4990.69625431
1739594163659,btc,3214901.0,withdrawal,-0.00509814,0.05659818
1739596195580,usdt,32.61,buy,1125.572642,8058.164712
1739600539583,usdc,32.66,buy,958.191876,9032.324455
1739608964224,usdc,32.66,deposit,1855.000000,10887.324455
1739609241164,sol,5963.79,deposit,3.44639165,3.88402563
1739609466901,usdt,32.62,buy,266.317569,8324.482281
1739611161249,usdc,32.66,withdrawal,-130.000000,10757.324455
1739613861813,doge,20.05,buy,2355.42956312,7346.12581743
1739621049549,eth,118095.39,buy,0.36638959,4.52856730
1739623104147,sol,5970.08,buy,2.88380252,6.76782815
1739623694064,usdt,32.64,buy,1519.332906,9843.815187
1739626711633,doge,20.05,deposit,754.43149840,8100.55731583
1739631832950,eth,118075.56,withdrawal,-1.75279164,2.77577566
1739633388231,usdt,32.63,sell,-4122.767717,5721.047470
1739637376766,usdt,32.63,withdrawal,-187.000000,5534.047470
1739642582320,btc,3218393.11,sell,-0.03347238,0.02312580
1739646242118,eth,118043.24,deposit,0.41273013,3.18850579
1739655560184,eth,118065.7,withdrawal,-1.02984581,2.15865998
1739673014054,twd,1.0,deposit,87426,11770191
1739675276574,sol,5972.26,withdrawal,-2.35471131,4.41311684
1739676879631,sol,5977.7,withdrawal,-1.63079157,2.78232527
1739682730713,usdc,32.69,buy,940.388917,11697.713372
1739684433701,sol,5979.15,buy,6.55295656,9.33528183
1739684958613,eth,118040.95,buy,0.28119160,2.43985158
1739697124202,doge,20.28,sell,-3325.80875165,4774.74856418
1739699614389,btc,3218950.59,sell,-0.00924970,0.01387610
1739701667163,eth,117953.43,buy,0.14229358,2.58214516
1739701993995,usdc,32.69,deposit,2555.000000,14252.713372
1739707550262,doge,20.32,sell,-1578.88410465,3195.86445953
1739707565994,usdt,32.64,buy,179.425044,5713.472514
1739708728208,usdt,32.63,buy,738.692550,6452.165064
1739710025981,eth,117830.34,sell,-0.53948048,2.04266468
1739711053565,btc,3217804.96,withdrawal,-0.00276804,0.01110806
1739719980015,btc,3218767.82,withdrawal,-0.00417335,0.00693471
1739720003501,eth,117784.11,deposit,0.69366574,2.73633042
1739722229033,sol,5989.02,buy,7.35847244,16.69375427
1739722717418,twd,1.0,deposit,85972,11855094
1739725065791,sol,5990.2,deposit,5.77842485,22.47217912
1739730511907,btc,3216609.45,deposit,0.04115439,0.04808910
1739737744016,btc,3215499.76,deposit,0.01564071,0.06372981
1739737985226,btc,3216962.4,sell,-0.00860372,0.05512609
1739740121506,sol,5996.08,sell,-4.07840048,18.39377864
1739743765423,usdt,32.64,sell,-998.585221,5453.579843
1739752325528,sol,5992.84,buy,4.61192642,23.00570506
1739753041598,usdc,32.68,withdrawal,-452.000000,13800.713372
1739753246146,usdt,32.65,deposit,2261.000000,7714.579843
1739755841445,btc,3216793.27,sell,-0.02924897,0.02587712
1739757338586,doge,20.29,sell,-1076.28590562,2119.57855391
1739757401158,btc,3214866.82,withdrawal,-0.00988333,0.01599379
1739757450833,twd,1.0,deposit,104454,12132566
1739761175610,usdc,32.65,withdrawal,-449.000000,13351.713372
1739764944050,sol,5994.57,buy,0.21097984,23.21668490
1739766029918,btc,3215504.11,withdrawal,-0.00122184,0.01477195
1739768479981,eth,117699.6,withdrawal,-0.74627953,1.99005089
1739768692613,sol,5993.68,deposit,11.21459716,34.43128206
1739769773380,usdt,32.67,buy,558.508756,8273.088599
1739769860106,usdc,32.64,deposit,2727.000000,16078.713372
1739775382271,btc,3216811.25,withdrawal,-0.00548957,0.00928238
1739778731148,usdt,32.67,buy,650.828085,8923.916684
1739782462977,btc,3216772.03,buy,0.01410582,0.02338820
1739784150480,usdt,32.67,deposit,2768.000000,11691.916684
1739787882119,eth,117788.18,sell,-0.40230592,1.58774497
1739791698959,sol,5998.56,deposit,7.03020183,41.46148389
1739796209513,doge,20.6,deposit,1835.80418471,3955.38273862
1739797990487,btc,3219434.29,deposit,0.03044983,0.05383803
1739799397723,btc,3219391.26,deposit,0.03165736,0.08549539
1739799992527,doge,20.5,sell,-1380.09453213,2575.28820649
1739803931531,doge,20.45,buy,1003.04624982,3578.33445631
1739805922233,twd,1.0,withdrawal,-15305,12086278
1739806307393,doge,20.5,deposit,1444.30920438,5022.64366069
1739810000222,usdc,32.64,sell,-5585.383090,10493.330282
1739824990750,eth,117951.93,sell,-0.37657774,1.21116723
1739825574276,eth,117896.71,buy,0.27678861,1.48795584
1739831612005,usdt,32.7,buy,1169.112884,12861.029568
1739839900268,twd,1.0,withdrawal,-26532,12215633
1739841677634,sol,6014.49,withdrawal,-3.08673444,38.37474945
1739850350261,sol,6017.96,sell,-0.66609851,37.70865094
1739859290981,usdt,32.69,deposit,1107.000000,13968.029568
1739860349217,btc,3214549.9,sell,-0.01188955,0.07360584
1739867232012,btc,3214412.09,deposit,0.01508439,0.08869023
1739867499944,sol,6019.1,sell,-11.38803908,26.32061186
1739884389053,twd,1.0,withdrawal,-18609,12307798
1739886344000,eth,118012.83,deposit,1.31235569,2.80031153
1739886477402,doge,20.48,deposit,1554.80182495,6577.44548564
1739888541531,doge,20.44,deposit,1497.39068563,8074.83617127
1739899162102,eth,117964.99,withdrawal,-0.95890239,1.84140914
1739906734114,eth,117907.43,deposit,1.13883950,2.98024864
1739913720000,usdt,32.72,sell,-3552.294354,10415.735214
1739914320000,twd,1.0,withdrawal,-18504,12405542
1739914322593,eth,117999.29,buy,0.32321682,3.30346546
1739914966922,btc,3209473.86,sell,-0.01394010,0.07475013
1739915940000,usdt,32.72,withdrawal,-455.000000,9960.735214
1739916000000,sol,6031.23,buy,4.19184596,30.51245782
1739916840000,usdt,32.72,buy,1291.066477,11251.801691
1739918940000,doge,20.41,deposit,1557.90518205,9632.74135332
1739919461354,sol,6042.35,deposit,14.24093558,44.75339340
1739919840000,eth,117999.44,withdrawal,-0.97753482,2.32593064
1739920198544,btc,3210974.08,buy,0.01266360,0.08741373
1739922360000,btc,3211001.12,buy,0.00546140,0.09287513
1739924144642,usdt,32.71,withdrawal,-331.000000,10920.801691
1739924640000,usdt,32.7,buy,461.881796,11382.683487
1739925420000,usdc,32.61,deposit,1394.000000,11887.330282
1739925600000,sol,6039.36,deposit,11.97344154,56.72683494
1739929547267,usdc,32.62,deposit,1442.000000,13329.330282
1739931762396,sol,6044.53,sell,-33.53197491,23.19486003
1739932387951,eth,118024.53,sell,-0.55615277,1.76977787
1739934479367,doge,20.38,sell,-5158.53127984,4474.21007348
1739936746853,sol,6049.84,deposit,6.08374071,29.27860074
1739941700676,btc,3213159.35,sell,-0.00020834,0.09266679
1739942179949,usdc,32.62,sell,-3714.129708,9615.200574
1739944146276,sol,6055.97,sell,-3.61422371,25.66437703
1739947179662,usdt,32.72,withdrawal,-105.000000,11277.683487
1739952020650,btc,3211447.35,withdrawal,-0.02576874,0.06689805
1739954052627,usdt,32.72,sell,-6586.784905,4690.898582
1739958787917,btc,3211569.61,buy,0.01213422,0.07903227
1739960172760,usdt,32.73,deposit,2814.000000,7504.898582
1739964749992,usdc,32.63,withdrawal,-342.000000,9273.200574
1739967050228,usdt,32.73,withdrawal,-118.000000,7386.898582
1739970703495,doge,20.57,deposit,382.43400014,4856.64407362
1739974170602,doge,20.56,sell,-1080.06558680,3776.57848682
1739981499261,sol,6073.24,deposit,14.22049529,39.88487232
1739981988509,doge,20.56,buy,2096.71685508,5873.29534190
1739984779607,sol,6080.68,withdrawal,-10.05782596,29.82704636
1739985371314,btc,3205703.48,deposit,0.01479902,0.09383129
1739987192319,doge,20.62,buy,65.41052656,5938.70586846
1739987330374,usdc,32.65,sell,-5051.658297,4221.542277
1740002463391,btc,3205345.75,deposit,0.03180296,0.12563425
1740003084360,usdc,32.63,withdrawal,-431.000000,3790.542277
1740005846520,btc,3204307.04,buy,0.01286009,0.13849434
1740009777067,doge,20.71,deposit,2321.53512130,8260.24098976
1740018261396,eth,118089.61,deposit,0.83092785,2.60070572
1740021858242,sol,6069.7,withdrawal,-9.92311002,19.90393634
1740037444137,btc,3206501.14,withdrawal,-0.02395918,0.11453516
1740038224063,eth,118079.45,withdrawal,-0.75440536,1.84630036
1740041869606,doge,20.71,withdrawal,-2887.79711175,5372.44387801
1740042979107,usdt,32.72,deposit,1125.000000,8511.898582
1740043583263,twd,1.0,deposit,119994,13186463
1740044026231,sol,6064.54,withdrawal,-1.42086074,18.48307560
1740044177471,btc,3205535.1,deposit,0.01506481,0.12959997
1740065465104,sol,6064.6,buy,1.10162490,19.58470050
1740068036201,sol,6065.36,buy,3.22662096,22.81132146
1740070320190,eth,118028.06,deposit,0.87260335,2.71890371
1740074262848,eth,118077.72,buy,0.05136574,2.77026945
1740081775562,usdc,32.57,buy,1276.123884,5066.666161
1740085410180,usdt,32.71,buy,373.156663,8885.055245
1740091702040,eth,118093.61,buy,0.39368458,3.16395403
1740091849703,twd,1.0,withdrawal,-11515,13042365
1740103741614,usdt,32.71,buy,564.190917,9449.246162
1740105175415,twd,1.0,withdrawal,-29392,12994519
1740111420000,doge,20.64,sell,-615.66519686,4756.77868115
1740111480000,usdt,32.72,buy,1228.149863,10677.396025
1740113460000,btc,3208162.03,deposit,0.01460768,0.14420765
1740124558198,doge,20.73,sell,-446.26593660,4310.51274455
1740128298370,eth,118007.86,sell,-1.64102661,1.52292742
1740132905715,usdc,32.55,sell,-2146.127269,2920.538892
1740141843194,eth,118077.46,withdrawal,-0.04078874,1.48213868
1740148791792,btc,3208344.16,buy,0.00943775,0.15364540
1740150728718,doge,20.69,buy,1901.76915225,6212.28189680
1740159302288,twd,1.0,withdrawal,-23245,13146931
1740168688206,sol,6125.94,deposit,5.85193171,28.66325317
1740169107947,usdt,32.69,buy,832.602930,11509.998955
1740171637934,usdc,32.54,deposit,2301.000000,5221.538892
1740171986504,sol,6121.61,buy,6.87716475,35.54041792
1740172562366,doge,20.81,buy,1825.93954752,8038.22144432
1740172617143,btc,3206796.5,withdrawal,-0.02448842,0.12915698
1740173326435,usdc,32.55,deposit,2920.000000,8141.538892
1740174313104,usdc,32.54,sell,-1502.307366,6639.231526
1740176434946,twd,1.0,withdrawal,-12849,13075656
1740195749650,doge,20.84,sell,-2428.54664272,5609.67480160
1740198388497,eth,118148.65,buy,0.23433434,1.71647302
1740204968222,eth,118150.07,buy,0.10849059,1.82496361
1740205670963,doge,20.72,deposit,2320.80490430,7930.47970590
1740209161469,twd,1.0,withdrawal,-6891,13078875
1740209871265,btc,3204637.06,withdrawal,-0.02349883,0.10565815
1740212697235,btc,3204234.36,buy,0.00752132,0.11317947
1740213538829,eth,118066.12,buy,0.33272590,2.15768951
1740219691747,usdt,32.66,deposit,921.000000,12430.998955
1740231257171,usdt,32.67,buy,1507.734451,13938.733406
1740232269426,btc,3204470.43,withdrawal,-0.00811479,0.10506468
1740234485151,sol,6150.18,buy,4.60700072,40.14741864
1740234940283,usdt,32.67,deposit,2272.000000,16210.733406
1740235456261,sol,6153.01,withdrawal,-11.28757560,28.85984304
1740235671657,sol,6148.22,withdrawal,-6.70230151,22.15754153
1740236348408,usdt,32.66,deposit,2802.000000,19012.733406
1740238608511,eth,117922.99,deposit,0.98135475,3.13904426
1740241849931,doge,20.56,deposit,323.69750754,8254.17721344
1740256652478,eth,117957.72,buy,0.21072216,3.34976642
1740269624301,eth,117914.1,buy,0.30583014,3.65559656
1740274103437,btc,3204834.51,buy,0.00394373,0.10900841
1740274938443,sol,6163.87,deposit,8.16978968,30.32733121
1740279419389,doge,20.63,sell,-4186.05693990,4068.12027354
1740283844554,sol,6165.32,withdrawal,-9.31722702,21.01010419
1740286983469,sol,6161.45,sell,-2.96213123,18.04797296
1740289815054,usdt,32.69,sell,-10477.474132,8535.259274
1740290315127,eth,117921.24,withdrawal,-1.10291364,2.55268292
1740294483168,usdt,32.68,buy,923.506431,9458.765705
1740294629224,btc,3206165.66,buy,0.00824496,0.11725337
1740301469117,eth,117976.25,sell,-0.61416309,1.93851983
1740313572336,usdc,32.56,buy,349.507552,6988.739078
1740317789864,eth,117989.25,sell,-1.12558641,0.81293342
1740320130768,sol,6158.71,deposit,11.29816708,29.34614004
1740322402233,usdc,32.55,sell,-677.765284,6310.973794
1740322476810,usdt,32.65,withdrawal,-452.000000,9006.765705
1740326837420,twd,1.0,deposit,149738,13620573
1740327905185,usdc,32.57,deposit,1597.000000,7907.973794
1740331948571,eth,117924.07,deposit,0.21632160,1.02925502
1740335218870,btc,3211577.31,withdrawal,-0.00963745,0.10761592
1740341047290,usdc,32.55,withdrawal,-109.000000,7798.973794
1740346752123,sol,6167.01,buy,1.38428171,30.73042175
1740348553096,btc,3211220.85,sell,-0.01085128,0.09676464
1740348853290,doge,20.58,buy,77.62828468,4145.74855822
1740350405762,eth,117827.65,buy,0.08824779,1.11750281
1740350985737,eth,117846.65,withdrawal,-0.23289390,0.88460891
1740353226990,sol,6168.49,buy,7.33779315,38.06821490
1740355977452,eth,117836.42,withdrawal,-0.06186936,0.82273955
1740356754272,eth,117895.6,deposit,1.15252216,1.97526171
1740361573898,btc,3212119.18,sell,-0.03418720,0.06257744
1740361760324,eth,117922.73,withdrawal,-0.21232688,1.76293483
1740362537713,usdc,32.53,withdrawal,-185.000000,7613.973794
1740364351915,usdt,32.65,sell,-1114.673140,7892.092565
1740371434625,sol,6176.57,buy,6.22631851,44.29453341
1740375202611,eth,118021.53,sell,-0.70755056,1.05538427
1740380570367,usdt,32.65,deposit,2946.000000,10838.092565
1740384268767,btc,3217345.39,deposit,0.02920904,0.09178648
1740386539392,usdc,32.5,withdrawal,-356.000000,7257.973794
1740390762471,sol,6184.0,sell,-18.37358134,25.92095207
1740395146084,usdc,32.5,buy,1174.589441,8432.563235
1740404009223,twd,1.0,withdrawal,-29901,13826424
1740413843636,doge,20.73,withdrawal,-471.98994945,3673.75860877
1740414920588,twd,1.0,deposit,104211,13930635
1740415735465,btc,3216938.33,deposit,0.01879333,0.11057981
1740419133636,sol,6176.63,deposit,13.24902719,39.16997926
1740420911384,sol,6177.15,buy,3.41102951,42.58100877
1740424006700,btc,3214291.42,withdrawal,-0.00366504,0.10691477
1740425009976,btc,3215053.11,sell,-0.03721721,0.06969756
1740428327878,usdc,32.49,withdrawal,-158.000000,8274.563235
1740429306501,eth,118130.88,buy,0.39245859,1.44784286
1740431310561,usdc,32.48,sell,-3209.970707,5064.592528
1740438204049,usdc,32.47,buy,1123.682134,6188.274662
1740439416458,twd,1.0,withdrawal,-18680,14031951
1740439763965,usdc,32.47,sell,-2934.230573,3254.044089
1740442344763,eth,118277.42,sell,-0.38612193,1.06172093
1740451101492,usdt,32.64,buy,402.008394,11240.100959
1740454778975,doge,20.83,sell,-1739.98796575,1933.77064302
1740455269189,btc,3215268.67,withdrawal,-0.00188647,0.06781109
1740464903858,sol,6184.74,withdrawal,-7.72885788,34.85215089
1740465744781,btc,3217321.11,sell,-0.00053698,0.06727411
1740470184981,btc,3216056.03,sell,-0.01531310,0.05196101
1740470310876,sol,6181.93,deposit,8.64424838,43.49639927
1740472823389,sol,6185.66,withdrawal,-15.14231951,28.35407976
1740473880000,btc,3213940.85,sell,-0.02488939,0.02707162
1740473892161,sol,6185.31,withdrawal,-6.59786877,21.75621099
1740474060000,usdc,32.48,withdrawal,-377.000000,2877.044089
1740476213881,eth,118155.37,deposit,0.35044583,1.41216676
1740476280000,doge,20.94,deposit,1634.83085578,3568.60149880
1740477539885,eth,118221.66,deposit,1.10783822,2.52000498
1740478680000,sol,6191.22,withdrawal,-2.53664329,19.21956770
1740479423252,sol,6194.04,deposit,11.84443741,31.06400511
1740479760000,doge,20.99,sell,-1248.93169079,2319.66980801
1740480300000,usdt,32.66,withdrawal,-194.000000,11046.100959
1740480780000,usdc,32.48,sell,-1319.898940,1557.145149
1740482820000,usdt,32.66,withdrawal,-473.000000,10573.100959
1740483240000,usdt,32.65,withdrawal,-457.000000,10116.100959
1740484200000,usdt,32.66,buy,905.997424,11022.098383
1740484379859,sol,6199.33,withdrawal,-12.13196950,18.93203561
1740485700000,doge,20.91,withdrawal,-758.58726523,1561.08254278
1740485872037,doge,20.95,deposit,2051.20440356,3612.28694634
1740487200000,usdc,32.47,buy,1400.339080,2957.484229
1740489660000,btc,3216254.8,deposit,0.03092714,0.05799876
1740489840000,usdc,32.47,sell,-1032.341716,1925.142513
1740491340000,eth,118253.44,buy,0.38613564,2.90614062
1740492077564,btc,3218727.41,deposit,0.03025781,0.08825657
1740496592334,sol,6191.76,withdrawal,-3.47386632,15.45816929
1740498720994,eth,118337.65,sell,-0.63775513,2.26838549
1740500661582,btc,3217033.98,withdrawal,-0.00751620,0.08074037
1740503414059,doge,20.94,withdrawal,-962.29741012,2649.98953622
1740503429658,usdc,32.45,withdrawal,-222.000000,1703.142513
1740505327462,usdt,32.68,buy,986.430618,12008.529001
1740516257152,btc,3219524.77,withdrawal,-0.00746579,0.07327458
1740517247563,doge,21.03,buy,623.91474241,3273.90427863
1740522047737,sol,6195.81,sell,-2.30139625,13.15677304
1740523483844,btc,3220715.5,sell,-0.02994074,0.04333384
1740528705678,sol,6195.29,sell,-0.68606690,12.47070614
1740530330126,btc,3220575.21,deposit,0.02710676,0.07044060
1740532013463,btc,3219178.31,withdrawal,-0.01950602,0.05093458
1740536211894,twd,1.0,deposit,137096,14591057
1740537604287,doge,21.03,sell,-489.67869227,2784.22558636
1740539926203,usdc,32.41,withdrawal,-285.000000,1418.142513
1740541197072,usdc,32.41,withdrawal,-491.000000,927.142513
1740542100978,doge,21.08,withdrawal,-207.50170434,2576.72388202
1740543513751,sol,6199.72,deposit,10.67538842,23.14609456
1740551002438,sol,6198.92,sell,-3.70117755,19.44491701
1740551958073,eth,118283.52,deposit,0.48687702,2.75526251
1740552194852,sol,6204.1,sell,-8.08139203,11.36352498
1740552874496,sol,6206.26,deposit,14.39615708,25.75968206
1740559938727,usdc,32.44,withdrawal,-204.000000,723.142513
1740561706550,sol,6205.63,buy,3.95069098,29.71037304
1740561848954,twd,1.0,deposit,44764,14694685
1740568784549,usdc,32.45,deposit,923.000000,1646.142513
1740568906169,usdc,32.46,deposit,2933.000000,4579.142513
1740570139709,eth,118265.19,deposit,0.70325891,3.45852142
1740570185964,sol,6219.73,deposit,6.03637722,35.74675026
1740570653756,usdc,32.46,deposit,2445.000000,7024.142513
1740571733929,usdt,32.63,withdrawal,-203.000000,11805.529001
1740575162535,usdc,32.47,deposit,2719.000000,9743.142513
1740575559284,usdt,32.63,buy,1140.254006,12945.783007
1740580317315,usdc,32.48,buy,975.341208,10718.483721
1740581294138,usdc,32.48,deposit,1829.000000,12547.483721
1740581593565,eth,118302.04,deposit,0.13494459,3.59346601
1740583327271,eth,118359.48,withdrawal,-1.40920927,2.18425674
1740586266612,usdt,32.64,withdrawal,-496.000000,12449.783007
1740593745502,btc,3225019.84,buy,0.01391749,0.06485207
1740602488926,btc,3225221.77,withdrawal,-0.02286736,0.04198471
1740604537205,usdt,32.64,sell,-330.873763,12118.909244
1740609189923,sol,6219.39,withdrawal,-2.20830908,33.53844118
1740614560553,sol,6215.81,deposit,11.87319189,45.41163307
1740619533601,btc,3225544.84,buy,0.01456643,0.05655114
1740628454261,eth,118327.17,buy,0.04122271,2.22547945
1740628987942,sol,6212.79,deposit,11.51345399,56.92508706
1740633839798,usdt,32.63,withdrawal,-237.000000,11881.909244
1740634607248,sol,6220.54,deposit,10.03781048,66.96289754
1740635334273,btc,3226055.28,sell,-0.01248780,0.04406334
1740641177644,usdt,32.62,buy,864.968173,12746.877417
1740643040747,eth,118313.06,withdrawal,-0.80926412,1.41621533
1740645705953,sol,6208.69,withdrawal,-23.97659352,42.98630402
1740650995037,usdc,32.47,sell,-4725.389829,7822.093892
1740660208127,twd,1.0,withdrawal,-26331,14679036
1740662818144,usdt,32.61,withdrawal,-284.000000,12462.877417
1740665884760,sol,6220.82,withdrawal,-6.17846504,36.80783898
1740667852138,btc,3227699.87,withdrawal,-0.00558631,0.03847703
1740670873858,doge,21.1,buy,494.17103511,3070.89491713
1740682974236,usdc,32.48,deposit,2096.000000,9918.093892
1740684712558,usdc,32.48,deposit,741.000000,10659.093892
1740689887347,doge,21.11,sell,-60.32506257,3010.56985456
1740693741173,btc,3229569.43,sell,-0.01125033,0.02722670
1740698653119,twd,1.0,deposit,116878,14823096
1740703032242,eth,118102.57,buy,0.14235311,1.55856844
1740704247753,btc,3230417.08,buy,0.00303493,0.03026163
1740710817705,eth,118091.47,deposit,0.42904207,1.98761051
1740711990973,eth,118035.59,deposit,1.21348118,3.20109169
1740715200118,eth,118019.83,deposit,1.38528231,4.58637400
1740715661383,usdc,32.48,deposit,1089.000000,11748.093892
1740715724742,doge,20.96,sell,-1164.18582270,1846.38403186
1740721493489,eth,118000.08,sell,-1.36358242,3.22279158
1740726948075,btc,3228174.26,buy,0.01446450,0.04472613
1740727050986,twd,1.0,withdrawal,-22948,14912142
1740727457023,btc,3229476.61,sell,-0.01767636,0.02704977
1740729243871,twd,1.0,withdrawal,-20784,14948443
1740729606612,usdc,32.48,deposit,1750.000000,13498.093892
1740732683951,usdt,32.61,deposit,2749.000000,15211.877417
1740733753729,eth,118200.41,deposit,0.84856767,4.07135925
1740740583794,usdt,32.62,buy,272.375745,15484.253162
1740741988765,usdc,32.48,deposit,2487.000000,15985.093892
1740753113786,sol,6236.9,buy,0.16506385,36.97290283
1740753121022,eth,118121.62,buy,0.29500337,4.36636262
1740753670412,doge,21.01,deposit,1470.11059065,3316.49462251
1740755568583,twd,1.0,withdrawal,-5301,14898381
1740766312464,btc,3235260.82,sell,-0.00209185,0.02495792
1740769932719,sol,6224.76,buy,6.83341187,43.80631470
1740772119096,twd,1.0,deposit,145267,15007879
1740776863317,btc,3231296.85,deposit,0.04501456,0.06997248
1740778636041,doge,20.93,deposit,1244.41060123,4560.90522374
1740778834023,sol,6227.61,deposit,6.19486533,50.00118003
1740783041647,eth,117949.72,deposit,0.48786191,4.85422453
1740783523452,sol,6223.7,withdrawal,-10.75091740,39.25026263
1740784737539,twd,1.0,withdrawal,-27098,14980781
1740798665559,doge,20.91,buy,1788.75489981,6349.66012355
1740808107081,eth,118021.93,withdrawal,-1.63200186,3.22222267
1740816375338,btc,3236124.67,withdrawal,-0.02086065,0.04911183
1740817677885,btc,3235688.56,sell,-0.02082102,0.02829081
1740824569735,btc,3234383.67,withdrawal,-0.00956141,0.01872940
1740826869348,sol,6229.81,withdrawal,-0.82623559,38.42402704
1740828042359,btc,3235464.91,sell,-0.00269820,0.01603120
1740828524314,doge,20.91,deposit,1776.76217730,8126.42230085
1740832047831,btc,3234607.89,withdrawal,-0.00134013,0.01469107
1740835668687,twd,1.0,withdrawal,-27286,14992193
1740837662908,twd,1.0,withdrawal,-23430,14968763
1740838318206,usdt,32.69,deposit,1861.000000,17345.253162
1740840969216,usdc,32.52,deposit,941.000000,16926.093892
1740843227057,sol,6227.87,withdrawal,-3.82563471,34.59839233
1740846475338,eth,117915.91,withdrawal,-0.94540753,2.27681514
1740854227168,btc,3233029.68,buy,0.01201082,0.02670189
1740854932655,usdc,32.52,withdrawal,-280.000000,16646.093892
1740857358219,twd,1.0,deposit,125042,15054973
1740862578741,usdc,32.53,deposit,2652.000000,19298.093892
1740862860000,sol,6221.22,buy,2.04919386,36.64758619
1740865200000,eth,117915.49,sell,-0.99287932,1.28393582
1740865655281,doge,20.86,sell,-4796.59598202,3329.82631883
1740866940000,usdt,32.68,buy,167.144361,17512.397523
1740867720000,twd,1.0,deposit,53725,15307609
1740868877347,doge,20.89,deposit,1705.06537078,5034.89168961
1740870548672,btc,3234329.57,sell,-0.00319114,0.02351075
1740871063154,usdc,32.52,deposit,1594.000000,20892.093892
1740873549526,eth,117857.58,buy,0.41360721,1.69754303
1740874120265,doge,20.85,deposit,1117.09347206,6151.98516167
1740910473708,doge,20.89,sell,-253.62993082,5898.35523085
1740913660429,twd,1.0,deposit,111898,15386380
1740913716269,btc,3231801.01,sell,-0.01251890,0.01099185
1740916154387,doge,20.96,deposit,704.41240915,6602.76764000
1740917537078,usdc,32.53,sell,-394.698006,20497.395886
1740918266027,usdc,32.53,sell,-8183.423084,12313.972802
1740918877147,usdc,32.53,withdrawal,-149.000000,12164.972802
1740921272801,eth,117960.13,withdrawal,-0.48156325,1.21597978
1740926290355,eth,117902.68,deposit,0.13261674,1.34859652
1740928880403,twd,1.0,deposit,31231,15737076
1740930268202,usdt,32.66,deposit,1961.000000,19473.397523
1740933436117,eth,117904.99,sell,-0.45594554,0.89265098
1740936549348,usdt,32.66,deposit,972.000000,20445.397523
1740942281100,usdt,32.67,withdrawal,-390.000000,20055.397523
1740950262992,btc,3232140.1,buy,0.00362534,0.01461719
1740954927547,eth,117893.88,buy,0.14524749,1.03789847
1740956096277,twd,1.0,deposit,21627,15783619
1740959174707,doge,21.03,withdrawal,-1311.08578507,5291.68185493
1740963887252,usdc,32.55,sell,-2520.332957,9644.639845
1740966881380,twd,1.0,withdrawal,-18638,15847010
1740967043984,eth,117803.66,buy,0.39721385,1.43511232
1740970341982,eth,117791.85,buy,0.05266695,1.48777927
1740972611048,doge,20.96,buy,971.56051617,6263.24237110
1740976980000,sol,6220.6,buy,3.69871835,40.34630454
1740977880000,sol,6216.81,buy,7.63722984,47.98353438
1740978900000,doge,20.91,buy,1038.80493919,7302.04731029
1740979643435,usdt,32.65,buy,1064.962147,21120.359670
1740980400000,eth,117784.02,withdrawal,-0.44136536,1.04641391
1740980880718,eth,117766.62,withdrawal,-0.39848500,0.64792891
1740982680000,btc,3231487.26,withdrawal,-0.00406631,0.01055088
1740985200000,usdt,32.67,deposit,2812.000000,23932.359670
1740988541713,usdc,32.55,buy,1197.138413,10841.778258
1740989218412,usdc,32.54,deposit,2556.000000,13397.778258
1740992607145,eth,117758.91,buy,0.16119490,0.80912381
1740992805787,doge,20.98,sell,-508.65844833,6793.38886196
1740996675822,eth,117691.98,withdrawal,-0.09767014,0.71145367
1741001068330,doge,20.9,deposit,807.40215735,7600.79101931
1741008780994,btc,3232297.25,deposit,0.04044814,0.05099902
1741009426646,btc,3232912.36,buy,0.00452873,0.05552775
1741011395540,eth,117583.29,deposit,0.84098416,1.55243783
1741011881221,sol,6229.16,withdrawal,-11.32927715,36.65425723
1741012882561,eth,117513.93,sell,-0.62782676,0.92461107
1741019756994,usdt,32.69,buy,377.043345,24309.403015
1741020040599,sol,6227.06,sell,-12.61148565,24.04277158
1741027894692,twd,1.0,deposit,97172,15821914
1741037136861,usdt,32.7,withdrawal,-444.000000,23865.403015
1741039346764,usdt,32.71,sell,-1404.955230,22460.447785
1741041017140,btc,3231199.03,deposit,0.02365576,0.07918351
1741041368744,sol,6225.68,deposit,3.75537450,27.79814608
1741046778547,btc,3230756.62,withdrawal,-0.02270692,0.05647659
1741047392921,twd,1.0,deposit,55668,15923534
1741048086710,sol,6226.32,sell,-7.80450357,19.99364251
1741049864474,sol,6228.06,sell,-9.65439425,10.33924826
1741054887640,twd,1.0,withdrawal,-18227,16014029
1741058605966,twd,1.0,deposit,140451,16154480
1741059012867,doge,21.26,withdrawal,-1240.16958675,6360.62143256
1741063126869,eth,117627.58,buy,0.31320874,1.23781981
1741080859834,btc,3228584.24,deposit,0.00873682,0.06521341
1741089386836,doge,21.31,sell,-3088.40153834,3272.21989422
1741092014971,eth,117490.6,sell,-0.31296189,0.92485792
1741093946974,sol,6234.62,deposit,12.78693522,23.12618348
1741098706779,doge,21.33,deposit,2326.65158740,5598.87148162
1741100835700,btc,3226328.69,deposit,0.01599371,0.08120712
1741101232429,usdc,32.5,buy,145.952809,13543.731067
1741101988291,doge,21.35,sell,-1270.15358460,4328.71789702
1741105369712,usdc,32.5,sell,-3707.492543,9836.238524
1741105738641,usdt,32.71,deposit,2774.000000,25234.447785
1741107074243,usdc,32.49,sell,-1918.520231,7917.718293
1741115007162,eth,117732.68,sell,-0.04041969,0.88443823
1741123554335,sol,6252.66,withdrawal,-0.92744280,22.19874068
1741123769295,usdc,32.47,sell,-2150.294532,5767.423761
1741126913990,eth,117749.38,withdrawal,-0.10395754,0.78048069
1741126926885,btc,3226861.84,sell,-0.02102318,0.06018394
1741128421118,sol,6257.3,buy,6.69560410,28.89434478
1741133533052,btc,3227367.75,buy,0.00437173,0.06455567
1741133854368,usdc,32.47,sell,-1193.846107,4573.577654
1741148604106,btc,3228951.08,sell,-0.03455907,0.02999660
1741149291192,sol,6251.96,withdrawal,-7.31524708,21.57909770
1741149873955,doge,21.39,sell,-2338.38841247,1990.32948455
1741150437374,usdt,32.74,withdrawal,-378.000000,24856.447785
1741156935820,eth,117783.67,buy,0.11742654,0.89790723
1741160885901,twd,1.0,deposit,103450,16801791
1741165860988,usdc,32.46,deposit,807.000000,5380.577654
1741173556633,usdc,32.47,buy,1415.496639,6796.074293
1741176752193,sol,6269.4,buy,4.04257154,25.62166924
1741181300998,doge,21.39,buy,1661.78536018,3652.11484473
1741183456422,btc,3228940.98,buy,0.00085414,0.03085074
1741186704562,sol,6266.62,sell,-11.82253512,13.79913412
1741197012677,eth,117851.86,buy,0.29358005,1.19148728
1741205306295,twd,1.0,withdrawal,-15659,16716025
1741213969315,usdt,32.73,sell,-12577.970785,12278.477000
1741217478719,usdt,32.74,buy,1300.361100,13578.838100
1741217917201,sol,6266.66,buy,0.76028931,14.55942343
1741218292246,eth,117800.59,deposit,0.41323426,1.60472154
1741219641024,doge,21.54,sell,-209.47518971,3442.63965502
1741219662487,btc,3233666.47,sell,-0.00312586,0.02772488
1741227808792,eth,117787.76,withdrawal,-0.47999877,1.12472277
1741232847002,doge,21.51,withdrawal,-195.41993518,3247.21971984
1741234674673,twd,1.0,deposit,115719,17210751
1741244999795,usdt,32.75,deposit,1428.000000,15006.838100
1741254198516,eth,117716.16,withdrawal,-0.41543394,0.70928883
1741255711532,twd,1.0,withdrawal,-22390,17188361
1741258387276,usdt,32.75,withdrawal,-220.000000,14786.838100
1741261537810,usdc,32.44,sell,-1054.167941,5741.906352
1741262514352,usdt,32.75,sell,-3068.356367,11718.481733
1741263585394,doge,21.66,withdrawal,-72.66536410,3174.55435574
1741267456740,usdt,32.76,sell,-1620.496912,10097.984821
1741270899352,btc,3233621.46,deposit,0.00510480,0.03282968
1741272254612,doge,21.65,sell,-1877.68125622,1296.87309952
1741279026182,sol,6248.8,deposit,4.62450863,19.18393206
1741279215987,sol,6252.07,buy,7.73378707,26.91771913
1741282339272,twd,1.0,withdrawal,-18859,17349591
1741285372681,doge,21.67,sell,-507.47942059,789.39367893
1741286494123,sol,6249.86,withdrawal,-1.60527681,25.31244232
1741290187270,usdt,32.75,buy,812.020486,10910.005307
1741292658939,twd,1.0,withdrawal,-20919,17313079
1741297140000,usdt,32.76,sell,-1655.607028,9254.398279
1741298068159,sol,6248.86,sell,-8.38131139,16.93113093
1741300231225,btc,3233558.61,deposit,0.02142008,0.05424976
1741306315570,eth,117774.81,sell,-0.33459865,0.37469018
1741308234959,sol,6258.91,sell,-7.54742822,9.38370271
1741308970710,btc,3232847.44,buy,0.01157517,0.06582493
1741309762135,eth,117660.09,buy,0.33331146,0.70800164
1741311306328,usdc,32.4,buy,1181.369827,6923.276179
1741311740850,twd,1.0,withdrawal,-25156,17366255
1741317285039,twd,1.0,withdrawal,-23640,17342615
1741317670214,usdt,32.74,buy,853.255665,10107.653944
1741318772377,btc,3234887.15,withdrawal,-0.01932756,0.04649737
1741334122591,btc,3235043.19,buy,0.00358935,0.05008672
1741335636702,usdt,32.73,deposit,575.000000,10682.653944
1741336422245,eth,117582.0,buy,0.08157229,0.78957393
1741338194920,usdt,32.72,buy,1506.233981,12188.887925
1741339576680,usdc,32.4,sell,-2898.758790,4024.517389
1741345769971,usdc,32.4,buy,973.842795,4998.360184
1741346700391,usdc,32.39,buy,739.685920,5738.046104
1741347824005,usdt,32.71,sell,-2000.895750,10187.992175
1741351867121,eth,117545.58,buy,0.28397852,1.07355245
1741354030687,btc,3238001.57,withdrawal,-0.01808615,0.03200057
1741355892800,usdc,32.4,withdrawal,-103.000000,5635.046104
1741362109396,usdt,32.71,deposit,1395.000000,11582.992175
1741363276812,twd,1.0,withdrawal,-21426,17293260
1741365602620,usdt,32.71,buy,1259.946586,12842.938761
1741367101238,twd,1.0,deposit,46747,17298799
1741369635306,doge,21.68,buy,2071.94955312,2861.34323205
1741370682395,doge,21.69,buy,648.91392275,3510.25715480
1741376817227,doge,21.67,sell,-584.48972204,2925.76743276
1741378268603,eth,117607.61,withdrawal,-0.38646127,0.68709118
1741380243013,usdt,32.73,withdrawal,-73.000000,12769.938761
1741388292050,twd,1.0,deposit,52328,17304788
1741389130258,eth,117581.4,withdrawal,-0.12756447,0.55952671
1741391119651,btc,3241004.49,sell,-0.00148318,0.03051739
1741402919683,sol,6286.81,deposit,14.63748129,24.02118400
1741403654398,btc,3241039.42,deposit,0.03988051,0.07039790
1741405339397,usdt,32.74,sell,-846.917214,11923.021547
1741407589530,usdc,32.4,withdrawal,-235.000000,5400.046104
1741408225106,usdc,32.41,sell,-2204.167612,3195.878492
1741410832718,btc,3239201.03,deposit,0.02058611,0.09098401
1741412190773,usdt,32.74,withdrawal,-310.000000,11613.021547
1741414944567,usdt,32.74,deposit,2138.000000,13751.021547
1741415969861,usdt,32.73,withdrawal,-473.000000,13278.021547
1741416013335,btc,3237337.26,deposit,0.03757131,0.12855532
1741416240841,usdt,32.73,deposit,1823.000000,15101.021547
1741418478758,doge,21.76,deposit,408.69963643,3334.46706919
1741421340522,sol,6292.4,sell,-8.72837986,15.29280414
1741421865867,btc,3235976.09,buy,0.01017215,0.13872747
1741425758628,twd,1.0,deposit,52536,17483304
1741432872325,twd,1.0,withdrawal,-7231,17476073
1741437705833,btc,3236084.55,sell,-0.05152440,0.08720307
1741439090474,doge,21.75,buy,505.66361484,3840.13068403
1741442968618,btc,3235266.67,deposit,0.04049541,0.12769848
1741445297909,sol,6291.32,sell,-1.07463614,14.21816800
1741451370746,doge,21.81,buy,1432.22248233,5272.35316636
1741451852647,btc,3234830.71,sell,-0.01640200,0.11129648
1741451866173,usdc,32.41,sell,-557.555807,2638.322685
1741462383142,usdt,32.76,deposit,1300.000000,16401.021547
1741465590848,doge,21.95,sell,-1277.11850187,3995.23466449
1741466749606,doge,21.96,buy,2013.78292196,6009.01758645
1741470476769,eth,117657.66,buy,0.06254108,0.62206779
1741471888434,usdt,32.74,deposit,1671.000000,18072.021547
1741476870083,sol,6292.08,buy,2.86119661,17.07936461
1741478856230,usdc,32.41,buy,1208.593789,3846.916474
1741481670330,btc,3236840.67,withdrawal,-0.01247267,0.09882381
1741484693022,usdt,32.73,sell,-1885.956128,16186.065419
1741488260816,eth,117454.98,buy,0.30908644,0.93115423
1741490274770,eth,117512.18,deposit,0.36631937,1.29747360
1741493226161,usdt,32.72,withdrawal,-390.000000,15796.065419
1741493516384,sol,6303.72,withdrawal,-3.35038407,13.72898054
1741495096860,sol,6308.38,buy,5.37558455,19.10456509
1741495406325,sol,6310.02,sell,-6.81702897,12.28753612
1741497791341,doge,21.74,sell,-3366.26353619,2642.75405026
1741506247643,usdt,32.7,buy,1133.313905,16929.379324
1741517251207,usdc,32.41,deposit,2024.000000,5870.916474
1741517284212,usdc,32.41,sell,-2056.437939,3814.478535
1741533756540,usdc,32.42,buy,403.531564,4218.010099
1741536309101,btc,3241362.78,buy,0.01039733,0.10922114
1741537855110,twd,1.0,withdrawal,-10214,17678035
1741543770000,eth,117536.84,deposit,1.21764908,2.51512268
1741552265986,doge,21.68,buy,2188.34169826,4831.09574852
1741558760982,eth,117511.11,buy,0.23648322,2.75160590
1741559638158,btc,3240828.89,withdrawal,-0.02053156,0.08868958
1741561463468,eth,117546.49,withdrawal,-0.09652764,2.65507826
1741561680000,usdt,32.71,deposit,2423.000000,19352.379324
1741562040000,eth,117569.38,deposit,0.27795367,2.93303193
1741562118286,btc,3235880.66,buy,0.00152667,0.09021625
1741562160000,doge,21.71,withdrawal,-1792.91577838,3038.17997014
1741562175670,doge,21.75,deposit,236.33575941,3274.51572955
1741562340000,sol,6308.06,buy,7.23230118,19.51983730
1741562606641,sol,6303.11,buy,1.53207963,21.05191693
1741566771643,twd,1.0,deposit,147946,17690536
1741571493940,usdt,32.71,deposit,997.000000,20349.379324
1741571615524,sol,6301.66,sell,-8.97294083,12.07897610
1741572178583,eth,117677.07,withdrawal,-0.16696265,2.76606928
1741577272822,btc,3238604.81,buy,0.00078210,0.09099835
1741578464057,eth,117785.81,sell,-0.03890550,2.72716378
1741579074228,eth,117814.76,withdrawal,-0.24056477,2.48659901
1741583067511,usdt,32.71,buy,1030.490505,21379.869829
1741584315686,doge,21.74,sell,-273.43884234,3001.07688721
1741585804563,usdc,32.41,sell,-2040.381967,2177.628132
1741592152430,usdt,32.72,buy,994.873940,22374.743769
1741593694740,btc,3240672.13,buy,0.00198374,0.09298209
1741595234669,doge,21.75,sell,-1264.91603367,1736.16085354
1741598955449,btc,3243797.23,sell,-0.00977516,0.08320693
1741599030300,sol,6319.66,sell,-3.47835199,8.60062411
1741601316723,sol,6317.33,deposit,11.49857294,20.09919705
1741603869988,usdt,32.71,deposit,1839.000000,24213.743769
1741611196698,usdc,32.41,buy,637.975063,2815.603195
1741621820590,doge,21.98,withdrawal,-616.42850688,1119.73234666
1741629198502,btc,3244333.99,buy,0.00423907,0.08744600
1741632662082,eth,118035.82,buy,0.12014295,2.60674196
1741635343581,usdt,32.7,deposit,1409.000000,25622.743769
1741636287956,twd,1.0,deposit,106310,17887423
1741638892869,eth,117999.81,buy,0.09600851,2.70275047
1741645232783,usdt,32.71,deposit,2096.000000,27718.743769
1741646591790,btc,3243811.64,buy,0.01196396,0.09940996
1741647302080,sol,6334.95,withdrawal,-5.95222423,14.14697282
1741647688900,sol,6334.58,buy,5.11021687,19.25718969
1741659320307,btc,3245105.74,buy,0.01216346,0.11157342
1741668361185,usdc,32.42,withdrawal,-145.000000,2670.603195
1741668591295,doge,22.04,deposit,1393.87762730,2513.60997396
1741671406809,sol,6336.9,sell,-11.11872047,8.13846922
1741672306119,usdt,32.72,withdrawal,-126.000000,27592.743769
1741679514669,usdt,32.72,buy,465.628039,28058.371808
1741681086297,btc,3247500.12,deposit,0.01738355,0.12895697
1741683861252,usdc,32.44,sell,-764.134544,1906.468651
1741685822461,sol,6334.54,sell,-3.83019151,4.30827771
1741687560892,eth,117864.28,buy,0.21436142,2.91711189
1741688295454,usdc,32.44,sell,-1009.543308,896.925343
1741688826195,eth,117904.63,withdrawal,-0.13194567,2.78516622
1741690651382,twd,1.0,withdrawal,-23914,17853282
1741697664688,eth,117932.97,withdrawal,-0.07987961,2.70528661
1741705644906,usdc,32.45,deposit,2703.000000,3599.925343
1741706266610,btc,3246119.14,deposit,0.03223428,0.16119125
1741711091492,usdc,32.45,withdrawal,-63.000000,3536.925343
1741712701966,usdc,32.45,withdrawal,-413.000000,3123.925343
1741715603718,btc,3246308.39,buy,0.00838701,0.16957826
1741715781880,sol,6362.98,deposit,5.18915618,9.49743389
1741717635778,btc,3244691.94,withdrawal,-0.06176106,0.10781720
1741725132304,btc,3245393.75,sell,-0.05527428,0.05254292
1741725147380,usdt,32.69,sell,-1911.153661,26147.218147
1741728060622,usdc,32.44,sell,-1555.268513,1568.656830
1741728897408,btc,3246160.07,buy,0.00847722,0.06102014
1741735939502,sol,6361.51,deposit,14.41066407,23.90809796
1741736366334,btc,3247190.72,deposit,0.02704524,0.08806538
1741738625898,usdc,32.43,deposit,2968.000000,4536.656830
1741750489070,eth,118121.86,sell,-0.38562282,2.31966379
1741753571438,usdc,32.43,deposit,694.000000,5230.656830
1741755763310,doge,21.98,withdrawal,-56.63362417,2456.97634979
1741775990538,twd,1.0,deposit,80928,18217338
1741777749724,usdt,32.7,buy,1133.577857,27280.796004
1741778276003,usdt,32.7,withdrawal,-277.000000,27003.796004
1741782006304,doge,22.02,deposit,2226.61147254,4683.58782233
1741785428685,eth,118177.65,buy,0.13404773,2.45371152
1741788562682,sol,6358.37,withdrawal,-1.29543903,22.61265893
1741789778069,btc,3244512.74,buy,0.00054687,0.08861225
1741791943839,btc,3246066.82,buy,0.00142509,0.09003734
1741797387253,usdc,32.39,sell,-72.694573,5157.962257
1741809839221,twd,1.0,deposit,117664,18278042
1741812586120,btc,3244859.63,withdrawal,-0.01738029,0.07265705
1741815667307,sol,6352.55,deposit,13.48459436,36.09725329
1741816704685,usdt,32.68,buy,1376.042743,28379.838747
1741819126544,doge,21.95,sell,-861.58809350,3821.99972883
1741821412952,btc,3244749.69,buy,0.01193215,0.08458920
1741831326050,doge,21.95,deposit,1528.08960070,5350.08932953
1741833919678,usdt,32.67,deposit,2959.000000,31338.838747
1741838601865,usdc,32.41,withdrawal,-324.000000,4833.962257
1741840814296,btc,3245570.69,buy,0.00473996,0.08932916
1741844708640,usdt,32.65,deposit,2775.000000,34113.838747
1741844712378,eth,118197.32,deposit,0.38018271,2.83389423
1741844903896,usdt,32.64,deposit,1366.000000,35479.838747
1741846894586,twd,1.0,withdrawal,-10455,18187432
1741847054277,eth,118219.55,withdrawal,-0.35723460,2.47665963
1741849742107,usdt,32.63,withdrawal,-262.000000,35217.838747
1741852088255,eth,118284.29,deposit,0.22209461,2.69875424
1741858113431,usdc,32.4,buy,1517.463257,6351.425514
1741858506382,btc,3248905.77,withdrawal,-0.02907565,0.06025351
1741872142521,eth,118190.73,deposit,0.17148019,2.87023443
1741872530974,eth,118155.13,sell,-0.91379616,1.95643827
1741877543265,usdc,32.39,sell,-2528.626124,3822.799390
1741879937521,btc,3247750.51,deposit,0.00587955,0.06613306
1741889749461,eth,118174.39,sell,-0.37081432,1.58562395
1741895405883,usdt,32.62,sell,-598.466532,34619.372215
1741899951112,usdt,32.62,deposit,2875.000000,37494.372215
1741900732007,usdt,32.62,sell,-19816.779473,17677.592742
1741903997158,usdc,32.39,withdrawal,-412.000000,3410.799390
1741910551658,sol,6364.3,deposit,6.50564017,42.60289346
1741912860000,twd,1.0,deposit,82651,19120571
1741912920000,btc,3245475.3,buy,0.00962694,0.07576000
1741914840000,doge,22.26,deposit,1232.82842785,6582.91775738
1741915511211,usdc,32.37,buy,1249.345021,4660.144411
1741918837572,doge,22.3,deposit,1464.32536921,8047.24312659
1741921584479,sol,6380.51,buy,0.70456997,43.30746343
1741926172480,doge,22.24,buy,2135.42222883,10182.66535542
1741933207846,usdc,32.35,deposit,2144.000000,6804.144411
1741933730043,eth,118113.65,sell,-0.17262278,1.41300117
1741934724729,sol,6386.03,deposit,9.93749936,53.24496279
1741935730871,usdt,32.61,buy,570.052716,18247.645458
1741938800092,usdc,32.35,sell,-935.632702,5868.511709
1741938968485,doge,22.3,deposit,283.21419994,10465.87955536
1741940445222,usdt,32.62,deposit,1247.000000,19494.645458
1741948956915,usdt,32.62,withdrawal,-464.000000,19030.645458
1741949932445,usdt,32.61,sell,-7535.589443,11495.056015
1741951335487,usdc,32.34,sell,-3175.814700,2692.697009
1741954147332,sol,6376.91,buy,0.31461230,53.55957509
1741954422095,sol,6381.49,deposit,14.76200446,68.32157955
1741955406968,usdc,32.34,sell,-1196.288681,1496.408328
1741956191336,btc,3242079.08,buy,0.00760757,0.08336757
1741959394383,eth,118127.34,buy,0.41845591,1.83145708
1741962073438,sol,6380.85,buy,3.45551660,71.77709615
1741962889648,btc,3243980.86,buy,0.01252341,0.09589098
1741968191629,btc,3245178.83,buy,0.01460267,0.11049365
1741969680936,btc,3246014.42,buy,0.00660696,0.11710061
1741973557769,twd,1.0,withdrawal,-11550,19196958
1741979756870,sol,6374.61,buy,0.47175138,72.24884753
1741983487478,doge,22.42,buy,418.04235365,10883.92190901
1741985260595,usdt,32.61,buy,233.596333,11728.652348
1741985888500,twd,1.0,withdrawal,-7138,19169823
1741989523459,twd,1.0,withdrawal,-22627,19147196
1741991543439,usdc,32.33,deposit,2561.000000,4057.408328
1741999536670,sol,6364.1,sell,-29.49724100,42.75160653
1742002725959,usdc,32.33,deposit,1086.000000,5143.408328
1742005548006,usdc,32.32,sell,-2880.801305,2262.607023
1742005806510,usdc,32.32,sell,-373.928546,1888.678477
1742013408856,usdt,32.6,deposit,1398.000000,13126.652348
1742015084600,usdc,32.34,sell,-997.230906,891.447571
1742017147536,twd,1.0,withdrawal,-17889,19454480
1742017412351,doge,22.46,withdrawal,-1918.99936684,8964.92254217
1742020634340,sol,6372.96,withdrawal,-2.33038730,40.42121923
1742022933324,usdt,32.6,buy,645.597817,13772.250165
1742025532332,doge,22.39,buy,447.84134551,9412.76388768
1742031525068,usdt,32.61,sell,-3024.340374,10747.909791
1742031926608,btc,3247554.93,sell,-0.02765662,0.08944399
1742035666874,doge,22.51,deposit,1694.87024054,11107.63412822
1742040506706,btc,3244728.58,withdrawal,-0.01452378,0.07492021
1742043535125,twd,1.0,deposit,59791,19671646
1742045674551,sol,6377.62,buy,2.90652305,43.32774228
1742049689420,doge,22.5,withdrawal,-3687.67271637,7419.96141185
1742051714061,usdc,32.31,buy,1363.396962,2254.844533
1742051738894,eth,118558.39,sell,-0.35816826,1.47328882
1742053066113,sol,6376.94,withdrawal,-1.85363547,41.47410681
1742053989676,doge,22.38,withdrawal,-686.37997896,6733.58143289
1742055703805,btc,3250009.95,withdrawal,-0.01772771,0.05719250
1742056460116,usdc,32.33,deposit,1034.000000,3288.844533
1742056643874,eth,118636.72,buy,0.02025804,1.49354686
1742059124612,eth,118659.08,buy,0.36615737,1.85970423
1742064933744,eth,118716.43,withdrawal,-0.11208234,1.74762189
1742065339677,sol,6383.53,sell,-10.31306654,31.16104027
1742072114053,btc,3244832.27,deposit,0.01195366,0.06914616
1742081347761,eth,118733.14,deposit,0.38950812,2.13713001
1742081354034,usdt,32.65,sell,-3324.505495,7423.404296
1742082923714,btc,3248277.17,withdrawal,-0.02375584,0.04539032
1742084700000,eth,118676.97,sell,-0.46373020,1.67339981
1742087280000,usdc,32.29,deposit,1762.000000,5050.844533
1742089020000,usdc,32.28,deposit,628.000000,5678.844533
1742089860000,btc,3250720.9,sell,-0.01611106,0.02927926
1742090217708,usdt,32.62,withdrawal,-172.000000,7251.404296
1742090365717,doge,22.47,deposit,342.20547000,7075.78690289
1742091000000,usdc,32.28,buy,80.687354,5759.531887
1742093349028,usdc,32.28,deposit,1522.000000,7281.531887
1742097206106,eth,118563.96,buy,0.37761993,2.05101974
1742098127550,doge,22.49,deposit,573.37494229,7649.16184518
1742105281344,sol,6400.61,buy,1.60182346,32.76286373
1742108046839,btc,3251523.44,sell,-0.00459310,0.02468616
1742116870727,usdc,32.3,withdrawal,-161.000000,7120.531887
1742118307510,doge,22.51,deposit,717.83054511,8366.99239029
1742119241453,doge,22.46,buy,181.56817998,8548.56057027
1742121782852,doge,22.49,withdrawal,-1122.21945165,7426.34111862
1742122717330,eth,118672.45,withdrawal,-0.44269833,1.60832141
1742123299193,usdt,32.65,withdrawal,-235.000000,7016.404296
1742123829449,sol,6404.43,sell,-18.91735951,13.84550422
1742132870655,sol,6406.7,buy,4.50427155,18.34977577
1742134076808,doge,22.57,sell,-4295.55955902,3130.78155960
1742136930010,twd,1.0,deposit,136827,20166737
1742139193455,usdt,32.67,sell,-3242.053687,3774.350609
1742140767669,sol,6413.2,buy,5.70506621,24.05484198
1742142505101,eth,118677.68,withdrawal,-0.13286802,1.47545339
1742146789860,btc,3248964.24,withdrawal,-0.00750571,0.01718045
1742148017640,twd,1.0,withdrawal,-14340,20221721
1742148365452,sol,6414.0,deposit,10.51274155,34.56758353
1742150317309,sol,6414.57,deposit,14.99535400,49.56293753
1742154530854,doge,22.66,deposit,488.70607403,3619.48763363
1742159624392,eth,118714.76,deposit,0.27951800,1.75497139
1742161174693,btc,3252022.78,buy,0.00725765,0.02443810
1742161467612,usdc,32.28,sell,-244.925487,6875.606400
1742162488448,usdc,32.29,deposit,2275.000000,9150.606400
1742163089076,twd,1.0,deposit,108197,20314223
1742179024214,doge,22.63,deposit,1362.14976067,4981.63739430
1742180265305,usdc,32.3,buy,1044.384410,10194.990810
1742181238831,usdt,32.65,deposit,1929.000000,5703.350609
1742182775659,sol,6423.71,sell,-29.33849871,20.22443882
1742191636228,eth,118758.99,buy,0.19699012,1.95196151
1742192562450,usdc,32.32,deposit,547.000000,10741.990810
1742194456083,usdc,32.32,sell,-100.693670,10641.297140
1742207340822,doge,22.61,sell,-1648.45452188,3333.18287242
1742215593965,eth,118875.21,deposit,1.31823409,3.27019560
1742228907468,doge,22.58,sell,-1212.21661918,2120.96625324
1742234480528,sol,6440.08,buy,6.63660186,26.86104068
1742234625111,btc,3253706.85,deposit,0.03043450,0.05487260
1742236122626,sol,6440.25,withdrawal,-0.69451103,26.16652965
1742239664618,usdt,32.68,deposit,765.000000,6468.350609
1742239673618,btc,3255849.44,sell,-0.02470285,0.03016975
1742239894980,btc,3256902.48,sell,-0.00976924,0.02040051
1742241964864,doge,22.63,deposit,916.21108814,3037.17734138
1742242715900,btc,3255445.43,withdrawal,-0.00507596,0.01532455
1742246704339,btc,3255885.44,withdrawal,-0.00278225,0.01254230
1742253125086,btc,3256503.66,deposit,0.01748683,0.03002913
1742253335134,usdc,32.32,buy,1385.987086,12027.284226
1742257778163,sol,6447.23,withdrawal,-4.50073649,21.66579316
1742257964019,doge,22.64,buy,1306.48552861,4343.66286999
1742259839490,doge,22.66,deposit,2253.13466733,6596.79753732
1742259851406,usdc,32.32,sell,-964.262333,11063.021893
1742259869328,eth,119025.41,deposit,0.81944822,4.08964382
1742271987900,doge,22.6,sell,-1499.60969097,5097.18784635
1742282419464,doge,22.65,sell,-2916.61479493,2180.57305142
1742282514690,sol,6442.24,deposit,5.88979934,27.55559250
1742282633417,usdc,32.31,buy,1165.169567,12228.191460
1742283780000,usdc,32.31,deposit,2745.000000,14973.191460
1742284882377,eth,119102.54,sell,-0.31819066,3.77145316
1742284980000,doge,22.69,withdrawal,-520.37656102,1660.19649040
1742285646677,btc,3256439.01,sell,-0.00155924,0.02846989
1742285716818,usdt,32.69,buy,1054.196654,7522.547263
1742286612293,twd,1.0,withdrawal,-29997,20580576
1742299295139,doge,22.64,deposit,1501.28213229,3161.47862269
1742301063286,sol,6444.57,withdrawal,-5.36681880,22.18877370
1742309993729,usdt,32.69,withdrawal,-367.000000,7155.547263
1742323730846,eth,119135.78,deposit,0.99965092,4.77110408
1742325545037,doge,22.65,buy,1734.22816200,4895.70678469
1742335252698,doge,22.69,withdrawal,-575.17409292,4320.53269177
1742340094461,eth,119222.19,sell,-2.81892152,1.95218256
1742340337841,usdt,32.69,deposit,1241.000000,8396.547263
1742343014864,usdc,32.3,deposit,2239.000000,17212.191460
1742343080966,btc,3256154.55,withdrawal,-0.00691662,0.02155327
1742343469429,btc,3256354.22,buy,0.01262586,0.03417913
1742344183731,eth,119274.24,withdrawal,-0.08489303,1.86728953
1742350067358,usdt,32.67,sell,-2479.148758,5917.398505
1742352336824,sol,6450.21,withdrawal,-3.49167151,18.69710219
1742366615359,doge,22.74,withdrawal,-494.99574296,3825.53694881
1742373198182,eth,119290.6,withdrawal,-0.12350423,1.74378530
1742380228688,eth,119348.09,deposit,0.45438106,2.19816636
1742391592903,doge,22.73,sell,-1704.81354397,2120.72340484
1742403423968,usdc,32.32,sell,-1347.866288,15864.325172
1742404883520,usdt,32.69,withdrawal,-122.000000,5795.398505
1742405208830,eth,119394.25,sell,-0.33856152,1.85960484
1742409380598,usdc,32.33,withdrawal,-333.000000,15531.325172
1742411304696,doge,22.82,sell,-400.90001448,1719.82339036
1742411339965,sol,6428.36,sell,-10.83236017,7.86474202
1742414394636,eth,119492.16,withdrawal,-0.66346930,1.19613554
1742417659126,sol,6430.77,sell,-2.57253021,5.29221181
1742418137705,twd,1.0,withdrawal,-29976,21105347
1742419290871,btc,3261860.17,sell,-0.00719125,0.02698788
1742419653835,doge,22.89,withdrawal,-163.79445603,1556.02893433
1742420331938,usdt,32.69,withdrawal,-350.000000,5445.398505
1742424866855,usdt,32.69,buy,1111.058640,6556.457145
1742425062715,usdt,32.68,buy,818.566836,7375.023981
1742425642807,usdt,32.68,buy,948.531507,8323.555488
1742430673458,sol,6424.68,sell,-0.95376087,4.33845094
1742432973822,eth,119421.08,withdrawal,-0.04689133,1.14924421
1742434957643,usdt,32.68,buy,835.978795,9159.534283
1742435103428,sol,6431.38,deposit,5.64714305,9.98559399
1742441294635,usdc,32.32,withdrawal,-234.000000,15297.325172
1742442443642,eth,119262.15,sell,-0.36603587,0.78320834
1742444642735,eth,119226.68,buy,0.23150244,1.01471078
1742446657469,btc,3264082.96,deposit,0.04426452,0.07125240
1742461284853,eth,119261.8,deposit,1.33937177,2.35408255
1742467131137,btc,3265930.84,withdrawal,-0.00747579,0.06377661
1742469401100,doge,23.27,withdrawal,-353.28243195,1202.74650238
1742473599420,sol,6442.23,deposit,3.02550908,13.01110307
1742474763955,twd,1.0,withdrawal,-19603,21009995
1742477093166,eth,119371.48,deposit,1.38711259,3.74119514
1742477132462,sol,6438.61,buy,1.60083719,14.61194026
1742477163743,doge,23.27,withdrawal,-114.26612370,1088.48037868
1742479116412,usdc,32.32,buy,322.679889,15620.005061
1742479271725,sol,6432.84,sell,-7.65405324,6.95788702
1742479491388,sol,6432.09,withdrawal,-0.63238711,6.32549991
1742480417654,usdt,32.74,sell,-4039.424110,5120.110173
1742483826641,doge,23.29,sell,-66.77612034,1021.70425834
1742485897079,doge,23.33,withdrawal,-167.89134052,853.81291782
1742495298941,eth,119170.56,withdrawal,-0.99486647,2.74632867
1742497606857,twd,1.0,withdrawal,-29042,21143249
1742500698533,eth,119247.58,buy,0.13346308,2.87979175
1742500938491,sol,6435.86,buy,2.19089404,8.51639395
1742501738838,btc,3266888.59,buy,0.01295722,0.07673383
1742512470667,usdt,32.74,deposit,2180.000000,7300.110173
1742518012156,sol,6437.93,withdrawal,-3.23117013,5.28522382
1742519488747,btc,3268356.63,deposit,0.03594512,0.11267895
1742528913794,usdc,32.29,buy,549.581161,16169.586222
1742534164846,usdt,32.75,deposit,1894.000000,9194.110173
1742545781289,sol,6435.19,withdrawal,-1.43312746,3.85209636
1742549581005,usdc,32.28,sell,-7596.908576,8572.677646
1742556264717,doge,23.16,buy,1957.11850419,2810.93142201
1742557039974,eth,119174.45,sell,-0.27223064,2.60756111
1742558271450,usdc,32.3,buy,856.512204,9429.189850
1742559929888,usdc,32.31,deposit,765.000000,10194.189850
1742563779988,doge,23.23,sell,-531.80921047,2279.12221154
1742576875304,eth,119331.15,deposit,0.73495075,3.34251186
1742582916117,usdc,32.33,buy,1369.054978,11563.244828
1742589288101,sol,6459.3,withdrawal,-1.00141142,2.85068494
1742594305949,btc,3269295.73,deposit,0.04748652,0.16016547
1742594352375,doge,23.25,buy,904.64646516,3183.76867670
1742598718118,usdt,32.76,buy,171.673884,9365.784057
1742603541054,eth,119267.09,withdrawal,-1.13017504,2.21233682
1742607846026,doge,23.22,buy,1786.22776102,4969.99643772
1742609331966,usdt,32.76,buy,857.692092,10223.476149
1742611625545,usdc,32.34,deposit,1169.000000,12732.244828
1742612996998,sol,6475.83,sell,-0.87233683,1.97834811
1742614055883,usdt,32.76,withdrawal,-401.000000,9822.476149
1742620160983,sol,6484.3,sell,-1.14083543,0.83751268
1742625031919,eth,119224.7,deposit,0.51065096,2.72298778
1742629306337,sol,6484.06,buy,3.02750114,3.86501382
1742639893084,usdt,32.76,sell,-563.196526,9259.279623
1742641814498,usdc,32.35,sell,-3101.866801,9630.378027
1742642059528,doge,23.27,buy,1433.84044826,6403.83688598
1742643871949,eth,119092.47,sell,-0.11920235,2.60378543
1742644218534,btc,3272525.47,sell,-0.07901594,0.08114953
1742646272297,btc,3272770.96,sell,-0.04769476,0.03345477
1742654326028,sol,6480.1,sell,-1.39865036,2.46636346
1742659717178,eth,119109.27,deposit,1.19024534,3.79403077
1742662481223,usdt,32.78,withdrawal,-105.000000,9154.279623
1742669600632,sol,6479.76,sell,-1.37280836,1.09355510
1742671063012,twd,1.0,withdrawal,-19146,21636266
1742677418080,usdt,32.78,withdrawal,-124.000000,9030.279623
1742678430121,sol,6485.7,buy,6.85917509,7.95273019
1742684108858,doge,23.28,withdrawal,-1064.16392361,5339.67296237
1742687207803,eth,119231.29,deposit,0.10174467,3.89577544
1742688300000,twd,1.0,deposit,62415,21654195
1742688720000,twd,1.0,deposit,98010,21752205
1742688780000,usdt,32.78,deposit,1023.000000,10053.279623
1742690700000,usdt,32.78,buy,940.530616,10993.810239
1742692788435,sol,6474.58,withdrawal,-1.92311302,6.02961717
1742693160000,usdc,32.35,buy,373.047601,10003.425628
1742694300000,doge,23.35,withdrawal,-1926.63726036,3413.03570201
1742694772400,usdc,32.35,buy,1159.208327,11162.633955
1742696160000,sol,6469.67,deposit,5.84935596,11.87897313
1742696700000,usdc,32.36,buy,843.014551,12005.648506
1742697000000,sol,6468.89,withdrawal,-3.34167209,8.53730104
1742699400000,eth,119259.6,buy,0.12261189,4.01838733
1742699820000,usdt,32.77,sell,-5060.504550,5933.305689
1742702603393,usdt,32.78,sell,-2014.425212,3918.880477
1742702791038,doge,23.38,withdrawal,-307.25949354,3105.77620847
1742705156114,usdc,32.36,deposit,719.000000,12724.648506
1742709721828,twd,1.0,withdrawal,-18195,21843578
1742711029585,eth,119368.24,sell,-1.91015761,2.10822972
1742716316862,btc,3278075.85,sell,-0.00780637,0.02564840
1742717218083,eth,119424.67,sell,-0.95108264,1.15714708
1742718477497,eth,119377.64,withdrawal,-0.45692324,0.70022384
1742726381007,usdt,32.74,sell,-637.005794,3281.874683
1742729350101,usdc,32.37,sell,-3255.308580,9469.339926
1742730027547,eth,119358.25,deposit,1.30945788,2.00968172
1742730184306,doge,23.5,deposit,1973.18524668,5078.96145515
1742732449760,doge,23.54,withdrawal,-1622.58398544,3456.37746971
1742737893617,sol,6479.55,deposit,4.18440131,12.72170235
1742738884840,eth,119349.96,deposit,1.01904382,3.02872554
1742741054117,eth,119294.31,deposit,1.30655998,4.33528552
1742746448664,doge,23.56,sell,-1267.28464047,2189.09282924
1742746934737,eth,119215.41,sell,-0.89611320,3.43917232
1742751664504,doge,23.53,buy,1543.87738038,3732.97020962
1742753838446,doge,23.53,sell,-1826.99119528,1905.97901434
1742754125747,doge,23.59,sell,-561.08127951,1344.89773483
1742754434573,doge,23.64,withdrawal,-82.76579410,1262.13194073
1742758337565,sol,6481.98,buy,3.34659685,16.06829920
1742761021020,usdc,32.38,withdrawal,-176.000000,9293.339926
1742764813045,btc,3282454.53,deposit,0.01600352,0.04165192
1742767409609,sol,6478.58,deposit,9.03772418,25.10602338
1742773701319,doge,23.74,sell,-295.44036988,966.69157085
1742774657107,usdc,32.39,withdrawal,-114.000000,9179.339926
1742776669246,btc,3282002.24,withdrawal,-0.01003514,0.03161678
1742778670773,doge,23.77,withdrawal,-50.97406050,915.71751035
1742788878088,usdt,32.78,sell,-1436.926414,1844.948269
1742792677281,doge,23.74,deposit,1481.19350182,2396.91101217
1742795506605,doge,23.69,withdrawal,-196.20365560,2200.70735657
1742801948083,btc,3283044.68,deposit,0.01784072,0.04945750
1742803969176,usdc,32.39,buy,826.995982,10006.335908
1742808892509,usdc,32.39,buy,599.687988,10606.023896
1742811920134,usdc,32.39,deposit,1319.000000,11925.023896
1742814720084,sol,6494.64,buy,2.28190184,27.38792522
1742816899725,doge,23.59,withdrawal,-153.82701504,2046.88034153
1742823577093,sol,6489.66,buy,7.62105635,35.00898157
1742824096448,sol,6494.76,withdrawal,-5.14996922,29.85901235
1742826579894,btc,3286650.64,deposit,0.01069858,0.06015608
1742828160305,usdc,32.37,withdrawal,-280.000000,11645.023896
1742828395324,btc,3288144.94,buy,0.00564953,0.06580561
1742831190353,usdc,32.39,buy,904.617885,12549.641781
1742832295699,btc,3288804.33,deposit,0.00598384,0.07178945
1742838110733,btc,3288382.71,sell,-0.00607162,0.06571783
1742839263382,usdc,32.4,withdrawal,-310.000000,12239.641781
1742840710291,doge,23.84,deposit,2089.27065452,4136.15099605
1742841387114,usdt,32.8,buy,1331.236585,3176.184854
1742846839543,btc,3291069.8,withdrawal,-0.01685261,0.04886522
1742847760922,eth,119366.63,withdrawal,-0.42507102,3.01410130
1742850682422,doge,23.9,withdrawal,-444.13757572,3692.01342033
1742850701054,usdc,32.4,buy,1243.103131,13482.744912
1742851590762,sol,6500.21,sell,-15.54191541,14.31709694
1742851901085,usdt,32.82,withdrawal,-72.000000,3104.184854
1742852537768,usdt,32.81,deposit,2187.000000,5291.184854
1742859599380,eth,119355.62,sell,-1.76153052,1.25257078
1742860706459,btc,3287229.54,buy,0.00499892,0.05386414
1742862268141,usdc,32.4,sell,-6794.518709,6688.226203
1742862368509,sol,6506.33,withdrawal,-2.63314386,11.68395308
1742862870267,sol,6511.14,withdrawal,-3.89668362,7.78726946
1742863560000,eth,119457.27,deposit,1.13015517,2.38272595
1742864940000,sol,6512.65,sell,-1.03770794,6.74956152
1742864964053,doge,24.05,withdrawal,-66.33813410,3625.67528623
1742865600000,usdc,32.39,deposit,1959.000000,8647.226203
1742866079666,usdc,32.4,withdrawal,-446.000000,8201.226203
1742867760000,usdc,32.39,deposit,2944.000000,11145.226203
1742868956007,sol,6515.03,withdrawal,-1.58728492,5.16227660
1742869860000,usdc,32.4,deposit,2482.000000,13627.226203
1742871480000,btc,3287197.66,deposit,0.01135674,0.06522088
1742872200000,btc,3287003.5,withdrawal,-0.01343350,0.05178738
1742877672015,sol,6514.88,sell,-0.49400576,4.66827084
1742883095509,doge,23.94,deposit,1688.55570370,5314.23098993
1742884956330,usdc,32.42,withdrawal,-353.000000,13274.226203
1742886505123,doge,24.03,withdrawal,-322.93622471,4991.29476522
1742887663496,btc,3290683.84,withdrawal,-0.01008006,0.04170732
1742890500021,usdt,32.89,withdrawal,-338.000000,4953.184854
1742902656989,usdt,32.89,deposit,2404.000000,7357.184854
1742902987581,usdt,32.89,deposit,1694.000000,9051.184854
1742911786177,eth,119315.84,sell,-0.89966904,1.48305691
1742912739738,sol,6525.3,deposit,8.93521873,13.60348957
1742912806584,twd,1.0,withdrawal,-28764,22907247
1742923712145,btc,3293108.44,sell,-0.01468957,0.02701775
1742933332384,doge,24.11,withdrawal,-1200.79269050,3790.50207472
1742934368703,usdt,32.88,buy,136.489452,9187.674306
1742937125288,sol,6533.23,buy,5.41224262,19.01573219
1742939078863,eth,119413.87,buy,0.18340134,1.66645825
1742943994039,btc,3293093.57,buy,0.01358901,0.04060676
1742948371060,doge,24.13,withdrawal,-744.59414775,3045.90792697
1742950088045,doge,24.1,withdrawal,-1039.67953538,2006.22839159
1742951130318,sol,6531.32,sell,-0.69336709,18.32236510
1742955151240,eth,119518.82,buy,0.11537465,1.78183290
1742958944203,twd,1.0,withdrawal,-20267,22819595
1742969202994,eth,119477.5,deposit,1.25188343,3.03371633
1742971309762,doge,24.06,withdrawal,-134.28685575,1871.94153584
1742973852350,sol,6529.6,deposit,10.47390783,28.79627293
1742976218866,usdc,32.42,buy,380.841695,13655.067898
1742979077662,twd,1.0,withdrawal,-17102,22790148
1742979509318,usdt,32.89,buy,1366.006528,10553.680834
1742982554752,usdc,32.42,sell,-1155.400627,12499.667271
1742984267739,doge,24.16,sell,-799.88670126,1072.05483458
1742988160055,btc,3294377.21,buy,0.00405651,0.04466327
1742989988166,btc,3295372.65,withdrawal,-0.00342270,0.04124057
1742990069515,sol,6538.35,deposit,7.88004765,36.67632058
1742991361734,twd,1.0,withdrawal,-14325,22774308
1742997705155,btc,3294908.36,deposit,0.02171071,0.06295128
1742999666251,btc,3294745.86,sell,-0.01955588,0.04339540
1743000849772,sol,6540.0,buy,1.23511387,37.91143445
1743001020000,twd,1.0,withdrawal,-21099,22809563
1743001440000,usdt,32.87,buy,672.473150,11226.153984
1743002024094,sol,6533.61,withdrawal,-5.43722168,32.47421277
1743002460000,usdc,32.4,withdrawal,-471.000000,12028.667271
1743002510753,usdc,32.39,deposit,1091.000000,13119.667271
1743003120000,usdt,32.87,deposit,1583.000000,12809.153984
1743003344033,eth,119575.38,deposit,1.37979083,4.41350716
1743005280000,sol,6545.02,buy,4.93115274,37.40536551
1743007320000,sol,6540.74,sell,-13.98741818,23.41794733
1743009960000,eth,119493.69,deposit,1.07208709,5.48559425
1743012043837,doge,24.2,deposit,2302.46820736,3374.52304194
1743014247762,eth,119578.46,withdrawal,-1.97701776,3.50857649
1743014346914,usdt,32.88,deposit,1349.000000,14158.153984
1743017104846,eth,119551.69,buy,0.29762916,3.80620565
1743017835312,btc,3294301.64,deposit,0.04636666,0.08976206
1743020178269,sol,6530.95,withdrawal,-1.40232451,22.01562282
1743027348805,eth,119669.99,sell,-1.14993708,2.65626857
1743030901980,eth,119731.65,sell,-0.62961454,2.02665403
1743031327480,usdt,32.87,sell,-3237.559950,10920.594034
1743039807419,usdt,32.87,withdrawal,-214.000000,10706.594034
1743041613509,sol,6529.16,sell,-2.24487179,19.77075103
1743042040103,sol,6531.58,buy,6.44488429,26.21563532
1743043031577,usdt,32.88,withdrawal,-104.000000,10602.594034
1743045114400,sol,6534.71,sell,-6.73268786,19.48294746
1743045957079,usdc,32.43,withdrawal,-420.000000,12699.667271
1743048561646,eth,119832.38,sell,-0.60711418,1.41953985
1743048680875,usdc,32.42,withdrawal,-93.000000,12606.667271
1743050440839,usdt,32.88,buy,1166.727772,11769.321806
1743056973058,usdt,32.87,withdrawal,-269.000000,11500.321806
1743060218571,eth,119845.32,withdrawal,-0.29250579,1.12703406
1743062359982,usdc,32.42,withdrawal,-252.000000,12354.667271
1743065379638,eth,119900.16,deposit,0.39164634,1.51868040
1743065502256,usdt,32.86,withdrawal,-474.000000,11026.321806
1743066788813,usdt,32.86,withdrawal,-130.000000,10896.321806
1743067009403,eth,119956.6,withdrawal,-0.10271505,1.41596535
1743072591928,btc,3295900.54,sell,-0.04119550,0.04856656
1743078462548,btc,3296584.54,buy,0.01272240,0.06128896
1743079506249,sol,6539.89,buy,0.34699937,19.82994683
1743086078738,twd,1.0,withdrawal,-28608,23244420
1743096066558,doge,24.56,withdrawal,-149.51484545,3225.00819649
1743101297233,btc,3300637.42,buy,0.00785901,0.06914797
1743106864559,btc,3301719.01,deposit,0.03382734,0.10297531
1743112977623,btc,3303013.16,deposit,0.01279788,0.11577319
1743114513780,eth,119853.4,buy,0.38618115,1.80214650
1743118440000,usdc,32.41,sell,-6597.455098,5757.212173
1743118991950,sol,6523.1,withdrawal,-4.51533713,15.31460970
1743119220000,usdc,32.42,sell,-2121.214520,3635.997653
1743119700000,doge,24.67,deposit,1889.35152449,5114.35972098
1743121560000,usdc,32.4,sell,-1506.174481,2129.823172
1743121832776,btc,3305354.0,withdrawal,-0.00884928,0.10692391
1743122498443,twd,1.0,withdrawal,-5748,23497857
1743122760000,doge,24.7,sell,-1413.10475114,3701.25496984
1743123125975,btc,3305791.15,deposit,0.03560941,0.14253332
1743123480000,sol,6521.16,withdrawal,-2.42388367,12.89072603
1743125160000,usdt,32.87,buy,1363.388035,12259.709841
1743125400000,eth,120121.18,sell,-0.31932316,1.48282334
1743125700000,usdc,32.41,withdrawal,-86.000000,2043.823172
1743126420000,eth,120180.54,withdrawal,-0.25829861,1.22452473
1743126480000,sol,6520.34,sell,-6.63050418,6.26022185
1743130529004,usdc,32.42,buy,572.943831,2616.767003
1743132054573,sol,6520.44,sell,-2.03558298,4.22463887
1743135967890,usdc,32.43,sell,-779.952953,1836.814050
1743136932917,btc,3311433.37,sell,-0.05321851,0.08931481
1743148018884,eth,120002.07,deposit,0.62892387,1.85344860
1743152050432,usdc,32.45,buy,595.981072,2432.795122
1743159713254,usdc,32.44,buy,449.202977,2881.998099
1743164306991,usdc,32.45,sell,-182.742999,2699.255100
1743164702843,usdt,32.91,sell,-1208.004076,11051.705765
1743170464686,usdc,32.43,withdrawal,-252.000000,2447.255100
1743171311323,usdc,32.43,withdrawal,-231.000000,2216.255100
1743171796852,eth,120043.86,sell,-0.18561388,1.66783472
1743171855677,usdt,32.92,withdrawal,-417.000000,10634.705765
1743177827216,eth,120114.77,withdrawal,-0.13212453,1.53571019
1743179190590,sol,6528.52,buy,6.20607636,10.43071523
1743192857943,usdt,32.91,deposit,2224.000000,12858.705765
1743193310240,btc,3309530.64,buy,0.01238294,0.10169775
1743194776767,twd,1.0,withdrawal,-27003,23691319
1743200664559,eth,120151.61,withdrawal,-0.29780984,1.23790035
1743201499610,eth,120098.38,buy,0.09467969,1.33258004
1743208451644,usdt,32.92,sell,-4341.109015,8517.596750
1743209812701,doge,25.03,withdrawal,-221.96798118,3479.28698866
1743214455021,twd,1.0,withdrawal,-8379,23814473
1743224309711,doge,24.94,withdrawal,-1356.47887246,2122.80811620
1743227310454,btc,3306550.69,withdrawal,-0.00872651,0.09297124
1743228300000,eth,120127.46,deposit,0.41146532,1.74404536
1743230760000,usdt,32.89,buy,410.968828,8928.565578
1743231560126,twd,1.0,deposit,59792,23860746
1743231850098,usdt,32.9,buy,1023.029917,9951.595495
1743232380000,btc,3306549.09,buy,0.01371127,0.10668251
1743233160000,twd,1.0,withdrawal,-16027,23765725
1743233494148,eth,120131.16,deposit,1.40559451,3.14963987
1743234094739,sol,6553.22,deposit,12.52866222,22.95937745
1743235440000,doge,25.01,deposit,297.25525109,2420.06336729
1743238140000,doge,24.98,buy,1592.83962579,4012.90299308
1743239040000,eth,120156.78,sell,-0.59777198,2.55186789
1743240180000,usdc,32.43,sell,-727.809637,1488.445463
1743249958622,usdt,32.9,buy,1379.880282,11331.475777
1743250330294,usdc,32.43,sell,-137.923098,1350.522365
1743251647649,doge,24.97,sell,-1598.33057930,2414.57241378
1743252979666,usdt,32.89,withdrawal,-243.000000,11088.475777
1743255714757,usdc,32.43,buy,319.812377,1670.334742
1743257004879,usdc,32.43,deposit,1296.000000,2966.334742
1743269220143,usdt,32.89,sell,-4803.917357,6284.558420
1743271325150,sol,6565.94,withdrawal,-5.88316268,17.07621477
1743277270493,usdc,32.41,buy,930.849247,3897.183989
1743282819847,eth,120305.94,sell,-0.45046370,2.10140419
1743285810328,sol,6564.8,sell,-4.09115486,12.98505991
1743293016219,usdc,32.42,deposit,2885.000000,6782.183989
1743293373088,usdc,32.43,withdrawal,-184.000000,6598.183989
1743296280236,usdc,32.42,sell,-1274.402707,5323.781282
1743297370053,usdc,32.43,deposit,2089.000000,7412.781282
1743303522698,usdt,32.88,buy,1317.510871,7602.069291
1743304307297,doge,24.88,deposit,1320.96823978,3735.54065356
1743307427253,sol,6576.94,sell,-1.03535250,11.94970741
1743323591886,usdc,32.44,buy,689.605659,8102.386941
1743325407975,usdt,32.87,withdrawal,-363.000000,7239.069291
1743326175828,usdc,32.44,sell,-2072.929136,6029.457805
1743333918468,eth,120474.21,buy,0.15330788,2.25471207
1743336129712,btc,3303826.12,buy,0.00185221,0.10853472
1743336354281,btc,3302524.41,sell,-0.04295239,0.06558233
1743339121235,btc,3301170.12,sell,-0.02017684,0.04540549
1743343455174,sol,6578.66,deposit,4.26463690,16.21434431
1743347803278,doge,25.03,buy,544.19680620,4279.73745976
1743350178095,usdc,32.41,withdrawal,-401.000000,5628.457805
1743352236905,usdc,32.41,withdrawal,-185.000000,5443.457805
1743352533703,btc,3301286.5,deposit,0.02347518,0.06888067
1743355047862,usdc,32.4,withdrawal,-292.000000,5151.457805
1743355442877,usdt,32.87,deposit,2090.000000,9329.069291
1743358249586,usdc,32.41,deposit,2493.000000,7644.457805
1743359908861,usdc,32.41,withdrawal,-72.000000,7572.457805
1743367939950,usdc,32.41,withdrawal,-253.000000,7319.457805
1743374287145,usdc,32.42,deposit,1955.000000,9274.457805
1743376523582,doge,25.09,deposit,1938.21812759,6217.95558735
1743378816630,twd,1.0,deposit,114049,24352816
1743379029267,sol,6603.83,buy,4.25619951,20.47054382
1743381859953,twd,1.0,deposit,78506,24403215
1743384399857,sol,6595.93,buy,6.66664994,27.13719376
1743388234251,sol,6599.99,deposit,4.15319059,31.29038435
1743390725287,usdt,32.86,deposit,1001.000000,10330.069291
1743407447421,doge,25.22,sell,-700.18035957,5517.77522778
1743407516239,eth,120340.34,withdrawal,-0.89751836,1.35719371
1743418834088,twd,1.0,deposit,130619,24507521
1743421526578,eth,120342.62,sell,-0.07658360,1.28061011
1743424522417,eth,120302.4,deposit,0.11574318,1.39635329
1743428617851,usdc,32.41,sell,-738.293103,8536.164702
1743429899382,usdt,32.86,buy,1134.196604,11464.265895
1743433456576,sol,6609.15,deposit,5.99344652,37.28383087
1743436595195,usdt,32.87,withdrawal,-54.000000,11410.265895
1743437849718,usdt,32.87,deposit,1357.000000,12767.265895
1743441331000,sol,6604.23,buy,5.61564035,42.89947122
1743447924837,eth,120178.68,sell,-0.05935939,1.33699390
1743449830425,eth,120148.78,buy,0.39277746,1.72977136
1743453107402,doge,25.33,sell,-2088.80599132,3428.96923646
1743454085475,usdt,32.85,withdrawal,-284.000000,12483.265895
1743456491304,eth,120174.49,sell,-0.49408551,1.23568585
1743461349900,usdc,32.41,withdrawal,-160.000000,8376.164702
1743466148604,usdc,32.41,sell,-3681.909583,4694.255119
1743466919466,eth,120049.79,sell,-0.72123129,0.51445456
1743468317962,sol,6607.5,withdrawal,-15.32160170,27.57786952
1743474470628,usdc,32.41,buy,588.315229,5282.570348
1743477407836,sol,6616.51,deposit,2.69235745,30.27022697
1743479594570,twd,1.0,withdrawal,-29340,24696050
1743487461315,btc,3300620.79,buy,0.00421988,0.07310055
1743488659486,eth,120163.22,sell,-0.23724900,0.27720556
1743495406183,twd,1.0,withdrawal,-20453,24690177
1743499495084,eth,120231.21,buy,0.38253402,0.65973958
1743506834751,twd,1.0,deposit,82061,24726246
1743511924489,sol,6612.93,withdrawal,-2.80968980,27.46053717
1743514637560,doge,25.45,withdrawal,-1327.10794971,2101.86128675
1743515040121,btc,3296429.81,deposit,0.02754273,0.10064328
1743519951383,sol,6607.42,sell,-2.70047860,24.76005857
1743525110081,sol,6608.99,sell,-6.86631193,17.89374664
1743528611717,sol,6604.3,buy,6.41502816,24.30877480
1743529074187,usdt,32.89,sell,-7065.190810,5418.075085
1743530434528,btc,3301275.13,withdrawal,-0.02284376,0.07779952
1743531138958,sol,6598.92,deposit,11.48039943,35.78917423
1743532482171,eth,120235.6,withdrawal,-0.13410414,0.52563544
1743533269216,btc,3301804.56,withdrawal,-0.00502499,0.07277453
1743537748372,btc,3301487.62,withdrawal,-0.01979831,0.05297622
1743538881345,sol,6595.32,buy,3.21869703,39.00787126
1743541402136,eth,120176.79,withdrawal,-0.15457454,0.37106090
1743542766868,usdc,32.37,sell,-2956.953024,2325.617324
1743542936843,doge,25.43,deposit,1222.42881661,3324.29010336
1743546389991,usdc,32.35,sell,-641.588992,1684.028332
1743551875164,btc,3301301.08,sell,-0.02021353,0.03276269
1743553938323,usdt,32.88,withdrawal,-461.000000,4957.075085
1743554802846,eth,120014.21,withdrawal,-0.02263054,0.34843036
1743557684602,btc,3303433.33,withdrawal,-0.00654474,0.02621795
1743560784269,doge,25.49,deposit,962.62424482,4286.91434818
1743567368762,sol,6609.55,sell,-13.48802049,25.51985077
1743568568372,usdt,32.91,sell,-358.330148,4598.744937
1743569483715,usdt,32.91,sell,-482.572610,4116.172327
1743569758581,sol,6611.35,withdrawal,-9.52881816,15.99103261
1743573510179,sol,6607.56,withdrawal,-4.86135556,11.12967705
1743576116883,usdt,32.89,withdrawal,-167.000000,3949.172327
1743576761410,usdt,32.9,deposit,1793.000000,5742.172327
1743581722065,eth,119878.3,withdrawal,-0.03282124,0.31560912
1743582035627,usdc,32.35,sell,-727.228678,956.799654
1743592414386,sol,6613.13,withdrawal,-1.66059757,9.46907948
1743594442575,eth,119879.41,withdrawal,-0.09563303,0.21997609
1743596695143,doge,25.58,sell,-2030.01034929,2256.90399889
1743602722482,eth,119952.1,deposit,0.18551494,0.40549103
1743605104524,doge,25.52,buy,775.79703039,3032.70102928
1743605529917,sol,6626.23,buy,1.78137747,11.25045695
1743606300000,sol,6624.74,deposit,14.89836489,26.14882184
1743608119235,usdc,32.37,deposit,784.000000,1740.799654
1743608166869,usdc,32.36,sell,-420.016220,1320.783434
1743608378643,doge,25.61,sell,-1393.49083242,1639.21019686
1743608913001,doge,25.59,withdrawal,-278.74987225,1360.46032461
1743610339347,btc,3302258.11,buy,0.00078753,0.02700548
1743612319118,eth,120032.39,deposit,1.42352444,1.82901547
1743616764903,eth,120020.43,sell,-0.74693475,1.08208072
1743616881051,doge,25.62,withdrawal,-283.87468501,1076.58563960
1743617054300,usdc,32.34,buy,477.382330,1798.165764
1743621970390,sol,6615.63,withdrawal,-1.76730614,24.38151570
1743629568011,usdc,32.33,sell,-592.095249,1206.070515
1743630737718,eth,119982.32,sell,-0.59291185,0.48916887
1743632321016,eth,119949.93,deposit,1.06088966,1.55005853
1743639031233,doge,25.65,deposit,467.49334244,1544.07898204
1743639292668,eth,119923.73,buy,0.27557917,1.82563770
1743643984721,doge,25.67,withdrawal,-388.78769509,1155.29128695
1743645752827,eth,120006.93,sell,-0.13390721,1.69173049
1743647525100,usdc,32.35,deposit,794.000000,2000.070515
1743655287953,usdc,32.35,sell,-877.082007,1122.988508
1743659338572,usdc,32.35,withdrawal,-400.000000,722.988508
1743664155032,twd,1.0,withdrawal,-5358,25519299
1743673918110,doge,25.82,withdrawal,-157.98165550,997.30963145
1743679945381,usdt,32.85,withdrawal,-151.000000,5591.172327
1743680346207,doge,25.85,sell,-103.43145969,893.87817176
1743684975188,sol,6641.6,withdrawal,-6.84142753,17.54008817
1743687859437,doge,25.79,sell,-401.42947094,492.44870082
1743688031425,twd,1.0,withdrawal,-12055,25520273
1743688516668,usdc,32.37,sell,-334.634192,388.354316
1743691405730,doge,25.85,buy,170.06796779,662.51666861
1743693105199,sol,6645.57,buy,1.77164971,19.31173788
1743709053862,doge,25.83,withdrawal,-79.62319001,582.89347860
1743709874709,doge,25.86,deposit,1862.94553372,2445.83901232
1743711568514,sol,6645.09,sell,-7.26525423,12.04648365
1743715066812,sol,6649.61,withdrawal,-2.45112020,9.59536345
1743720332270,sol,6646.97,withdrawal,-2.36303972,7.23232373
1743722056368,usdt,32.86,buy,638.899334,6230.071661
1743725894160,btc,3307153.78,deposit,0.02041307,0.04741855
1743731928281,usdc,32.35,deposit,1931.000000,2319.354316
1743733196627,usdc,32.35,buy,227.053145,2546.407461
1743734456825,eth,120214.97,withdrawal,-0.55521136,1.13651913
1743736260000,eth,120155.44,deposit,0.94868588,2.08520501
1743736837381,eth,120159.74,withdrawal,-0.21288953,1.87231548
1743736980000,btc,3310584.2,buy,0.01059610,0.05801465
1743737481206,usdt,32.88,buy,886.659479,7116.731140
1743738720000,sol,6644.52,deposit,2.63788291,9.87020664
1743740185180,twd,1.0,deposit,26748,25497388
1743740903929,btc,3312732.41,deposit,0.01979210,0.07780675
1743740940000,usdc,32.32,withdrawal,-445.000000,2101.407461
1743741360000,doge,25.94,buy,878.77929754,3324.61830986
1743744000000,sol,6653.59,sell,-4.17457141,5.69563523
1743744662158,twd,1.0,deposit,61027,25563398
1743744824922,doge,25.92,buy,194.53477754,3519.15308740
1743745560000,twd,1.0,withdrawal,-10854,25547502
1743748040150,btc,3313551.6,deposit,0.02537688,0.10318363
1743750215172,usdc,32.32,withdrawal,-317.000000,1784.407461
1743754781697,btc,3312063.05,sell,-0.05048376,0.05269987
1743755313373,btc,3310984.18,deposit,0.02691522,0.07961509
1743757799090,twd,1.0,deposit,117475,25832182
1743760487616,eth,120352.1,buy,0.26134267,2.13365815
1743765194757,usdt,32.89,sell,-2702.908341,4413.822799
1743766213243,usdc,32.32,buy,1006.271140,2790.678601
1743767300901,sol,6638.4,sell,-1.46327759,4.23235764
1743770635732,twd,1.0,withdrawal,-13227,25853595
1743777497033,doge,25.86,sell,-1544.27639336,1974.87669404
1743778282965,eth,120333.47,buy,0.19074126,2.32439941
1743779533629,btc,3313622.5,sell,-0.01762883,0.06198626
1743780659946,usdc,32.33,sell,-228.471620,2562.206981
1743781080240,sol,6643.49,deposit,4.42324616,8.65560380
1743784030622,usdc,32.33,deposit,1773.000000,4335.206981
1743785741268,doge,25.87,buy,1580.94928035,3555.82597439
1743791164184,sol,6640.98,deposit,5.34971579,14.00531959
1743793973595,usdc,32.32,deposit,2303.000000,6638.206981
1743796287117,doge,25.91,buy,1685.18547793,5241.01145232
1743799995698,doge,25.88,sell,-151.56636093,5089.44509139
1743801128686,doge,25.91,withdrawal,-1092.78228114,3996.66281025
1743802851703,eth,120248.73,withdrawal,-0.52591335,1.79848606
1743803315886,usdt,32.95,deposit,2596.000000,7009.822799
1743808746275,usdt,32.95,deposit,2402.000000,9411.822799
1743809529592,sol,6647.24,withdrawal,-2.65761240,11.34770719
1743810054012,btc,3317430.84,withdrawal,-0.00683087,0.05515539
1743815301146,btc,3316507.35,buy,0.00407240,0.05922779
1743817807768,usdc,32.3,buy,1169.804809,7808.011790
1743819940891,usdt,32.96,withdrawal,-57.000000,9354.822799
1743820343583,usdt,32.96,withdrawal,-443.000000,8911.822799
1743826717389,usdt,32.96,buy,500.874744,9412.697543
1743827372534,usdt,32.96,deposit,2374.000000,11786.697543
1743827972645,btc,3313656.57,sell,-0.02438398,0.03484381
1743828442429,eth,120229.08,withdrawal,-0.13188839,1.66659767
1743830318990,usdc,32.29,deposit,2599.000000,10407.011790
1743831980384,sol,6635.97,withdrawal,-1.53727614,9.81043105
1743833145246,doge,26.0,deposit,1365.15288508,5361.81569533
1743833991284,btc,3316535.48,withdrawal,-0.01261920,0.02222461
1743841992475,eth,120355.98,deposit,0.22957993,1.89617760
1743842991609,sol,6631.24,deposit,14.08402281,23.89445386
1743843800085,usdt,32.97,sell,-463.219723,11323.477820
1743857559056,eth,120389.84,buy,0.37607173,2.27224933
1743862246269,sol,6640.08,sell,-5.11361563,18.78083823
1743863571335,usdt,32.97,sell,-630.327557,10693.150263
1743864465875,usdt,32.97,withdrawal,-440.000000,10253.150263
1743864488416,btc,3317281.77,sell,-0.00091091,0.02131370
1743865020000,sol,6632.05,deposit,9.58124050,28.36207873
1743866005855,btc,3316266.28,buy,0.00265804,0.02397174
1743867000000,btc,3317017.01,withdrawal,-0.00587765,0.01809409
1743868560000,eth,120293.02,withdrawal,-0.62414429,1.64810504
1743870960000,usdt,32.99,withdrawal,-429.000000,9824.150263
1743871320000,usdt,32.99,sell,-2314.727973,7509.422290
1743872160000,eth,120319.6,sell,-0.74032183,0.90778321
1743874320000,usdt,33.01,deposit,1547.000000,9056.422290
1743878122362,doge,26.16,sell,-2183.60441248,3178.21128285
1743878659393,usdt,32.99,sell,-1734.050295,7322.371995
1743879594366,eth,120288.4,deposit,0.23639573,1.14417894
1743880000778,doge,26.14,deposit,1481.19975460,4659.41103745
1743881426442,usdc,32.3,withdrawal,-383.000000,10024.011790
1743884941321,usdt,33.0,sell,-1354.805744,5967.566251
1743893462474,eth,120325.03,withdrawal,-0.41870397,0.72547497
1743896144432,eth,120295.94,withdrawal,-0.23427852,0.49119645
1743900561614,eth,120257.84,buy,0.40689035,0.89808680
1743901619035,usdc,32.29,sell,-1832.224287,8191.787503
1743902939073,twd,1.0,withdrawal,-6240,26216143
1743906019779,usdt,32.99,deposit,2109.000000,8076.566251
1743907207795,twd,1.0,withdrawal,-16358,26199785
1743917156332,usdt,32.98,buy,67.058615,8143.624866
1743923389556,usdt,32.99,deposit,748.000000,8891.624866
1743931643759,doge,26.14,buy,1476.78975046,6136.20078791
1743932943334,btc,3320781.31,buy,0.01333417,0.03142826
1743933712047,eth,120092.67,deposit,1.24609416,2.14418096
1743934648151,sol,6664.78,buy,0.81774038,29.17981911
1743937540586,twd,1.0,deposit,84302,26193545
1743939711996,btc,3320333.58,withdrawal,-0.00800757,0.02342069
1743943655347,usdt,32.99,buy,1188.523711,10080.148577
1743946597044,usdc,32.28,deposit,2622.000000,10813.787503
1743949120745,eth,120102.94,buy,0.04600370,2.19018466
1743952560939,sol,6663.63,buy,4.34993392,33.52975303
1743956350339,sol,6659.47,deposit,13.09461172,46.62436475
1743958011200,usdc,32.28,deposit,509.000000,11322.787503
1743958027667,eth,120098.29,withdrawal,-0.34476177,1.84542289
1743965685970,btc,3324481.29,buy,0.00834443,0.03176512
1743968147095,usdt,32.98,buy,1322.033168,11402.181745
1743969205209,sol,6658.39,buy,2.46932331,49.09368806
1743982910227,usdc,32.3,withdrawal,-162.000000,11160.787503
1743985340734,usdc,32.3,buy,883.569686,12044.357189
1743985516933,btc,3327646.75,buy,0.00578249,0.03754761
1743990941903,usdt,32.97,buy,532.106277,11934.288022
1743994949684,doge,26.45,withdrawal,-1600.20909438,4535.99169353
1743996585935,twd,1.0,withdrawal,-29313,25937407
1744007687512,sol,6670.5,sell,-7.63172458,41.46196348
1744009478410,btc,3327274.02,withdrawal,-0.00469814,0.03284947
1744012048033,doge,26.51,buy,993.17844059,5529.17013412
1744012999487,usdc,32.31,buy,838.146044,12882.503233
1744020200894,doge,26.52,deposit,2227.42940687,7756.59954099
1744021409228,btc,3327276.45,sell,-0.01432576,0.01852371
1744026412735,twd,1.0,deposit,46242,26028814
1744029812027,twd,1.0,deposit,113917,26142731
1744036410536,sol,6663.78,deposit,3.17013673,44.63210021
1744044476340,doge,26.54,sell,-4303.69979976,3452.89974123
1744046982958,usdc,32.3,deposit,1176.000000,14058.503233
1744049322314,sol,6653.86,withdrawal,-16.51716074,28.11493947
1744049646672,twd,1.0,withdrawal,-24083,26232884
1744052794435,btc,3325990.17,withdrawal,-0.00549397,0.01302974
1744062560397,sol,6660.49,deposit,13.46782154,41.58276101
1744062966471,eth,120178.08,deposit,1.06438263,2.90980552
1744069370743,btc,3327682.26,sell,-0.00521405,0.00781569
1744072838091,btc,3327048.99,deposit,0.03993185,0.04774754
1744074501631,usdt,32.97,withdrawal,-264.000000,11670.288022
1744077539631,doge,26.72,withdrawal,-68.98089692,3383.91884431
1744083621969,doge,26.76,deposit,1747.58484543,5131.50368974
1744086696102,doge,26.75,buy,1765.26137657,6896.76506631
1744093618188,btc,3325947.43,sell,-0.01880539,0.02894215
1744098915815,eth,120112.05,buy,0.01999123,2.92979675
1744101601320,sol,6675.75,buy,2.89103776,44.47379877
1744108405973,usdc,32.27,sell,-2557.155451,11501.347782
1744120661882,twd,1.0,deposit,112152,26438530
1744122786108,sol,6679.96,buy,1.78363313,46.25743190
1744124477204,btc,3326744.7,deposit,0.04678696,0.07572911
1744127538391,doge,26.76,buy,1159.34997762,8056.11504393
1744129537940,doge,26.79,sell,-4830.18417293,3225.93087100
1744132179427,usdc,32.27,withdrawal,-83.000000,11418.347782
1744132914624,usdt,32.99,deposit,2284.000000,13954.288022
1744133054022,usdc,32.28,withdrawal,-493.000000,10925.347782
1744134180000,sol,6672.09,buy,5.97146753,52.22889943
1744137407135,eth,120058.1,deposit,1.07797760,4.00777435
1744145909990,doge,26.78,withdrawal,-1036.82289484,2189.10797616
1744152900100,sol,6670.97,sell,-13.41065839,38.81824104
1744154418910,sol,6673.55,deposit,3.53250383,42.35074487
1744155184264,usdt,32.98,deposit,2885.000000,16839.288022
1744162567723,usdc,32.29,deposit,721.000000,11646.347782
1744163218569,usdc,32.3,deposit,650.000000,12296.347782
1744163475480,btc,3333609.05,buy,0.00077583,0.07650494
1744168438367,btc,3334692.85,deposit,0.04459550,0.12110044
1744169123958,usdc,32.31,sell,-324.705147,11971.642635
1744173713898,usdc,32.31,withdrawal,-82.000000,11889.642635
1744181600386,usdt,32.96,deposit,1220.000000,18059.288022
1744186969952,btc,3332736.19,sell,-0.01423346,0.10686698
1744187486770,usdc,32.32,buy,429.498925,12319.141560
1744187980195,btc,3331682.94,buy,0.00311097,0.10997795
1744192978266,usdc,32.32,withdrawal,-84.000000,12235.141560
1744194416709,eth,120169.2,sell,-1.00117432,3.00660003
1744197127591,sol,6664.02,deposit,12.91397684,55.26472171
1744202081283,doge,27.03,sell,-685.19907152,1503.90890464
1744204913046,btc,3333726.6,deposit,0.01312318,0.12310113
1744206790793,eth,120154.15,withdrawal,-0.94892695,2.05767308
1744208068012,sol,6664.2,sell,-2.78382988,52.48089183
1744213552503,doge,27.09,deposit,341.31404885,1845.22295349
1744226753187,btc,3333227.42,buy,0.00572335,0.12882448
1744229460460,usdt,32.94,deposit,2913.000000,20972.288022
1744240829746,eth,120145.01,withdrawal,-0.42760048,1.63007260
1744245821210,btc,3334372.57,buy,0.00067488,0.12949936
1744248058340,sol,6678.33,buy,4.56831993,57.04921176
1744251285537,btc,3334912.99,sell,-0.05446786,0.07503150
1744261610622,twd,1.0,deposit,76561,26969443
1744263655835,usdc,32.33,sell,-4788.310156,7446.831404
1744265130670,btc,3336090.46,sell,-0.00908706,0.06594444
1744265281483,doge,27.18,deposit,1100.11174624,2945.33469973
1744277016010,eth,120167.57,deposit,0.75947734,2.38954994
1744284765213,twd,1.0,deposit,133943,27288490
1744288835722,sol,6673.37,sell,-33.69753227,23.35167949
1744291353052,twd,1.0,deposit,128175,27641541
1744292045363,sol,6674.39,buy,4.89234054,28.24402003
1744297053415,sol,6671.32,deposit,6.65390484,34.89792487
1744300326084,eth,120298.07,sell,-1.39504769,0.99450225
1744302395814,sol,6675.65,buy,4.82991808,39.72784295
1744304141901,sol,6679.15,buy,3.47339606,43.20123901
1744311826433,btc,3338367.27,deposit,0.01926502,0.08520946
1744314009412,usdt,32.93,sell,-8355.207732,12617.080290
1744317550081,sol,6687.28,buy,4.82580768,48.02704669
1744318521538,btc,3339419.27,buy,0.01094557,0.09615503
1744319801257,eth,120419.61,withdrawal,-0.05894454,0.93555771
1744330968356,usdt,32.93,buy,830.296544,13447.376834
1744331034563,btc,3339699.44,sell,-0.00823367,0.08792136
1744333789735,twd,1.0,deposit,145038,28072732
1744335505406,doge,27.43,buy,748.02641001,3693.36110974
1744338538597,usdc,32.35,buy,341.239835,7788.071239
1744350519667,usdt,32.94,withdrawal,-428.000000,13019.376834
1744358058541,btc,3338499.66,buy,0.00763196,0.09555332
1744361107894,doge,27.39,buy,813.33870025,4506.69980999
1744366969369,usdt,32.92,buy,1389.982441,14409.359275
1744377213289,eth,120358.0,deposit,1.44052252,2.37608023
1744378672553,eth,120411.42,withdrawal,-0.56989009,1.80619014
1744380055500,eth,120421.95,sell,-0.61229363,1.19389651
1744386458479,btc,3337742.12,withdrawal,-0.02070671,0.07484661
1744396859051,doge,27.48,deposit,312.91133093,4819.61114092
1744400475255,sol,6705.19,buy,6.63654122,54.66358791
1744400848268,usdt,32.92,withdrawal,-406.000000,14003.359275
1744401067419,doge,27.44,deposit,1813.90018853,6633.51132945
1744404733282,usdt,32.92,sell,-5705.420704,8297.938571
1744406819340,btc,3336718.79,buy,0.00917241,0.08401902
1744408196348,usdc,32.32,withdrawal,-181.000000,7607.071239
1744409097150,eth,120288.99,withdrawal,-0.08427574,1.10962077
1744415989250,btc,3335509.73,buy,0.00218787,0.08620689
1744430237838,btc,3336654.16,deposit,0.03235608,0.11856297
1744436022005,twd,1.0,withdrawal,-23544,28103279
1744440178685,usdc,32.32,deposit,1054.000000,8661.071239
1744454649039,btc,3336579.68,buy,0.00547097,0.12403394
1744462463804,doge,27.4,deposit,1058.31471759,7691.82604704
1744465042085,doge,27.36,deposit,441.19773077,8133.02377781
1744465352021,btc,3337832.56,buy,0.00933836,0.13337230
1744468687678,sol,6707.0,withdrawal,-13.72009738,40.94349053
1744469670502,doge,27.37,deposit,302.23897638,8435.26275419
1744472561246,btc,3336552.87,deposit,0.04721987,0.18059217
1744472695641,btc,3335250.94,buy,0.00359013,0.18418230
1744477421387,usdc,32.33,withdrawal,-246.000000,8415.071239
1744478488770,sol,6708.45,buy,5.62308134,46.56657187
1744480899106,eth,120497.37,deposit,0.94052905,2.05014982
1744483768239,usdt,32.94,deposit,1777.000000,10074.938571
1744485724365,btc,3334663.38,sell,-0.00850143,0.17568087
1744488491908,twd,1.0,deposit,82036,28114544
1744489788612,usdc,32.31,deposit,2260.000000,10675.071239
1744490931350,sol,6711.37,deposit,8.53455860,55.10113047
1744492023494,eth,120592.49,withdrawal,-0.49663352,1.55351630
1744500905947,twd,1.0,withdrawal,-26243,28088301
1744513321940,eth,120620.79,buy,0.38788714,1.94140344
1744516345223,usdt,32.91,deposit,2782.000000,12856.938571
1744518183079,eth,120601.65,withdrawal,-0.62801980,1.31338364
1744520181339,btc,3335415.21,buy,0.01104359,0.18672446
1744522080000,btc,3335910.02,withdrawal,-0.00627595,0.18044851
1744522391803,usdt,32.92,buy,143.162291,13000.100862
1744523547994,twd,1.0,deposit,35899,28035866
1744524600000,usdc,32.3,withdrawal,-290.000000,10385.071239
1744525755367,usdc,32.3,buy,457.007976,10842.079215
1744525887341,doge,27.45,withdrawal,-1169.45325646,7265.80949773
1744531192609,btc,3334555.84,buy,0.00948266,0.18993117
1744537138832,sol,6718.45,deposit,3.91871757,59.01984804
1744541190943,eth,120620.84,deposit,0.70272369,2.01610733
1744542628460,usdt,32.91,deposit,695.000000,13695.100862
1744546539630,sol,6721.03,buy,5.55739572,64.57724376
1744547038551,btc,3338287.84,buy,0.00807760,0.19800877
1744547321017,sol,6715.35,sell,-6.01765033,58.55959343
1744559598399,usdc,32.28,buy,1380.045232,12222.124447
1744561671244,btc,3339354.02,deposit,0.01426939,0.21227816
1744565410760,usdc,32.28,deposit,1077.000000,13299.124447
1744567484188,usdc,32.27,sell,-3036.722098,10262.402349
1744579545590,usdc,32.27,sell,-3153.471146,7108.931203
1744581865322,doge,27.65,withdrawal,-1003.49206889,6262.31742884
1744582202390,sol,6712.06,withdrawal,-17.10333368,41.45625975
1744587750507,sol,6710.58,withdrawal,-14.90594801,26.55031174
1744593485703,eth,120615.95,sell,-0.58918734,1.42691999
1744596215948,usdt,32.93,deposit,2391.000000,16086.100862
1744596785042,usdc,32.28,deposit,2130.000000,9238.931203
1744603284833,doge,27.82,buy,1227.86064086,7490.17806970
1744604501025,doge,27.86,withdrawal,-2322.90482529,5167.27324441
1744609753641,doge,27.88,sell,-2381.81969837,2785.45354604
1744612728286,usdt,32.91,buy,1422.225574,17508.326436
1744616655639,sol,6704.92,deposit,14.47348460,41.02379634
1744617399973,usdc,32.26,withdrawal,-322.000000,8916.931203
1744618794699,usdt,32.91,deposit,2471.000000,19979.326436
1744622921719,usdc,32.27,sell,-591.621062,8325.310141
1744623993504,eth,120666.8,withdrawal,-0.17108827,1.25583172
1744626801132,btc,3343178.25,withdrawal,-0.06946633,0.14281183
1744626881253,usdt,32.92,sell,-5987.500155,13991.826281
1744635757122,usdt,32.92,deposit,1414.000000,15405.826281
1744646384201,sol,6715.72,withdrawal,-4.90318963,36.12060671
1744666742762,usdt,32.92,withdrawal,-260.000000,15145.826281
1744672692359,usdc,32.25,deposit,2473.000000,10798.310141
1744674266238,sol,6712.37,buy,4.38533502,40.50594173
1744680627975,btc,3343982.28,sell,-0.07371390,0.06909793
1744688357938,twd,1.0,withdrawal,-10687,28599901
1744694571882,eth,120653.3,withdrawal,-0.18454811,1.07128361
1744697546191,usdt,32.9,buy,1294.294553,16440.120834
1744699930333,eth,120673.04,buy,0.23832876,1.30961237
1744700497654,usdc,32.22,sell,-2028.401360,8769.908781
1744702106569,usdt,32.92,buy,1300.645304,17740.766138
1744703198817,btc,3341174.01,deposit,0.02246826,0.09156619
1744711038374,btc,3342364.27,sell,-0.04929780,0.04226839
1744712211026,sol,6708.36,deposit,3.45212122,43.95806295
1744714283164,btc,3342182.82,deposit,0.03232769,0.07459608
1744719692446,usdt,32.92,withdrawal,-88.000000,17652.766138
1744721812412,eth,120856.08,buy,0.12706006,1.43667243
1744727805312,btc,3343079.46,deposit,0.03570768,0.11030376
1744728831836,usdt,32.93,withdrawal,-118.000000,17534.766138
1744730034155,eth,120955.4,deposit,0.52756700,1.96423943
1744732732052,usdc,32.23,buy,1034.152504,9804.061285
1744736789165,usdt,32.92,deposit,1325.000000,18859.766138
1744748887269,usdt,32.92,sell,-8352.801052,10506.965086
1744751141544,usdt,32.92,buy,268.255410,10775.220496
1744752125504,usdc,32.23,sell,-4136.217152,5667.844133
1744755813540,sol,6737.97,withdrawal,-16.87765068,27.08041227
1744756592271,doge,27.86,buy,55.63912673,2841.09267277
1744757755925,btc,3337162.17,withdrawal,-0.02239219,0.08791157
1744762140955,sol,6734.02,withdrawal,-4.26303373,22.81737854
1744762465593,doge,27.94,withdrawal,-830.56164211,2010.53103066
1744762817766,sol,6733.87,deposit,5.05995123,27.87732977
1744764373118,sol,6735.07,buy,1.42953050,29.30686027
1744769578935,usdc,32.24,buy,123.688632,5791.532765
1744769738534,usdt,32.93,deposit,1592.000000,12367.220496
1744773757924,usdt,32.92,buy,1474.441863,13841.662359
1744774105604,usdc,32.25,sell,-1343.305630,4448.227135
1744774495171,twd,1.0,deposit,51631,29097868
1744779616243,usdc,32.25,deposit,2134.000000,6582.227135
1744780076152,sol,6746.94,buy,2.36954839,31.67640866
1744781257477,sol,6745.45,sell,-14.75411332,16.92229534
1744785991277,sol,6747.15,buy,0.73560604,17.65790138
1744789533503,usdc,32.25,sell,-3627.708387,2954.518748
1744795288112,usdc,32.25,buy,818.573567,3773.092315
1744796261908,usdt,32.91,sell,-1695.859003,12145.803356
1744797404848,btc,3343116.9,sell,-0.02476934,0.06314223
1744798442892,sol,6752.12,withdrawal,-1.49397155,16.16392983
1744810121197,twd,1.0,withdrawal,-28356,29377303
1744811640320,usdc,32.26,buy,1474.393588,5247.485903
1744816488438,eth,121239.56,buy,0.36471961,2.32895904
1744817086200,eth,121231.95,deposit,0.27005596,2.59901500
1744819216878,twd,1.0,deposit,123653,29409178
1744821258676,usdc,32.27,buy,691.284095,5938.769998
1744836068015,doge,27.87,deposit,2215.44996059,4225.98099125
1744838245218,eth,121244.54,deposit,0.90586474,3.50487974
1744845189989,usdt,32.93,deposit,1172.000000,13317.803356
1744845641051,eth,121266.28,sell,-0.49285244,3.01202730
1744846245532,usdt,32.92,deposit,2918.000000,16235.803356
1744847435016,usdt,32.92,sell,-6786.677097,9449.126259
1744847469479,sol,6775.08,sell,-4.83764174,11.32628809
1744855188048,eth,121194.88,deposit,0.54573959,3.55776689
1744857460332,usdc,32.26,withdrawal,-347.000000,5591.769998
1744858502257,usdt,32.91,withdrawal,-404.000000,9045.126259
1744859354690,usdt,32.9,sell,-3902.435712,5142.690547
1744861706447,eth,121273.0,deposit,0.55782592,4.11559281
1744864570019,usdc,32.27,withdrawal,-182.000000,5409.769998
1744870535000,usdc,32.28,withdrawal,-297.000000,5112.769998
1744874101192,doge,28.14,buy,745.31546906,4971.29646031
1744882454134,twd,1.0,withdrawal,-20812,29789460
1744884478684,usdt,32.91,buy,811.409849,5954.100396
1744884843637,btc,3345838.23,buy,0.00050255,0.06364478
1744885159072,usdc,32.3,deposit,1689.000000,6801.769998
1744888585822,twd,1.0,deposit,87679,29848752
1744891933566,btc,3347422.53,buy,0.00825624,0.07190102
1744892943522,eth,121290.81,deposit,0.60394410,4.71953691
1744894927942,doge,28.27,buy,68.99527059,5040.29173090
1744895970292,sol,6790.85,withdrawal,-2.12911643,9.19717166
1744896231829,usdt,32.91,sell,-2491.776383,3462.324013
1744897712125,btc,3347476.38,sell,-0.02224112,0.04965990
1744900965252,btc,3347672.36,withdrawal,-0.01193617,0.03772373
1744903262481,eth,121501.48,buy,0.39901308,5.11854999
1744911576464,btc,3348994.84,sell,-0.01564730,0.02207643
1744915367124,eth,121518.68,sell,-1.98111752,3.13743247
1744916613076,usdt,32.92,deposit,767.000000,4229.324013
1744930370545,btc,3349801.85,buy,0.01464650,0.03672293
1744935846642,sol,6796.23,deposit,14.46474050,23.66191216
1744937272499,usdc,32.28,sell,-3586.715327,3215.054671
1744940309233,btc,3350431.65,withdrawal,-0.00765417,0.02906876
1744942552261,sol,6796.77,withdrawal,-4.28978590,19.37212626
1744948170844,usdt,32.91,sell,-401.641584,3827.682429
1744949940000,btc,3352371.8,withdrawal,-0.00228488,0.02678388
1744951380000,usdc,32.26,buy,457.955952,3673.010623
1744953300000,doge,28.22,sell,-2610.16315418,2430.12857672
1744954115355,btc,3353601.46,withdrawal,-0.00959783,0.01718605
1744955356449,usdt,32.88,deposit,2125.000000,5952.682429
1744955760000,usdt,32.88,deposit,782.000000,6734.682429
1744956960000,sol,6810.75,sell,-8.97881492,10.39331134
1744966343676,usdt,32.89,buy,290.134037,7024.816466
1744966731367,usdt,32.89,deposit,2447.000000,9471.816466
1744968568930,eth,121588.19,withdrawal,-0.69189093,2.44554154
1744969613301,twd,1.0,deposit,78930,30489665
1744969796802,btc,3356778.6,deposit,0.02596679,0.04315284
1744972421529,eth,121568.28,sell,-0.69315767,1.75238387
1744973020823,btc,3355439.95,deposit,0.01748540,0.06063824
1744974818001,sol,6806.4,buy,4.44035055,14.83366189
1744988251326,eth,121534.07,deposit,0.11548182,1.86786569
1744997414252,usdt,32.9,buy,946.496574,10418.313040
1745000346986,twd,1.0,withdrawal,-29303,30483269
1745003695109,eth,121583.65,deposit,1.23544946,3.10331515
1745008574157,usdc,32.26,deposit,1145.000000,4818.010623
1745013276419,doge,28.46,withdrawal,-410.98754262,2019.14103410
1745030659296,usdt,32.88,deposit,1307.000000,11725.313040
1745040121952,doge,28.44,sell,-159.81111059,1859.32992351
1745042583752,sol,6810.85,deposit,6.71633596,21.54999785
1745048819571,twd,1.0,withdrawal,-12692,30475123
1745050991898,sol,6809.05,deposit,6.12311685,27.67311470
1745054183409,doge,28.44,buy,584.94176438,2444.27168789
1745054605217,doge,28.44,withdrawal,-332.88738053,2111.38430736
1745055259170,doge,28.45,sell,-99.89844955,2011.48585781
1745064390173,usdt,32.85,deposit,1558.000000,13283.313040
1745067868911,sol,6809.97,deposit,4.84930785,32.52242255
1745068075306,btc,3357989.26,buy,0.00441518,0.06505342
1745069110696,doge,28.52,deposit,2254.63223455,4266.11809236
1745071551534,btc,3357956.88,buy,0.00115860,0.06621202
1745072464062,eth,122011.7,withdrawal,-0.45260347,2.65071168
1745072507901,doge,28.41,deposit,1081.19105428,5347.30914664
1745079964160,sol,6811.57,sell,-8.62599550,23.89642705
1745080909712,twd,1.0,withdrawal,-10054,30491312
1745086058413,eth,122118.6,deposit,0.11350985,2.76422153
1745098694188,twd,1.0,withdrawal,-29918,30461394
1745098852089,usdt,32.88,sell,-3364.135135,9919.177905
1745099014593,eth,122189.28,withdrawal,-0.38175860,2.38246293
1745113351170,doge,28.46,deposit,834.76398740,6182.07313404
1745115871505,twd,1.0,withdrawal,-27257,30544751
1745119235531,usdt,32.9,deposit,1130.000000,11049.177905
1745119305296,doge,28.45,sell,-3685.71501042,2496.35812362
1745119507339,usdc,32.24,withdrawal,-468.000000,4350.010623
1745123223126,btc,3359984.89,deposit,0.03152752,0.09773954
1745126226587,sol,6810.1,buy,1.82985463,25.72628168
1745127802838,usdc,32.23,sell,-1475.652976,2874.357647
1745134691471,usdt,32.9,buy,1437.908205,12487.086110
1745138578761,eth,122096.07,deposit,0.25331837,2.63578130
1745140470025,usdt,32.89,withdrawal,-260.000000,12227.086110
1745155325973,usdc,32.21,buy,127.354817,3001.712464
1745159761735,doge,28.44,buy,1438.31663043,3934.67475405
1745161576266,twd,1.0,deposit,33815,30626233
1745165403608,btc,3357513.98,deposit,0.04431647,0.14205601
1745167772512,twd,1.0,deposit,97313,30723546
1745178284897,usdc,32.2,deposit,2490.000000,5491.712464
1745178867195,eth,122182.51,sell,-1.26474577,1.37103553
1745181179183,sol,6811.51,deposit,4.05245713,29.77873881
1745182248743,btc,3357170.37,deposit,0.00791586,0.14997187
1745188771730,sol,6819.81,buy,6.83180821,36.61054702
1745193731972,usdt,32.9,buy,531.880637,12758.966747
1745197936251,doge,28.51,withdrawal,-826.14029422,3108.53445983
1745200484300,eth,122212.53,sell,-0.42105044,0.94998509
1745203279892,doge,28.56,deposit,747.18205092,3855.71651075
1745203603449,sol,6829.8,buy,2.32188948,38.93243650
1745205805678,sol,6827.68,buy,7.30287541,46.23531191
1745207033240,doge,28.52,sell,-370.33828234,3485.37822841
1745213046373,usdc,32.19,buy,1295.666702,6787.379166
1745216194141,usdc,32.19,withdrawal,-215.000000,6572.379166
1745221613817,btc,3354752.48,withdrawal,-0.01647588,0.13349599
1745221986940,usdc,32.18,sell,-217.972877,6354.406289
1745222184974,usdt,32.91,deposit,1422.000000,14180.966747
1745224791552,usdc,32.17,sell,-1442.587888,4911.818401
1745224920000,btc,3355568.96,deposit,0.02574756,0.15924355
1745225162393,usdt,32.91,buy,648.839141,14829.805888
1745226300000,usdc,32.18,withdrawal,-160.000000,4751.818401
1745226480000,usdt,32.9,buy,506.423928,15336.229816
1745227860000,sol,6812.81,sell,-4.61172073,41.62359118
1745228160000,usdc,32.17,withdrawal,-263.000000,4488.818401
1745228208253,doge,28.44,withdrawal,-938.65942676,2546.71880165
1745230380000,usdc,32.18,buy,506.613273,4995.431674
1745230680000,doge,28.39,buy,324.87124708,2871.59004873
1745231512246,eth,122411.16,deposit,0.90769136,1.85767645
1745232480000,usdc,32.17,withdrawal,-243.000000,4752.431674
1745232764073,usdt,32.9,buy,690.002184,16026.232000
1745233143910,sol,6814.47,sell,-18.19025867,23.43333251
1745233380000,doge,28.38,buy,447.09181072,3318.68185945
1745234220000,sol,6808.69,deposit,2.93226626,26.36559877
1745236320000,eth,122450.39,withdrawal,-0.25073981,1.60693664
1745236860000,doge,28.4,buy,724.17254675,4042.85440620
1745237590008,sol,6811.86,deposit,14.17111214,40.53671091
1745238000000,usdt,32.9,sell,-2401.533283,13624.698717
1745240280000,eth,122496.91,sell,-0.44766466,1.15927198
1745240880000,sol,6811.26,buy,0.16979892,40.70650983
1745243280000,usdc,32.17,withdrawal,-476.000000,4276.431674
1745244000000,usdc,32.16,sell,-288.015383,3988.416291
1745246580000,usdc,32.15,withdrawal,-120.000000,3868.416291
1745247720000,twd,1.0,deposit,25697,31025518
1745249040000,btc,3353507.43,sell,-0.03925492,0.11998863
1745250660000,twd,1.0,withdrawal,-6656,31150503
1745252700000,twd,1.0,deposit,46341,31196844
1745253600000,doge,28.56,sell,-1002.64422051,3040.21018569
1745253840000,usdc,32.13,deposit,2116.000000,5984.416291
1745255280000,usdt,32.84,withdrawal,-239.000000,13385.698717
1745257555362,doge,28.55,buy,1168.14707305,4208.35725874
1745258396087,usdt,32.86,deposit,2944.000000,16329.698717
1745268190348,usdc,32.13,sell,-2470.572033,3513.844258
1745269368882,usdt,32.85,deposit,575.000000,16904.698717
1745271153432,sol,6825.07,buy,2.43253848,43.13904831
1745272490219,eth,122482.35,sell,-0.13928194,1.01999004
1745272709571,sol,6830.2,buy,1.83273709,44.97178540
1745276072286,usdt,32.85,buy,725.094033,17629.792750
1745278479936,sol,6836.13,sell,-16.48596497,28.48582043
1745282278809,usdt,32.84,deposit,1021.000000,18650.792750
1745283380556,twd,1.0,deposit,60433,31408750
1745285193057,btc,3354022.67,sell,-0.06108361,0.05890502
1745286103437,sol,6833.61,deposit,8.14623510,36.63205553
1745288125194,eth,122560.5,deposit,0.28606649,1.30605653
1745298169726,doge,28.64,deposit,1180.16890667,5388.52616541
1745302813105,usdc,32.16,buy,451.278162,3965.122420
1745303890635,usdc,32.17,sell,-463.489414,3501.633006
1745311994526,eth,122575.06,deposit,1.04844728,2.35450381
1745312887671,doge,28.67,sell,-1042.36118609,4346.16497932
1745316574385,eth,122678.78,sell,-0.38980274,1.96470107
1745330591943,sol,6832.33,withdrawal,-1.66802648,34.96402905
1745331071645,doge,28.61,deposit,2408.05339619,6754.21837551
1745334078947,doge,28.64,sell,-2741.55653261,4012.66184290
1745336500282,twd,1.0,withdrawal,-19726,31750513
1745340860669,usdt,32.86,sell,-11129.361124,7521.431626
1745341227415,doge,28.57,sell,-1428.20047533,2584.46136757
1745341350681,twd,1.0,deposit,22744,32179733
1745343079671,eth,122578.04,sell,-0.63076281,1.33393826
1745343431908,eth,122628.51,buy,0.23111291,1.56505117
1745346119705,sol,6841.33,buy,2.72972722,37.69375627
1745355731237,btc,3353962.51,withdrawal,-0.00154788,0.05735714
1745364520135,eth,122632.83,buy,0.09534246,1.66039363
1745364640761,doge,28.5,buy,1687.07548023,4271.53684780
1745364658567,eth,122592.4,buy,0.29663918,1.95703281
1745365605995,sol,6851.18,buy,0.35696850,38.05072477
1745367665367,usdc,32.19,deposit,2949.000000,6450.633006
1745370086396,btc,3352405.0,deposit,0.01393022,0.07128736
1745372308065,usdc,32.2,buy,549.505177,7000.138183
1745372763889,usdt,32.9,withdrawal,-95.000000,7426.431626
1745373580167,usdc,32.19,buy,1538.086278,8538.224461
1745373906483,usdt,32.89,buy,251.665262,7678.096888
1745374762446,usdt,32.9,withdrawal,-494.000000,7184.096888
1745381681773,eth,122621.93,deposit,0.60627781,2.56331062
1745383350800,usdt,32.91,sell,-2924.581690,4259.515198
1745390824445,twd,1.0,deposit,143244,32275473
1745393958608,sol,6858.35,withdrawal,-10.22978753,27.82093724
1745394962954,sol,6862.76,sell,-1.07733891,26.74359833
1745398640151,sol,6863.42,sell,-15.56316011,11.18043822
1745402113686,usdc,32.22,buy,347.788243,8886.012704
1745404327851,doge,28.95,buy,352.18794582,4623.72479362
1745404857906,usdc,32.2,buy,597.584169,9483.596873
1745404960492,usdc,32.2,sell,-3280.088300,6203.508573
1745413870058,twd,1.0,withdrawal,-24466,32430197
1745415827812,usdc,32.2,deposit,2367.000000,8570.508573
1745419648555,sol,6878.31,sell,-4.79249294,6.38794528
1745420706063,usdt,32.89,sell,-1746.132910,2513.382288
1745421440414,eth,122776.6,withdrawal,-0.22923522,2.33407540
1745439271562,usdt,32.89,withdrawal,-443.000000,2070.382288
1745445552933,eth,122766.42,withdrawal,-0.18362256,2.15045284
1745448353620,usdt,32.9,deposit,538.000000,2608.382288
1745451459002,usdt,32.91,withdrawal,-140.000000,2468.382288
1745454198793,eth,122677.92,buy,0.38108241,2.53153525
1745456160000,doge,28.98,sell,-2589.72181912,2034.00297450
1745456820000,btc,3354734.64,withdrawal,-0.01755171,0.05373565
1745459455611,eth,122670.01,buy,0.35103367,2.88256892
1745459460000,sol,6877.08,deposit,3.94832148,10.33626676
1745459830366,doge,29.08,buy,94.37995175,2128.38292625
1745473236336,usdt,32.91,deposit,848.000000,3316.382288
1745474808124,twd,1.0,withdrawal,-8161,32494911
1745482989952,twd,1.0,deposit,30209,32525120
1745486917264,btc,3354059.17,buy,0.00934562,0.06308127
1745491743747,sol,6871.62,buy,6.09622000,16.43248676
1745493839179,btc,3354299.48,deposit,0.04730955,0.11039082
1745497346055,sol,6877.84,buy,6.14198838,22.57447514
1745497674726,usdc,32.19,sell,-3332.759778,5237.748795
1745497867398,eth,122598.83,withdrawal,-0.40355454,2.47901438
1745510347659,usdt,32.91,withdrawal,-179.000000,3137.382288
1745512225957,usdc,32.2,buy,539.116035,5776.864830
1745517364296,usdc,32.19,deposit,1987.000000,7763.864830
1745521173812,btc,3358754.87,withdrawal,-0.02358997,0.08680085
1745530308446,usdt,32.92,deposit,2300.000000,5437.382288
1745534075981,eth,122569.81,withdrawal,-0.30488293,2.17413145
1745534199226,doge,29.17,deposit,1961.59496229,4089.97788854
1745534861331,eth,122573.36,withdrawal,-0.79788761,1.37624384
1745539652554,btc,3361276.07,sell,-0.04188398,0.04491687
1745540057297,usdt,32.9,withdrawal,-306.000000,5131.382288
1745547583376,eth,122570.17,deposit,0.47878229,1.85502613
1745553040168,sol,6867.13,buy,1.06701778,23.64149292
1745553615178,usdc,32.2,deposit,1807.000000,9570.864830
1745557493718,btc,3361119.1,buy,0.01128783,0.05620470
1745559159841,twd,1.0,deposit,132334,32727417
1745563282416,usdt,32.89,sell,-1317.147106,3814.235182
1745563747418,sol,6875.73,sell,-10.45463431,13.18685861
1745568603401,twd,1.0,deposit,109814,32952441
1745569580768,usdt,32.89,withdrawal,-148.000000,3666.235182
1745569959428,usdc,32.23,buy,921.532369,10492.397199
1745575470097,doge,29.45,sell,-1683.50308847,2406.47480007
1745580300000,sol,6877.59,withdrawal,-1.67144157,11.51541704
1745580798678,usdc,32.24,deposit,2694.000000,13186.397199
1745581680000,doge,29.44,sell,-614.30122342,1792.17357665
1745582580000,twd,1.0,deposit,73914,33064311
1745582760000,twd,1.0,deposit,80240,33144551
1745583900000,doge,29.49,buy,822.26810001,2614.44167666
1745585460000,doge,29.48,buy,1135.15741170,3749.59908836
1745586780000,usdt,32.89,sell,-183.592254,3482.642928
1745587051002,eth,122822.0,deposit,1.13918422,2.99421035
1745588340000,usdc,32.26,buy,167.958744,13354.355943
1745589145868,sol,6885.71,withdrawal,-3.81794498,7.69747206
1745589840000,eth,122867.57,deposit,1.34722984,4.34144019
1745590070776,usdc,32.27,sell,-2599.532119,10754.823824
1745591160000,usdt,32.89,deposit,2817.000000,6299.642928
1745591460000,eth,122781.38,deposit,0.77131834,5.11275853
1745592480000,doge,29.61,deposit,1916.31414607,5665.91323443
1745592887496,sol,6887.98,sell,-3.04378200,4.65369006
1745594340000,usdt,32.89,withdrawal,-314.000000,5985.642928
1745594640000,btc,3365424.98,sell,-0.00023127,0.05597343
1745594889640,btc,3366429.55,sell,-0.01197942,0.04399401
1745595240000,usdt,32.9,buy,1208.678873,7194.321801
1745597160000,doge,29.67,deposit,1419.24951910,7085.16275353
1745597520000,btc,3363294.18,sell,-0.01087949,0.03311452
1745598180000,btc,3363620.36,sell,-0.01713673,0.01597779
1745604781879,btc,3364727.09,deposit,0.02623186,0.04220965
1745607199312,sol,6884.95,buy,6.31750912,10.97119918
1745612223826,doge,29.59,buy,1278.26572176,8363.42847529
1745617271974,twd,1.0,deposit,82142,33288710
1745618598707,eth,122831.76,deposit,0.70269448,5.81545301
1745626013816,usdt,32.87,sell,-945.252008,6249.069793
1745628119644,btc,3366969.12,buy,0.01373430,0.05594395
1745632318485,btc,3365860.54,sell,-0.00333209,0.05261186
1745635162078,eth,122805.91,buy,0.33814017,6.15359318
1745644943851,doge,29.5,sell,-3834.77499361,4528.65348168
1745661087857,doge,29.54,buy,502.36796221,5031.02144389
1745666398308,twd,1.0,deposit,60434,33401938
1745670533087,usdc,32.28,sell,-1259.835515,9494.988309
1745671019284,btc,3371007.4,buy,0.01268846,0.06530032
1745676046314,usdc,32.28,deposit,993.000000,10487.988309
1745681846846,eth,122994.52,deposit,1.46613514,7.61972832
1745688164102,doge,29.58,buy,1478.04902413,6509.07046802
1745692001355,doge,29.63,withdrawal,-2505.31393522,4003.75653280
1745693156695,usdt,32.88,deposit,1432.000000,7681.069793
1745695731579,usdc,32.29,buy,272.684081,10760.672390
1745698599104,sol,6892.12,deposit,7.06700588,18.03820506
1745699357897,usdt,32.86,buy,295.179896,7976.249689
1745702358590,eth,122930.58,sell,-2.15604190,5.46368642
1745707745636,usdc,32.31,withdrawal,-178.000000,10582.672390
1745708633778,doge,29.72,withdrawal,-1523.41413381,2480.34239899
1745714624828,sol,6892.71,withdrawal,-5.02176523,13.01643983
1745721830151,btc,3375466.9,sell,-0.03186073,0.03343959
1745723188176,twd,1.0,deposit,66156,33776350
1745726485418,btc,3375556.08,sell,-0.01371369,0.01972590
1745726955934,eth,122959.51,buy,0.03907157,5.50275799
1745727285245,sol,6899.85,sell,-2.48214226,10.53429757
1745728118086,usdc,32.33,sell,-2668.693960,7913.978430
1745728195102,sol,6904.13,sell,-0.97037358,9.56392399
1745728737460,btc,3376315.89,sell,-0.00748284,0.01224306
1745732572342,sol,6904.09,buy,2.44714980,12.01107379
1745736029522,btc,3378275.87,sell,-0.00408291,0.00816015
1745739568384,sol,6909.41,withdrawal,-1.77342203,10.23765176
1745740258523,usdc,32.34,deposit,2922.000000,10835.978430
1745742613085,btc,3376077.35,withdrawal,-0.00245536,0.00570479
1745744296791,usdc,32.34,buy,1315.007864,12150.986294
1745755191603,usdc,32.34,withdrawal,-182.000000,11968.986294
1745757641073,usdc,32.33,buy,159.846937,12128.833231
1745770577110,btc,3376243.12,sell,-0.00278807,0.00291672
1745771476251,usdt,32.89,sell,-3453.389358,4522.860331
1745778667757,doge,29.56,deposit,1712.47341623,4192.81581522
1745782409568,eth,122830.69,buy,0.16965971,5.67241770
1745783239861,usdt,32.9,buy,461.312338,4984.172669
1745794016362,usdt,32.89,buy,964.600848,5948.773517
1745794306383,doge,29.59,buy,1627.17761975,5819.99343497
1745795633024,twd,1.0,deposit,93720,34003248
1745796052975,usdc,32.33,deposit,2934.000000,15062.833231
1745797249049,usdt,32.89,buy,1383.784978,7332.558495
1745802991826,doge,29.55,sell,-1970.81335098,3849.18008399
1745808847615,eth,122831.23,buy,0.04824306,5.72066076
1745809733672,usdc,32.35,sell,-2696.412842,12366.420389
1745810422878,btc,3375182.68,sell,-0.00082249,0.00209423
1745816881976,eth,122767.86,buy,0.15678022,5.87744098
1745820128240,sol,6919.99,withdrawal,-2.92190257,7.31574919
1745821892273,btc,3377887.59,deposit,0.03657633,0.03867056
1745822089272,doge,29.8,buy,851.83044037,4701.01052436
1745822531487,doge,29.85,withdrawal,-609.37483435,4091.63569001
1745826734526,usdt,32.87,sell,-4209.838840,3122.719655
1745832369948,btc,3375658.24,deposit,0.02727557,0.06594613
1745832656894,doge,29.94,buy,1334.03502331,5425.67071332
1745845745962,btc,3376450.38,deposit,0.03712529,0.10307142
1745846610006,usdc,32.35,sell,-3606.924243,8759.496146
1745851299985,eth,122783.89,buy,0.08786547,5.96530645
1745851415140,usdc,32.36,withdrawal,-402.000000,8357.496146
1745860405270,twd,1.0,withdrawal,-13561,34246198
1745868694651,eth,122814.18,buy,0.25739197,6.22269842
1745879805829,usdt,32.84,deposit,2534.000000,5656.719655
1745880096865,usdc,32.35,buy,332.838156,8690.334302
1745881800000,btc,3375124.3,sell,-0.01391560,0.08915582
1745883322278,doge,29.93,withdrawal,-599.56993823,4826.10077509
1745883600000,doge,29.89,withdrawal,-673.92183545,4152.17893964
1745884260000,sol,6913.19,withdrawal,-1.47839266,5.83735653
1745885593045,usdc,32.35,sell,-911.007150,7779.327152
1745891803494,usdc,32.35,deposit,2421.000000,10200.327152
1745894413314,eth,122918.54,buy,0.24912161,6.47182003
1745900400616,twd,1.0,deposit,50862,34300494
1745905860176,btc,3377600.95,sell,-0.00785838,0.08129744
1745908645691,doge,29.83,deposit,1395.65938592,5547.83832556
1745910671415,sol,6916.83,buy,2.59135669,8.42871322
1745912619312,sol,6916.94,sell,-3.78689338,4.64181984
1745914221152,usdc,32.35,withdrawal,-218.000000,9982.327152
1745914328695,btc,3379778.34,buy,0.00365925,0.08495669
1745923633711,doge,29.91,buy,1126.20908761,6674.04741317
1745923815400,doge,29.9,buy,210.84821716,6884.89563033
1745924141969,doge,29.89,deposit,1782.56118843,8667.45681876
1745925290760,usdt,32.83,deposit,2735.000000,8391.719655
1745926437451,eth,123005.27,deposit,1.39932211,7.87114214
1745931173784,usdt,32.84,sell,-2428.542795,5963.176860
1745933521664,eth,123055.66,buy,0.26766343,8.13880557
1745940358253,doge,29.94,deposit,243.85084165,8911.30766041
1745944687602,twd,1.0,deposit,53561,34383334
1745945203287,doge,30.01,sell,-527.16903541,8384.13862500
1745949072932,usdc,32.31,sell,-662.518036,9319.809116
1745953291960,usdc,32.31,withdrawal,-213.000000,9106.809116
1745963151441,eth,123219.6,buy,0.19823862,8.33704419
1745965284699,sol,6921.11,withdrawal,-1.47708229,3.16473755
1745966383133,usdc,32.31,withdrawal,-411.000000,8695.809116
1745968503550,usdt,32.82,buy,1403.611810,7366.788670
1745972007811,doge,30.15,withdrawal,-469.69545340,7914.44317160
1745979839227,usdt,32.8,sell,-2415.124092,4951.664578
1745983923442,sol,6921.15,sell,-0.62711777,2.53761978
1745984428576,usdt,32.8,sell,-276.947024,4674.717554
1745991674981,eth,123139.06,sell,-4.74309513,3.59394906
1745993916704,eth,123188.01,sell,-2.04762525,1.54632381
1746001126418,usdt,32.81,withdrawal,-284.000000,4390.717554
1746003547791,usdt,32.81,buy,1369.480826,5760.198380
1746004805000,usdc,32.34,deposit,1342.000000,10037.809116
1746006954377,usdt,32.82,sell,-2896.436404,2863.761976
1746007401512,usdt,32.81,withdrawal,-327.000000,2536.761976
1746007577007,usdt,32.81,sell,-646.142361,1890.619615
1746009292279,sol,6930.27,withdrawal,-0.56216182,1.97545796
1746011282470,usdt,32.81,deposit,2121.000000,4011.619615
1746013670001,doge,30.29,sell,-1605.98677869,6308.45639291
1746017446095,btc,3385272.14,sell,-0.02382638,0.06113031
1746021682148,usdt,32.81,sell,-821.540676,3190.078939
1746023683090,usdt,32.82,sell,-844.986657,2345.092282
1746024857629,doge,30.25,withdrawal,-2311.15899607,3997.29739684
1746024892150,eth,123426.82,buy,0.06109969,1.60742350
1746025616580,doge,30.21,withdrawal,-1358.25052118,2639.04687566
1746029209509,eth,123406.58,deposit,1.07563923,2.68306273
1746030367294,sol,6921.34,sell,-0.38973240,1.58572556
1746030971810,usdt,32.85,sell,-969.124279,1375.968003
1746032337859,btc,3385623.73,deposit,0.04041264,0.10154295
1746032347358,eth,123580.15,withdrawal,-0.82267627,1.86038646
1746035324370,sol,6926.53,withdrawal,-0.52500927,1.06071629
1746036172962,usdt,32.84,buy,665.840814,2041.808817
1746038689577,doge,30.27,sell,-1187.93425522,1451.11262044
1746044120993,usdt,32.85,deposit,2160.000000,4201.808817
1746045743380,usdc,32.3,withdrawal,-353.000000,9684.809116
1746046285060,doge,30.31,deposit,945.09620510,2396.20882554
1746050367272,usdt,32.84,deposit,1464.000000,5665.808817
1746057786854,eth,123768.87,deposit,1.05267087,2.91305733
1746058200116,btc,3388766.6,buy,0.00991921,0.11146216
1746076561732,doge,30.29,withdrawal,-114.71493122,2281.49389432
1746083015243,doge,30.34,deposit,2494.76310209,4776.25699641
1746088071640,usdc,32.35,withdrawal,-59.000000,9625.809116
1746088198956,eth,123674.05,deposit,1.01970949,3.93276682
1746094273384,twd,1.0,deposit,115153,35656953
1746106910385,usdc,32.34,sell,-3455.471270,6170.337846
1746111980038,eth,123674.63,deposit,0.47075313,4.40351995
1746119833121,eth,123657.84,deposit,1.17058295,5.57410290
1746120256737,btc,3388548.53,sell,-0.03788663,0.07357553
1746120567016,twd,1.0,deposit,121266,36018359
1746123758138,eth,123664.3,buy,0.22718254,5.80128544
1746124783861,btc,3388092.85,sell,-0.00852418,0.06505135
1746128109652,sol,6939.61,deposit,9.37585833,10.43657462
1746128417836,sol,6942.35,buy,2.18032261,12.61689723
1746129905719,usdc,32.37,deposit,941.000000,7111.337846
1746132768842,btc,3387626.76,deposit,0.04938578,0.11443713
1746133870124,btc,3388954.43,withdrawal,-0.00580029,0.10863684
1746133941923,doge,30.52,buy,296.25544220,5072.51243861
1746143797454,twd,1.0,withdrawal,-5719,35989249
1746153413311,btc,3387693.08,withdrawal,-0.03480674,0.07383010
1746158977554,doge,30.52,sell,-562.04782285,4510.46461576
1746159790702,sol,6945.78,withdrawal,-0.75191505,11.86498218
1746161896440,eth,123675.94,sell,-3.46121949,2.34006595
1746165788575,twd,1.0,withdrawal,-16732,36417740
1746166776144,twd,1.0,deposit,138727,36556467
1746167985821,eth,123651.49,sell,-0.18844492,2.15162103
1746174413832,usdc,32.4,withdrawal,-114.000000,6997.337846
1746187658435,doge,30.51,withdrawal,-1177.25871665,3333.20589911
1746190302789,twd,1.0,withdrawal,-24365,36555403
1746196296093,usdt,32.91,withdrawal,-59.000000,5606.808817
1746197697170,usdt,32.9,deposit,2523.000000,8129.808817
1746198109429,doge,30.56,buy,1634.84607393,4968.05197304
1746198362365,usdc,32.37,deposit,614.000000,7611.337846
1746199455499,btc,3387743.78,deposit,0.03267008,0.10650018
1746203643007,twd,1.0,deposit,82690,36588130
1746204443215,eth,123512.23,buy,0.20122539,2.35284642
1746204603057,usdc,32.37,sell,-1696.939872,5914.397974
1746216176305,usdt,32.89,deposit,1207.000000,9336.808817
1746216704632,sol,6946.89,deposit,4.88822134,16.75320352
1746218906551,twd,1.0,deposit,44107,36662320
1746218928081,doge,30.64,deposit,1703.29534079,6671.34731383
1746219084105,usdc,32.36,buy,1155.991028,7070.389002
1746220976402,doge,30.68,sell,-1689.13150984,4982.21580399
1746222540000,eth,123359.49,withdrawal,-0.19980003,2.15304639
1746223320000,doge,30.69,sell,-481.48767718,4500.72812681
1746225720000,btc,3379693.88,sell,-0.06217373,0.04432645
1746226800000,doge,30.67,withdrawal,-1099.01731139,3401.71081542
1746227520000,eth,123464.7,deposit,0.23530395,2.38835034
1746229860000,sol,6941.52,withdrawal,-4.54599393,12.20720959
1746230100000,sol,6944.82,withdrawal,-3.49375697,8.71345262
1746231413666,doge,30.74,withdrawal,-1323.43412892,2078.27668650
1746232680000,usdc,32.35,buy,1240.509549,8310.898551
1746235011547,twd,1.0,deposit,49139,36910652
1746235260000,twd,1.0,withdrawal,-7706,36902946
1746235440000,doge,30.73,sell,-214.53342835,1863.74325815
1746246818994,btc,3382156.96,sell,-0.00153654,0.04278991
1746251215838,btc,3383197.05,sell,-0.01791090,0.02487901
1746256212595,usdt,32.86,sell,-611.937560,8724.871257
1746257288919,usdc,32.35,sell,-4870.633958,3440.264593
1746257718951,eth,123503.54,buy,0.31529173,2.70364207
1746259322202,doge,30.88,buy,1208.07938551,3071.82264366
1746259370128,sol,6960.66,deposit,12.68929036,21.40274298
1746262355452,twd,1.0,withdrawal,-17347,37059402
1746263832074,btc,3387872.48,withdrawal,-0.00645991,0.01841910
1746265484684,btc,3387818.44,withdrawal,-0.00613812,0.01228098
1746265493755,twd,1.0,deposit,20073,37079475
1746272115547,usdc,32.36,buy,714.738498,4155.003091
1746273831163,doge,30.86,sell,-1506.20329019,1565.61935347
1746274466021,doge,30.85,withdrawal,-572.12038886,993.49896461
1746281965770,usdt,32.85,sell,-2292.136850,6432.734407
1746285090760,sol,6954.78,sell,-6.57927828,14.82346470
1746287746401,doge,30.78,deposit,732.15849240,1725.65745701
1746290194975,usdc,32.37,sell,-2331.408841,1823.594250
1746298050470,usdc,32.36,sell,-234.884905,1588.709345
1746307402485,btc,3382925.26,sell,-0.00434847,0.00793251
1746310079379,btc,3382650.02,deposit,0.02661944,0.03455195
1746312011257,btc,3381227.06,sell,-0.02026749,0.01428446
1746320052981,doge,30.77,buy,197.67484310,1923.33230011
1746323424731,btc,3379202.98,sell,-0.00378000,0.01050446
1746325386361,btc,3378383.85,sell,-0.00567620,0.00482826
1746326192010,btc,3378461.34,buy,0.00727587,0.01210413
1746333523737,usdt,32.85,buy,979.493696,7412.228103
1746333887593,twd,1.0,withdrawal,-21089,37338193
1746334923592,usdc,32.35,sell,-831.663279,757.046066
1746336373356,sol,6958.85,buy,6.60961478,21.43307948
1746336906007,usdc,32.36,buy,257.633662,1014.679728
1746339511501,usdc,32.36,deposit,1989.000000,3003.679728
1746345419504,sol,6949.84,buy,3.30789229,24.74097177
1746357038137,eth,123600.64,buy,0.29357639,2.99721846
1746358326582,doge,30.92,withdrawal,-95.35156389,1827.98073622
1746359427746,usdc,32.36,withdrawal,-391.000000,2612.679728
1746362669502,eth,123686.59,withdrawal,-0.17863002,2.81858844
1746369387462,usdc,32.36,deposit,1958.000000,4570.679728
1746369402154,btc,3374834.85,buy,0.01026267,0.02236680
1746370383790,twd,1.0,deposit,101647,37318505
1746377928519,btc,3374936.25,buy,0.00751687,0.02988367
1746383315177,btc,3374847.6,deposit,0.03541464,0.06529831
1746383714649,usdc,32.35,buy,940.424598,5511.104326
1746387327384,usdc,32.35,deposit,1658.000000,7169.104326
1746391941201,doge,30.87,withdrawal,-525.04542881,1302.93530741
1746394241796,usdc,32.35,deposit,2634.000000,9803.104326
1746398959022,btc,3374612.67,deposit,0.01171115,0.07700946
1746399292850,btc,3374391.63,deposit,0.01889926,0.09590872
1746410458619,usdt,32.83,deposit,895.000000,8307.228103
1746411783447,sol,6970.19,deposit,11.62507600,36.36604777
1746413661085,doge,31.01,buy,412.11432466,1715.04963207
1746415125732,eth,123676.01,withdrawal,-0.29154346,2.52704498
1746418545303,btc,3377458.69,withdrawal,-0.00187111,0.09403761
1746419845157,eth,123760.7,buy,0.36033409,2.88737907
1746423360000,doge,31.04,withdrawal,-289.31062282,1425.73900925
1746424860000,usdt,32.84,withdrawal,-342.000000,7965.228103
1746425433035,btc,3375872.68,withdrawal,-0.00191288,0.09212473
1746425567506,usdt,32.84,buy,596.182677,8561.410780
1746425580000,sol,6975.66,sell,-15.10508363,21.26096414
1746427423831,btc,3375890.84,sell,-0.01599084,0.07613389
1746427620000,btc,3374698.97,sell,-0.03383381,0.04230008
1746429600000,doge,31.07,sell,-58.08558251,1367.65342674
1746433868741,usdt,32.85,buy,893.570240,9454.981020
1746434608066,eth,123637.43,deposit,0.81350375,3.70088282
1746442728120,usdt,32.84,withdrawal,-342.000000,9112.981020
1746442931730,doge,31.08,deposit,536.02425917,1903.67768591
1746444885531,usdt,32.85,deposit,1598.000000,10710.981020
1746447702249,twd,1.0,withdrawal,-18215,37413526
1746448919230,twd,1.0,deposit,39759,37453285
1746456369462,eth,123903.88,withdrawal,-1.09766942,2.60321340
1746457028572,doge,31.05,sell,-1112.34413488,791.33355103
1746457693008,twd,1.0,deposit,145308,37633134
1746459224797,doge,31.01,buy,363.98389973,1155.31745076
1746472047255,btc,3374977.48,deposit,0.04054947,0.08284955
1746472102407,btc,3375738.5,sell,-0.03172680,0.05112275
1746472339325,doge,31.06,buy,1146.58726148,2301.90471224
1746472920969,sol,6974.26,withdrawal,-5.07167904,16.18928510
1746475844318,eth,123925.3,sell,-0.87683596,1.72637744
1746480020848,eth,123959.09,buy,0.26478710,1.99116454
1746483693105,eth,124008.79,deposit,0.48163247,2.47279701
1746485245805,sol,6962.89,withdrawal,-5.43259827,10.75668683
1746489316288,usdc,32.31,sell,-1801.279355,8001.824971
1746489790485,usdt,32.83,deposit,2873.000000,13583.981020
1746496263572,eth,124005.92,buy,0.11611123,2.58890824
1746496808262,eth,124027.3,deposit,1.16582346,3.75473170
1746499919356,usdt,32.83,withdrawal,-64.000000,13519.981020
1746503228955,sol,6976.66,withdrawal,-1.08626252,9.67042431
1746504710227,usdt,32.84,withdrawal,-170.000000,13349.981020
1746508810676,doge,31.08,sell,-896.65559407,1405.24911817
1746516209077,sol,6964.49,buy,1.07141933,10.74184364
1746518782312,usdt,32.85,withdrawal,-383.000000,12966.981020
1746520536999,usdc,32.3,withdrawal,-245.000000,7756.824971
1746522740127,sol,6959.63,deposit,6.31810925,17.05995289
1746526365096,eth,123934.82,sell,-1.08050027,2.67423143
1746527755005,sol,6955.34,withdrawal,-4.20110840,12.85884449
1746528070769,twd,1.0,deposit,90302,38057607
1746532203925,btc,3369002.25,buy,0.01204560,0.06316835
1746532949877,doge,31.25,buy,569.39210118,1974.64121935
1746533290598,btc,3369182.73,withdrawal,-0.00439863,0.05876972
1746548785880,usdc,32.31,buy,1085.937808,8842.762779
1746550215773,usdc,32.3,sell,-548.318204,8294.444575
1746551033676,usdc,32.29,deposit,1682.000000,9976.444575
1746561502511,btc,3371229.28,deposit,0.04206489,0.10083461
1746568944409,usdc,32.3,sell,-2972.092686,7004.351889
1746569993449,usdc,32.3,deposit,1086.000000,8090.351889
1746573424450,usdt,32.84,withdrawal,-262.000000,12704.981020
1746573660000,twd,1.0,deposit,66643,38144500
1746575760000,btc,3376571.76,withdrawal,-0.01823412,0.08260049
1746578340000,usdt,32.84,buy,1364.342226,14069.323246
1746579000000,sol,6962.86,withdrawal,-4.30668590,8.55215859
1746580020000,twd,1.0,deposit,101981,38201673
1746582180000,doge,31.28,buy,1064.55156244,3039.19278179
1746582660000,doge,31.32,deposit,207.93061944,3247.12340123
1746584207193,twd,1.0,deposit,138846,38307218
1746584342073,doge,31.35,sell,-1523.40066274,1723.72273849
1746585240000,doge,31.39,withdrawal,-107.59395221,1616.12878628
1746586020000,doge,31.35,deposit,381.98009110,1998.10887738
1746586260000,eth,124044.5,sell,-0.43658470,2.23764673
1746587945113,btc,3372977.32,buy,0.00071245,0.08331294
1746588720000,usdt,32.88,buy,1259.601688,15328.924934
1746588780000,btc,3374291.99,sell,-0.02329795,0.06001499
1746589620000,doge,31.28,withdrawal,-724.79456934,1273.31430804
1746590236656,doge,31.33,buy,1247.05555279,2520.36986083
1746591480000,btc,3375857.35,withdrawal,-0.01413112,0.04588387
1746591720000,eth,124065.35,deposit,0.14145182,2.37909855
1746592770543,sol,6977.96,withdrawal,-3.03444473,5.51771386
1746593272720,usdc,32.35,withdrawal,-179.000000,7911.351889
1746594120000,usdt,32.89,sell,-5986.924711,9342.000223
1746595080000,btc,3378267.72,withdrawal,-0.01533901,0.03054486
1746597240000,usdc,32.35,buy,791.144076,8702.495965
1746597424488,sol,6982.12,withdrawal,-1.41566788,4.10204598
1746597535444,btc,3379452.85,deposit,0.02792140,0.05846626
1746599940000,eth,124043.35,deposit,0.36068200,2.73978055
1746600031425,sol,6988.03,sell,-0.81572626,3.28631972
1746601227642,usdt,32.89,deposit,2991.000000,12333.000223
1746604479993,usdc,32.35,buy,744.564010,9447.059975
1746609404473,sol,6997.58,buy,7.02965639,10.31597611
1746618348646,btc,3380047.09,sell,-0.00748321,0.05098305
1746621132849,sol,6992.02,buy,4.37372205,14.68969816
1746630148252,usdc,32.36,withdrawal,-311.000000,9136.059975
1746631413883,eth,123978.81,buy,0.26147425,3.00125480
1746635668104,eth,123958.32,withdrawal,-0.93580208,2.06545272
1746646562024,eth,123948.17,withdrawal,-0.71307856,1.35237416
1746646819954,usdt,32.9,withdrawal,-89.000000,12244.000223
1746653534057,sol,6986.23,withdrawal,-0.73566270,13.95403546
1746670263247,doge,31.4,withdrawal,-596.17015330,1924.19970753
1746670684957,sol,6988.2,withdrawal,-5.48308451,8.47095095
1746671928959,btc,3383537.87,withdrawal,-0.01094411,0.04003894
1746673717087,twd,1.0,deposit,30896,38501788
1746674455320,usdc,32.36,deposit,1728.000000,10864.059975
1746674496444,sol,6983.09,buy,4.68017006,13.15112101
1746676175796,twd,1.0,withdrawal,-9881,38459225
1746677088175,doge,31.43,withdrawal,-264.42789898,1659.77180855
1746681236306,doge,31.47,deposit,1665.28274953,3325.05455808
1746682434942,usdt,32.92,deposit,1645.000000,13889.000223
1746686898559,usdc,32.34,buy,1321.626269,12185.686244
1746688347569,eth,124010.46,withdrawal,-0.07105275,1.28132141
1746692122399,usdt,32.92,withdrawal,-108.000000,13781.000223
1746693700390,btc,3385005.47,buy,0.00964410,0.04968304
1746712740000,sol,6977.9,withdrawal,-3.67334645,9.47777456
1746712980000,usdc,32.35,withdrawal,-286.000000,11899.686244
1746714720000,sol,6974.04,sell,-3.36304290,6.11473166
1746725444954,doge,31.48,deposit,1852.40861276,5177.46317084
1746725868970,usdc,32.34,buy,223.563753,12123.249997
1746727137739,usdc,32.33,buy,1197.650884,13320.900881
1746729693117,usdt,32.93,buy,241.504855,14022.505078
1746732453273,usdc,32.34,deposit,1167.000000,14487.900881
1746733341283,usdc,32.34,deposit,2280.000000,16767.900881
1746740837871,usdt,32.91,sell,-2330.642144,11691.862934
1746741170538,eth,123831.16,buy,0.38755355,1.66887496
1746741517037,btc,3384030.38,deposit,0.04760907,0.09729211
1746746084245,twd,1.0,deposit,25135,38407238
1746749633805,doge,31.64,deposit,298.63593027,5476.09910111
1746750192917,usdc,32.35,buy,643.948821,17411.849702
1746767646884,twd,1.0,withdrawal,-7868,38378540
1746771594629,usdc,32.34,sell,-4274.294714,13137.554988
1746772430614,sol,6969.61,buy,6.20433261,12.31906427
1746775835169,usdc,32.34,deposit,1353.000000,14490.554988
1746778089368,usdt,32.91,deposit,1150.000000,12841.862934
1746790857507,twd,1.0,deposit,71562,38545082
1746793662187,sol,6971.72,sell,-4.49965157,7.81941270
1746794432950,usdt,32.89,sell,-7310.339191,5531.523743
1746806106804,doge,31.6,sell,-1377.55934486,4098.53975625
1746813401196,eth,123843.9,withdrawal,-0.52665221,1.14222275
1746818456875,doge,31.59,deposit,2497.34862179,6595.88837804
1746819192765,btc,3393590.67,withdrawal,-0.02239487,0.07489724
1746823018755,btc,3394928.52,withdrawal,-0.02319620,0.05170104
1746825512247,eth,123864.93,withdrawal,-0.09304578,1.04917697
1746825999645,usdc,32.31,deposit,2285.000000,16775.554988
1746826060248,usdc,32.31,buy,712.672245,17488.227233
1746830552816,twd,1.0,deposit,37512,38874939
1746835727320,twd,1.0,withdrawal,-15538,38859401
1746844091044,btc,3395365.56,withdrawal,-0.00398099,0.04772005
1746847541136,usdt,32.88,sell,-3258.115299,2273.408444
1746851125326,btc,3395855.75,withdrawal,-0.00908382,0.03863623
1746853968418,usdt,32.89,withdrawal,-123.000000,2150.408444
1746854168882,usdt,32.88,withdrawal,-397.000000,1753.408444
1746862247755,doge,31.63,buy,781.80646075,7377.69483879
1746862649834,doge,31.68,buy,930.98212964,8308.67696843
1746873998987,usdc,32.32,withdrawal,-104.000000,17384.227233
1746876120128,btc,3395689.5,deposit,0.03456481,0.07320104
1746882245316,btc,3396077.77,withdrawal,-0.02197385,0.05122719
1746885917735,twd,1.0,deposit,114629,39026924
1746886043145,eth,124132.44,buy,0.10358595,1.15276292
1746893909816,sol,7009.74,deposit,9.66294430,17.48235700
1746896659537,usdc,32.32,sell,-9810.765196,7573.462037
1746903272438,eth,124153.39,buy,0.02480616,1.17756908
1746903579674,usdt,32.86,buy,1174.076973,2927.485417
1746903708989,usdc,32.33,sell,-197.408474,7376.053563
1746904893517,doge,31.94,sell,-3033.75919214,5274.91777629
1746911796215,doge,31.9,sell,-1935.67397906,3339.24379723
1746919863296,usdt,32.85,buy,1384.406200,4311.891617
1746920419293,doge,31.96,buy,907.59204370,4246.83584093
1746920937945,usdt,32.85,withdrawal,-187.000000,4124.891617
1746921333096,usdc,32.32,deposit,1321.000000,8697.053563
1746925618511,usdc,32.32,withdrawal,-442.000000,8255.053563
1746927713237,usdc,32.33,withdrawal,-285.000000,7970.053563
1746932247154,btc,3396649.25,sell,-0.02142566,0.02980153
1746935263583,eth,124038.97,withdrawal,-0.24003593,0.93753315
1746935623938,twd,1.0,deposit,97545,39550379
1746955026517,usdc,32.32,withdrawal,-195.000000,7775.053563
1746955203401,usdt,32.86,sell,-2306.141149,1818.750468
1746957586622,btc,3395985.99,sell,-0.01057521,0.01922632
1746960310912,sol,7010.99,deposit,14.32950374,31.81186074
1746967738344,eth,123973.49,sell,-0.32493552,0.61259763
1746968554339,sol,7004.44,deposit,10.14978468,41.96164542
1746969759437,doge,31.97,deposit,1256.36765853,5503.20349946
1746972240188,sol,7006.1,deposit,11.46342892,53.42507434
1746977986827,usdt,32.85,sell,-463.805672,1354.944796
1746980924671,sol,7014.77,buy,3.98274885,57.40782319
1746984419496,usdt,32.83,deposit,1109.000000,2463.944796
1746985224019,doge,32.04,deposit,1958.97170110,7462.17520056
1746985618416,usdc,32.33,deposit,1894.000000,9669.053563
1746993845369,doge,32.06,buy,632.28501493,8094.46021549
1747008055037,eth,123849.89,withdrawal,-0.08868123,0.52391640
1747010025321,btc,3396244.88,sell,-0.00386502,0.01536130
1747018722027,btc,3397135.02,withdrawal,-0.00452686,0.01083444
1747021351707,btc,3396894.45,withdrawal,-0.00225344,0.00858100
1747021683130,usdc,32.33,deposit,1529.000000,11198.053563
1747024223466,sol,7012.65,withdrawal,-6.80326871,50.60455448
1747026800669,usdc,32.33,sell,-408.815867,10789.237696
1747027093693,usdc,32.32,withdrawal,-376.000000,10413.237696
1747031006012,doge,32.04,withdrawal,-168.71352316,7925.74669233
1747032685559,usdt,32.84,sell,-1026.514802,1437.429994
1747038662709,twd,1.0,deposit,139294,39868722
1747040068778,eth,123638.62,sell,-0.22939062,0.29452578
1747042347607,usdt,32.85,withdrawal,-474.000000,963.429994
1747042560000,sol,7002.33,withdrawal,-2.05776684,48.54678764
1747042740000,doge,31.99,sell,-1033.59409885,6892.15259348
1747043040000,eth,123650.06,deposit,0.66965892,0.96418470
1747043580000,twd,1.0,withdrawal,-5986,39924163
1747046364106,usdt,32.86,deposit,1654.000000,2617.429994
1747050103478,eth,123701.79,buy,0.19553875,1.15972345
1747053133673,usdt,32.86,deposit,1700.000000,4317.429994
1747054389508,doge,31.89,buy,625.26761969,7517.42021317
1747061386060,btc,3400515.73,buy,0.01403768,0.02261868
1747061461804,usdt,32.86,sell,-1621.404136,2696.025858
1747070486973,usdt,32.87,deposit,859.000000,3555.025858
1747071649775,btc,3402784.75,sell,-0.00795790,0.01466078
1747072351124,sol,7014.12,withdrawal,-17.35760498,31.18918266
1747073563195,doge,32.01,sell,-349.93395587,7167.48625730
1747074617252,usdc,32.38,buy,589.829472,11003.067168
1747075728908,usdc,32.38,deposit,1265.000000,12268.067168
1747076686822,usdc,32.38,withdrawal,-405.000000,11863.067168
1747080973341,eth,123809.95,withdrawal,-0.44707279,0.71265066
1747085640855,usdt,32.87,withdrawal,-282.000000,3273.025858
1747090168297,usdt,32.87,deposit,2032.000000,5305.025858
1747093995254,usdt,32.86,withdrawal,-487.000000,4818.025858
1747095911018,doge,32.29,sell,-2389.32929265,4778.15696465
1747097163847,usdt,32.86,buy,945.134572,5763.160430
1747102730966,sol,7026.34,sell,-6.54990801,24.63927465
1747103905944,usdt,32.86,buy,222.933170,5986.093600
1747105032793,doge,32.31,sell,-250.58566738,4527.57129727
1747110394001,eth,123893.9,sell,-0.13128383,0.58136683
1747111908370,doge,32.36,withdrawal,-1796.26434691,2731.30695036
1747114252162,usdc,32.35,deposit,765.000000,12628.067168
1747118174772,twd,1.0,withdrawal,-29129,39984782
1747123196636,btc,3404489.78,buy,0.00477753,0.01943831
1747123459399,twd,1.0,deposit,76852,40045369
1747127414738,btc,3403509.7,buy,0.00487959,0.02431790
1747136129108,twd,1.0,deposit,72323,40101084
1747151241973,sol,7044.45,deposit,4.83581754,29.47509219
1747153574174,usdc,32.31,sell,-3609.771770,9018.295398
1747154250649,usdt,32.88,buy,1330.120054,7316.213654
1747160632443,eth,123811.43,sell,-0.14160111,0.43976572
1747171601742,sol,7045.85,buy,3.27698563,32.75207782
1747182113630,sol,7049.2,withdrawal,-7.67248385,25.07959397
1747187349172,usdc,32.3,withdrawal,-412.000000,8606.295398
1747189934952,usdt,32.89,sell,-3265.603614,4050.610040
1747193439723,btc,3404148.78,withdrawal,-0.00629923,0.01801867
1747201555766,doge,32.26,sell,-461.89529707,2269.41165329
1747203481438,doge,32.22,deposit,1628.20286014,3897.61451343
1747204534056,sol,7062.12,withdrawal,-8.35203448,16.72755949
1747213270480,doge,32.3,deposit,1276.94466339,5174.55917682
1747214025868,btc,3404729.49,sell,-0.00243045,0.01558822
1747215872131,usdc,32.29,deposit,1836.000000,10442.295398
1747216999543,usdc,32.28,deposit,2847.000000,13289.295398
1747226870545,doge,32.24,sell,-1894.12716501,3280.43201181
1747228807249,doge,32.22,withdrawal,-51.56898128,3228.86303053
1747229928673,sol,7056.08,sell,-8.83403969,7.89351980
1747235215832,sol,7060.75,sell,-2.77743507,5.11608473
1747235577944,sol,7063.12,sell,-0.24211542,4.87396931
1747240406294,btc,3403376.56,withdrawal,-0.00322636,0.01236186
1747253455535,usdc,32.29,buy,791.181319,14080.476717
1747257251854,usdc,32.29,withdrawal,-413.000000,13667.476717
1747261521274,usdt,32.93,deposit,2734.000000,6784.610040
1747267083878,usdc,32.3,withdrawal,-397.000000,13270.476717
1747269411442,sol,7050.32,withdrawal,-0.60403621,4.26993310
1747269805008,sol,7053.21,deposit,7.17432376,11.44425686
1747270894613,usdc,32.3,sell,-76.077381,13194.399336
1747271828594,usdc,32.29,deposit,784.000000,13978.399336
1747275077514,twd,1.0,withdrawal,-11212,40409428
1747275693674,usdt,32.94,deposit,1546.000000,8330.610040
1747276831394,btc,3399528.47,sell,-0.00243222,0.00992964
1747278867194,sol,7055.5,buy,4.75754651,16.20180337
1747283947296,eth,123755.05,deposit,0.31548989,0.75525561
1747289314567,btc,3399211.22,deposit,0.02539995,0.03532959
1747289605882,eth,123839.38,buy,0.19872727,0.95398288
1747295744633,usdc,32.3,withdrawal,-168.000000,13810.399336
1747296927131,eth,123830.58,sell,-0.21715141,0.73683147
1747303819901,usdc,32.3,sell,-824.654846,12985.744490
1747304775023,eth,123935.63,deposit,0.65932911,1.39616058
1747305312448,eth,123875.7,withdrawal,-0.42761742,0.96854316
1747312827535,twd,1.0,deposit,83682,40496727
1747314882534,eth,123835.89,withdrawal,-0.12055423,0.84798893
1747315236950,doge,32.6,deposit,2093.53818544,5322.40121597
1747317915188,usdc,32.32,sell,-4788.729378,8197.015112
1747321720031,doge,32.63,buy,908.23028428,6230.63150025
1747321774890,btc,3401123.71,buy,0.00503128,0.04036087
1747323727892,doge,32.67,buy,535.63878918,6766.27028943
1747324210266,eth,123811.35,buy,0.25305633,1.10104526
1747324344809,usdt,32.94,deposit,738.000000,9068.610040
1747325168179,twd,1.0,withdrawal,-26394,40529553
1747328492802,doge,32.73,buy,119.63327007,6885.90355950
1747329984897,usdt,32.94,deposit,2529.000000,11597.610040
1747331809701,eth,123821.92,withdrawal,-0.16330225,0.93774301
1747334417685,eth,123818.21,deposit,1.02739568,1.96513869
1747335381660,usdc,32.34,sell,-1296.388511,6900.626601
1747337209508,doge,32.88,deposit,1495.64833831,8381.55189781
1747338619854,eth,123747.81,sell,-0.54836507,1.41677362
1747338780556,twd,1.0,deposit,91608,40727035
1747339443743,sol,7076.96,sell,-3.69526762,12.50653575
1747344732921,btc,3399856.03,deposit,0.02688528,0.06724615
1747348592034,btc,3398501.91,deposit,0.03722768,0.10447383
1747350832468,eth,123760.21,sell,-0.78971891,0.62705471
1747356953494,usdt,32.93,deposit,1153.000000,12750.610040
1747362952436,btc,3395373.3,sell,-0.04818964,0.05628419
1747365896432,usdt,32.93,sell,-3427.437082,9323.172958
1747366404782,usdc,32.34,deposit,638.000000,7538.626601
1747376257339,eth,123642.73,sell,-0.31531914,0.31173557
1747378553928,usdt,32.93,withdrawal,-176.000000,9147.172958
1747387497447,usdc,32.34,withdrawal,-231.000000,7307.626601
1747387590147,doge,32.8,deposit,2467.66033663,10849.21223444
1747395572769,usdt,32.93,buy,846.778992,9993.951950
1747399173614,eth,123624.26,buy,0.35954074,0.67127631
1747401771078,btc,3400095.88,deposit,0.01232927,0.06861346
1747404301535,usdc,32.35,withdrawal,-62.000000,7245.626601
1747404466023,sol,7109.39,buy,3.95907901,16.46561476
1747404767208,twd,1.0,withdrawal,-14531,41051380
1747407797967,usdc,32.35,buy,1462.757735,8708.384336
1747410813182,btc,3403416.21,buy,0.01429730,0.08291076
1747414252281,eth,123660.2,sell,-0.36669534,0.30458097
1747419496309,eth,123645.28,sell,-0.13370020,0.17088077
1747421234744,doge,32.9,sell,-5613.12683369,5236.08540075
1747423980000,twd,1.0,withdrawal,-23298,41178626
1747424220000,usdc,32.36,buy,585.971951,9294.356287
1747424462720,btc,3404437.76,sell,-0.03192748,0.05098328
1747424601981,eth,123742.35,withdrawal,-0.02322947,0.14765130
1747425158403,sol,7117.56,buy,6.54723001,23.01284477
1747425190506,btc,3405984.7,deposit,0.03910027,0.09008355
1747426174934,usdc,32.35,sell,-4927.929604,4366.426683
1747453503304,sol,7127.23,withdrawal,-7.06497627,15.94786850
1747458160897,doge,33.14,withdrawal,-1475.78873813,3760.29666262
1747459734383,usdt,32.94,sell,-3074.958676,6918.993274
1747464121772,sol,7131.98,deposit,4.91253204,20.86040054
1747465497380,doge,33.14,deposit,2170.79866564,5931.09532826
1747466776217,sol,7125.05,deposit,6.91654647,27.77694701
1747466961759,sol,7120.72,buy,3.74646008,31.52340709
1747468683262,btc,3406797.44,sell,-0.03146861,0.05861494
1747469977485,doge,33.19,buy,622.50778727,6553.60311553
1747470123949,sol,7113.58,withdrawal,-4.28944360,27.23396349
1747471212973,usdt,32.96,buy,668.254330,7587.247604
1747476896369,btc,3407311.54,buy,0.00224142,0.06085636
1747477026863,sol,7120.89,withdrawal,-8.29892656,18.93503693
1747481138879,sol,7117.17,sell,-5.36651800,13.56851893
1747481766373,eth,124077.61,deposit,1.02273221,1.17038351
1747482966721,usdc,32.36,sell,-1041.389410,3325.037273
1747483385686,twd,1.0,deposit,145623,41730184
1747493993100,twd,1.0,deposit,70703,41800887
1747496729411,doge,33.41,sell,-2927.74293993,3625.86017560
1747500179875,eth,124080.53,withdrawal,-0.24876197,0.92162154
1747502478064,usdc,32.35,sell,-1528.344821,1796.692452
1747502634052,btc,3409569.14,sell,-0.01032393,0.05053243
1747506897815,usdt,32.94,deposit,711.000000,8298.247604
1747509549702,doge,33.44,withdrawal,-676.55021306,2949.30996254
1747511355388,doge,33.43,buy,845.69027070,3795.00023324
1747512053223,sol,7122.13,buy,5.44547986,19.01399879
1747518128913,usdt,32.95,withdrawal,-326.000000,7972.247604
1747523221245,sol,7119.21,buy,3.58509639,22.59909518
1747524709550,eth,124048.91,buy,0.11547789,1.03709943
1747525133983,sol,7122.15,withdrawal,-4.55023085,18.04886433
1747527166930,sol,7125.76,buy,0.98035754,19.02922187
1747527488857,usdc,32.33,sell,-376.452200,1420.240252
1747530062664,usdt,32.94,deposit,978.000000,8950.247604
1747532852216,doge,33.41,deposit,931.77288948,4726.77312272
1747533965979,sol,7129.31,buy,2.16308860,21.19231047
1747533970239,sol,7134.92,deposit,7.86366047,29.05597094
1747536087830,eth,123942.6,buy,0.39833820,1.43543763
1747539077437,doge,33.42,withdrawal,-1461.70167719,3265.07144553
1747540873223,twd,1.0,withdrawal,-17596,41799251
1747544221892,sol,7136.84,withdrawal,-5.81386140,23.24210954
1747544356815,usdt,32.95,withdrawal,-73.000000,8877.247604
1747546452665,btc,3409475.54,sell,-0.02374977,0.02678266
1747548670983,btc,3409277.14,sell,-0.00557774,0.02120492
1747553568929,usdt,32.95,sell,-5318.348563,3558.899041
1747559422033,sol,7137.15,withdrawal,-0.60023475,22.64187479
1747564617180,usdt,32.94,sell,-350.017686,3208.881355
1747564750475,usdc,32.32,withdrawal,-199.000000,1221.240252
1747566157593,doge,33.4,deposit,2442.19111420,5707.26255973
1747584268062,sol,7144.05,deposit,10.81832944,33.46020423
1747591088697,btc,3411995.22,sell,-0.00197273,0.01923219
1747593633561,btc,3411085.49,deposit,0.02472702,0.04395921
1747606809036,sol,7144.75,sell,-18.25666927,15.20353496
1747608376386,eth,124002.06,withdrawal,-0.02883467,1.40660296
1747613849710,doge,33.36,buy,445.56133118,6152.82389091
1747617238603,sol,7143.78,withdrawal,-4.65003390,10.55350106
1747618448268,doge,33.37,buy,1028.23313283,7181.05702374
1747619039002,doge,33.41,deposit,723.89847386,7904.95549760
1747627132114,doge,33.36,sell,-3392.19868686,4512.75681074
1747631815664,sol,7145.4,deposit,7.42145429,17.97495535
1747632961091,doge,33.39,buy,1246.78462738,5759.54143812
1747633058050,eth,123966.52,sell,-0.67177499,0.73482797
1747634642022,doge,33.32,buy,1412.08524600,7171.62668412
1747639388636,eth,123905.59,buy,0.11703007,0.85185804
1747650736425,eth,123958.91,withdrawal,-0.04098772,0.81087032
1747650855331,eth,123911.9,withdrawal,-0.02681828,0.78405204
1747660545819,sol,7139.57,sell,-8.76804088,9.20691447
1747667166947,btc,3413106.53,sell,-0.01127688,0.03268233
1747671120000,doge,33.41,sell,-590.84681339,6580.77987073
1747672323311,usdt,32.93,sell,-1551.156641,1657.724714
1747672800000,btc,3414709.92,sell,-0.01616402,0.01651831
1747673280000,sol,7131.97,deposit,2.53759825,11.74451272
1747674022947,doge,33.43,buy,1337.21122691,7917.99109764
1747674600000,btc,3413744.35,sell,-0.00239138,0.01412693
1747675920000,usdc,32.29,sell,-529.987826,691.252426
1747676616370,doge,33.45,sell,-3699.34533370,4218.64576394
1747677583282,eth,123919.59,withdrawal,-0.30795946,0.47609258
1747678140000,doge,33.5,buy,593.50210839,4812.14787233
1747678839609,eth,123923.89,withdrawal,-0.03004151,0.44605107
1747679100000,doge,33.51,withdrawal,-1036.48200547,3775.66586686
1747679700000,usdt,32.92,buy,716.181007,2373.905721
1747679719499,usdt,32.92,sell,-1073.508985,1300.396736
1747681440000,doge,33.52,withdrawal,-50.17912233,3725.48674453
1747682460000,usdt,32.92,withdrawal,-475.000000,825.396736
1747684620000,btc,3415255.34,sell,-0.00774142,0.00638551
1747685520000,btc,3415560.0,deposit,0.04369801,0.05008352
1747685700000,eth,123977.07,sell,-0.24253900,0.20351207
1747687560000,usdc,32.31,buy,444.106915,1135.359341
1747689393330,sol,7139.32,withdrawal,-3.07174223,8.67277049
1747689660000,twd,1.0,deposit,59265,42691970
1747691460000,usdt,32.91,withdrawal,-215.000000,610.396736
1747691916543,usdc,32.3,sell,-604.860881,530.498460
1747696148702,usdt,32.91,deposit,2382.000000,2992.396736
1747696343293,usdc,32.3,withdrawal,-233.000000,297.498460
1747702341705,sol,7132.69,deposit,9.47144053,18.14421102
1747703894171,usdt,32.92,deposit,2458.000000,5450.396736
1747704243797,usdt,32.91,sell,-558.263913,4892.132823
1747712022410,usdt,32.9,sell,-275.752256,4616.380567
1747714040766,usdc,32.29,buy,845.010468,1142.508928
1747718194215,eth,123828.74,buy,0.30683707,0.51034914
1747725179254,eth,123860.64,buy,0.19590650,0.70625564
1747726312221,usdc,32.3,sell,-467.335591,675.173337
1747731030280,doge,33.77,buy,349.03548860,4074.52223313
1747738433032,usdt,32.91,withdrawal,-390.000000,4226.380567
1747739482403,eth,123916.94,sell,-0.14291033,0.56334531
1747740475108,eth,123875.67,deposit,1.22539132,1.78873663
1747742096537,usdt,32.92,sell,-584.837634,3641.542933
1747747435578,usdt,32.93,withdrawal,-182.000000,3459.542933
1747759932443,usdt,32.93,buy,517.936201,3977.479134
1747763850070,doge,33.94,deposit,995.72234563,5070.24457876
1747768712689,usdc,32.29,deposit,598.000000,1273.173337
1747770537002,doge,33.96,sell,-303.39325855,4766.85132021
1747774494082,sol,7142.81,buy,5.74055641,23.88476743
1747777963631,usdt,32.92,deposit,2177.000000,6154.479134
1747778899246,sol,7134.28,withdrawal,-4.20395760,19.68080983
1747782098376,usdc,32.3,withdrawal,-369.000000,904.173337
1747782344877,usdc,32.3,buy,790.042353,1694.215690
1747785084077,twd,1.0,deposit,67005,42683403
1747789280958,btc,3424503.03,withdrawal,-0.00715414,0.04292938
1747792672371,sol,7127.59,buy,0.49534769,20.17615752
1747798495584,btc,3424784.65,withdrawal,-0.00240009,0.04052929
1747800834833,usdc,32.3,buy,49.834035,1744.049725
1747800861990,sol,7137.38,deposit,5.32277049,25.49892801
1747809251675,eth,124075.62,sell,-0.64105863,1.14767800
1747811043293,btc,3427069.02,deposit,0.00765596,0.04818525
1747812419384,eth,124166.87,withdrawal,-0.36795922,0.77971878
1747815218765,usdt,32.93,withdrawal,-155.000000,5999.479134
1747815625331,twd,1.0,withdrawal,-15034,42742768
1747817758040,eth,124240.71,sell,-0.12205589,0.65766289
1747828996374,usdc,32.31,buy,355.736384,2099.786109
1747834498482,twd,1.0,deposit,86204,42832643
1747834804574,twd,1.0,deposit,52467,42885110
1747835416530,sol,7133.6,deposit,5.90821825,31.40714626
1747835959601,twd,1.0,withdrawal,-12057,42873053
1747842176804,doge,34.14,sell,-1837.92506087,2928.92625934
1747844559334,sol,7133.96,withdrawal,-6.52506717,24.88207909
1747849408046,sol,7134.71,sell,-9.14114750,15.74093159
1747850150168,sol,7134.74,deposit,3.03599970,18.77693129
1747850951541,doge,34.24,buy,265.42687800,3194.35313734
1747852974356,eth,124146.06,deposit,0.47901707,1.13667996
1747854601607,twd,1.0,deposit,111680,43103613
1747855034129,btc,3430579.33,withdrawal,-0.00502538,0.04315987
1747860764046,usdt,32.94,buy,374.828830,6374.307964
1747861233322,eth,124037.56,sell,-0.29951526,0.83716470
1747864574472,doge,34.27,sell,-1482.01539385,1712.33774349
1747868890606,eth,124113.87,withdrawal,-0.20323066,0.63393404
1747874124330,usdt,32.92,deposit,516.000000,6890.307964
1747882438818,btc,3428263.11,buy,0.00938914,0.05254901
1747887216266,eth,124115.57,deposit,0.82452575,1.45845979
1747889249268,btc,3429139.63,withdrawal,-0.01367634,0.03887267
1747890548410,doge,34.15,sell,-802.72441672,909.61332677
1747898786368,usdt,32.9,buy,1343.696217,8234.004181
1747900462888,btc,3428041.49,sell,-0.01878194,0.02009073
1747902029536,sol,7134.58,buy,3.27360279,22.05053408
1747902400997,sol,7130.25,deposit,11.35720945,33.40774353
1747903525162,usdc,32.26,sell,-414.950835,1684.835274
1747906090812,usdc,32.25,sell,-219.943733,1464.891541
1747907410561,sol,7123.79,sell,-4.40305982,29.00468371
1747907640863,usdt,32.91,buy,510.522061,8744.526242
1747907946810,twd,1.0,deposit,122781,43329067
1747910058734,usdt,32.91,sell,-2349.182075,6395.344167
1747910798465,usdc,32.27,buy,1459.120590,2924.012131
1747911580229,eth,124089.13,sell,-0.67179259,0.78666720
1747919357620,sol,7127.3,sell,-17.18093123,11.82375248
1747919469316,eth,124046.27,withdrawal,-0.14208001,0.64458719
1747925308123,doge,34.13,sell,-322.52245035,587.09087642
1747926372949,sol,7124.99,withdrawal,-3.54081904,8.28293344
1747932023265,doge,34.2,sell,-181.28015508,405.81072134
1747938307654,eth,124138.36,withdrawal,-0.16163609,0.48295110
1747942321806,doge,34.22,buy,587.44800323,993.25872457
1747943328151,eth,124178.51,deposit,0.49973670,0.98268780
1747944318988,doge,34.21,withdrawal,-80.72686179,912.53186278
1747946183987,usdc,32.26,deposit,1675.000000,4599.012131
1747946377268,usdc,32.26,buy,989.588359,5588.600490
1747947147018,usdc,32.26,sell,-2590.532979,2998.067511
1747950063832,eth,124296.7,buy,0.01350884,0.99619664
1747955072255,eth,124343.79,withdrawal,-0.15703010,0.83916654
1747955570206,usdc,32.26,buy,842.484022,3840.551533
1747957848198,btc,3425502.28,buy,0.00798266,0.02807339
1747962562452,doge,34.17,sell,-212.06807723,700.46378555
1747962614184,btc,3423779.98,sell,-0.00093659,0.02713680
1747968510101,twd,1.0,withdrawal,-21736,43546397
1747969152044,btc,3425333.59,withdrawal,-0.00849841,0.01863839
1747970241182,btc,3426527.89,buy,0.00954225,0.02818064
1747977268337,btc,3426598.74,sell,-0.01012535,0.01805529
1747978956216,sol,7137.75,buy,4.09149923,12.37443267
1747979304237,usdt,32.89,sell,-1387.159036,5008.185131
1747980420000,sol,7137.01,buy,0.61787301,12.99230568
1747982040000,sol,7139.12,sell,-0.31869923,12.67360645
1747984380000,eth,124375.69,buy,0.38804375,1.22721029
1747984500000,usdc,32.24,buy,1081.755888,4922.307421
1747989618529,usdc,32.24,withdrawal,-431.000000,4491.307421
1747999235004,doge,34.19,deposit,2272.29512308,2972.75890863
1748002427199,doge,34.21,withdrawal,-521.70474079,2451.05416784
1748002490245,eth,124576.79,withdrawal,-0.20307627,1.02413402
1748003747030,btc,3421999.39,sell,-0.00567162,0.01238367
1748005089423,sol,7135.38,withdrawal,-3.73633641,8.93727004
1748006549025,eth,124423.18,withdrawal,-0.17957118,0.84456284
1748008574479,doge,34.17,deposit,650.91308937,3101.96725721
1748009470351,doge,34.18,sell,-942.58825885,2159.37899836
1748010063265,doge,34.18,withdrawal,-294.25273229,1865.12626607
1748014686127,eth,124394.68,withdrawal,-0.19373561,0.65082723
1748015936442,doge,34.24,deposit,1969.19881573,3834.32508180
1748020540472,sol,7147.03,buy,2.58332013,11.52059017
1748031645589,usdc,32.2,sell,-2226.109885,2265.197536
1748039797393,sol,7149.62,sell,-1.51361703,10.00697314
1748040276716,sol,7148.84,deposit,10.14149624,20.14846938
1748045085098,doge,34.2,sell,-912.76184159,2921.56324021
1748049287525,eth,124481.82,withdrawal,-0.18643584,0.46439139
1748052285864,btc,3418711.99,withdrawal,-0.00110159,0.01128208
1748057412496,btc,3417576.82,deposit,0.02492841,0.03621049
1748059531726,doge,34.14,sell,-1120.77659963,1800.78664058
1748061263812,usdt,32.89,buy,1008.044434,6016.229565
1748064551407,twd,1.0,deposit,66257,43697786
1748065303787,usdt,32.89,buy,1197.530456,7213.760021
1748065346133,eth,124523.6,sell,-0.21878939,0.24560200
1748065696303,doge,34.04,deposit,661.50001051,2462.28665109
1748066491522,usdc,32.19,sell,-548.919509,1716.278027
1748066581151,usdt,32.88,deposit,986.000000,8199.760021
1748073113603,usdc,32.2,withdrawal,-91.000000,1625.278027
1748075760670,twd,1.0,deposit,112399,43815714
1748079038859,eth,124652.71,deposit,0.66731826,0.91292026
1748079678280,eth,124634.69,withdrawal,-0.14186897,0.77105129
1748080985651,eth,124614.46,buy,0.39792129,1.16897258
1748084884165,usdc,32.2,withdrawal,-432.000000,1193.278027
1748085682340,eth,124588.03,buy,0.29671887,1.46569145
1748091511465,btc,3417567.43,deposit,0.01659756,0.05280805
1748091611566,btc,3416819.65,deposit,0.01503648,0.06784453
1748099555608,btc,3417165.27,buy,0.00830066,0.07614519
1748105586376,doge,34.17,buy,1328.39901585,3790.68566694
1748106742791,btc,3415156.03,deposit,0.02134818,0.09749337
1748116438404,btc,3416011.44,sell,-0.02635750,0.07113587
1748117795693,eth,124481.0,buy,0.02120553,1.48689698
1748118576044,usdc,32.18,withdrawal,-362.000000,831.278027
1748118625040,sol,7159.28,sell,-1.57954619,18.56892319
1748122283102,usdc,32.16,sell,-125.932882,705.345145
1748126160451,doge,34.31,buy,1348.45263040,5139.13829734
1748127511349,sol,7152.77,sell,-1.31648306,17.25244013
1748128644485,btc,3414073.2,deposit,0.03066153,0.10179740
1748132773934,usdc,32.17,sell,-302.409619,402.935526
1748133042280,usdt,32.83,buy,469.641754,8669.401775
1748137144964,usdt,32.83,buy,840.430609,9509.832384
1748139123472,usdt,32.84,buy,1207.299050,10717.131434
1748139557633,doge,34.2,deposit,2350.18326010,7489.32155744
1748146258702,btc,3415698.06,deposit,0.03532627,0.13712367
1748149720281,doge,34.22,sell,-3661.10594118,3828.21561626
1748154351368,usdc,32.17,withdrawal,-187.000000,215.935526
1748156606081,usdt,32.84,buy,1071.086764,11788.218198
1748159853452,doge,34.34,buy,164.15617700,3992.37179326
1748164573923,doge,34.39,withdrawal,-327.81913914,3664.55265412
1748168882519,doge,34.36,sell,-1862.96411002,1801.58854410
1748173729630,doge,34.36,buy,610.28993933,2411.87848343
1748182087366,twd,1.0,withdrawal,-12742,43763148
1748182846835,doge,34.46,deposit,1665.86256651,4077.74104994
1748191852460,usdt,32.82,withdrawal,-457.000000,11331.218198
1748194140000,sol,7147.06,sell,-3.38032207,13.87211806
1748194298217,usdc,32.14,deposit,2289.000000,2504.935526
1748195226674,sol,7144.69,buy,4.14398388,18.01610194
1748196480000,eth,124415.38,withdrawal,-0.39174777,1.09514921
1748197376780,sol,7151.03,buy,3.11225737,21.12835931
1748198760000,btc,3419268.35,withdrawal,-0.02608519,0.11103848
1748199480000,twd,1.0,withdrawal,-21786,43713658
1748205415038,sol,7154.9,buy,0.23201235,21.36037166
1748205558877,usdt,32.81,sell,-3219.035312,8112.182886
1748205857352,doge,34.67,deposit,2038.64767493,6116.38872487
1748206562484,twd,1.0,withdrawal,-27383,43790230
1748210720565,eth,124383.83,buy,0.27789165,1.37304086
1748213122452,usdc,32.16,buy,1523.951139,4028.886665
1748213157395,sol,7157.99,withdrawal,-1.17129386,20.18907780
1748213495741,doge,34.76,deposit,1757.92797192,7874.31669679
1748214086682,usdc,32.16,sell,-1656.616963,2372.269702
1748217284009,doge,34.86,deposit,617.06349885,8491.38019564
1748218224976,sol,7167.49,withdrawal,-2.76473208,17.42434572
1748221404070,btc,3419498.58,buy,0.01018270,0.12122118
1748226592830,usdt,32.84,buy,786.474914,8898.657800
1748227540391,btc,3417967.49,deposit,0.01656174,0.13778292
1748228158839,usdt,32.84,withdrawal,-233.000000,8665.657800
1748228539059,doge,34.82,buy,388.64196161,8880.02215725
1748229171595,usdc,32.16,deposit,2286.000000,4658.269702
1748232243416,usdt,32.85,buy,1282.579459,9948.237259
1748233248973,eth,124447.9,buy,0.14798816,1.52102902
1748236626970,usdt,32.85,deposit,2147.000000,12095.237259
1748241358287,usdt,32.85,withdrawal,-454.000000,11641.237259
1748244853742,usdc,32.16,buy,408.158102,5066.427804
1748258362717,btc,3417403.4,sell,-0.01976787,0.11801505
1748261530514,eth,124443.57,buy,0.37895095,1.89997997
1748262220112,sol,7175.2,sell,-7.43871292,9.98563280
1748262712532,doge,34.75,sell,-4326.96192793,4553.06022932
1748265641870,btc,3419577.94,sell,-0.06909605,0.04891900
1748268459443,doge,34.73,sell,-572.96751847,3980.09271085
1748268905464,eth,124481.02,deposit,0.54034272,2.44032269
1748272959453,eth,124507.64,withdrawal,-0.54381154,1.89651115
1748276031186,eth,124493.78,deposit,0.76649051,2.66300166
1748278602569,usdc,32.13,withdrawal,-404.000000,4662.427804
1748288365943,usdt,32.86,sell,-4258.730367,7382.506892
1748291475863,usdc,32.14,withdrawal,-245.000000,4417.427804
1748292275862,eth,124660.48,buy,0.38185781,3.04485947
1748293797560,sol,7192.76,buy,5.01904035,15.00467315
1748301453429,usdc,32.13,withdrawal,-276.000000,4141.427804
1748307365173,sol,7198.31,deposit,10.19835469,25.20302784
1748313407276,usdt,32.84,deposit,2178.000000,9560.506892
1748320319885,usdt,32.84,deposit,1288.000000,10848.506892
1748320818936,usdt,32.83,deposit,1747.000000,12595.506892
1748324346730,btc,3420554.75,buy,0.01184533,0.06076433
1748324508244,usdt,32.84,deposit,1697.000000,14292.506892
1748326945858,usdc,32.11,deposit,819.000000,4960.427804
1748341687734,usdc,32.11,buy,629.922322,5590.350126
1748344346883,twd,1.0,withdrawal,-11521,44076361
1748346992745,eth,124461.64,sell,-1.54984897,1.49501050
1748347369921,btc,3422563.99,withdrawal,-0.02228450,0.03847983
1748352243487,twd,1.0,deposit,147981,44417239
1748356734720,sol,7209.64,withdrawal,-7.64279431,17.56023353
1748359457944,eth,124418.2,withdrawal,-0.37697734,1.11803316
1748360389759,doge,34.82,deposit,2350.93406870,6331.02677955
1748361368582,usdc,32.09,buy,954.207678,6544.557804
1748362578798,usdt,32.88,buy,421.208798,14713.715690
1748363858317,btc,3427597.56,buy,0.00146873,0.03994856
1748366178370,usdc,32.1,buy,161.968216,6706.526020
1748369900049,usdc,32.11,withdrawal,-59.000000,6647.526020
1748372026209,usdt,32.88,buy,705.781105,15419.496795
1748380869738,usdt,32.87,buy,758.788952,16178.285747
1748383542368,sol,7217.93,deposit,4.64667759,22.20691112
1748384633136,btc,3426526.74,deposit,0.02275982,0.06270838
1748385427277,usdt,32.85,deposit,1307.000000,17485.285747
1748387478809,doge,34.74,deposit,719.09781906,7050.12459861
1748387503986,eth,124434.56,buy,0.22336706,1.34140022
1748388308227,usdt,32.84,withdrawal,-54.000000,17431.285747
1748394309882,doge,34.72,sell,-2120.89360942,4929.23098919
1748398539185,btc,3426892.57,sell,-0.01814656,0.04456182
1748398668102,usdt,32.82,deposit,1846.000000,19277.285747
1748407760377,btc,3427463.24,deposit,0.04171432,0.08627614
1748412451275,doge,34.72,sell,-2107.16913226,2822.06185693
1748419592892,sol,7223.87,deposit,14.37346565,36.58037677
1748420453178,btc,3424532.94,deposit,0.02427242,0.11054856
1748423753350,usdc,32.11,sell,-735.097159,5912.428861
1748427745701,doge,34.76,buy,1415.18232663,4237.24418356
1748430888942,doge,34.78,buy,1013.75562244,5250.99980600
1748434494993,eth,124586.37,withdrawal,-0.17162419,1.16977603
1748436061565,usdt,32.84,withdrawal,-236.000000,19041.285747
1748438923897,doge,34.91,deposit,1577.53130541,6828.53111141
1748440675274,twd,1.0,deposit,20225,44454944
1748448325948,sol,7244.34,sell,-7.60005610,28.98032067
1748449123000,usdt,32.84,sell,-6288.431658,12752.854089
1748450253427,sol,7247.54,deposit,6.90339472,35.88371539
1748453292392,btc,3423195.07,deposit,0.01368739,0.12423595
1748454705874,eth,124724.73,sell,-0.19042325,0.97935278
1748458323748,twd,1.0,deposit,83127,44823360
1748463876546,usdc,32.13,sell,-699.721835,5212.707026
1748478579690,doge,34.91,sell,-1371.42042816,5457.11068325
1748479320202,usdt,32.85,deposit,1383.000000,14135.854089
1748479392503,twd,1.0,deposit,77352,44971066
1748482073915,twd,1.0,deposit,51284,45022350
1748483449036,usdt,32.86,sell,-660.949897,13474.904192
1748483660559,doge,34.92,buy,826.41258709,6283.52327034
1748486030257,btc,3422186.92,buy,0.00457906,0.12881501
1748486974501,sol,7260.71,deposit,2.69428365,38.57799904
1748488380000,sol,7258.29,withdrawal,-3.17134781,35.40665123
1748488560000,eth,124701.13,sell,-0.25810928,0.72124350
1748491260000,twd,1.0,withdrawal,-26598,45005126
1748491441605,usdt,32.85,sell,-7479.632439,5995.271753
1748491853119,eth,124689.58,deposit,1.08079175,1.80203525
1748492100000,doge,35.03,buy,124.80849894,6408.33176928
1748492520000,btc,3424238.74,buy,0.00648981,0.13530482
1748493240000,eth,124592.82,sell,-0.82109894,0.98093631
1748494320000,btc,3423559.41,withdrawal,-0.02892121,0.10638361
1748496420000,sol,7265.85,buy,5.82323039,41.22988162
1748498640000,sol,7262.09,sell,-11.68641551,29.54346611
1748499370090,twd,1.0,withdrawal,-24851,45344238
1748499780000,btc,3423073.34,buy,0.00853506,0.11491867
1748500132511,usdt,32.84,deposit,1778.000000,7773.271753
1748501447068,usdc,32.14,buy,240.198591,5452.905617
1748504437312,usdt,32.83,withdrawal,-210.000000,7563.271753
1748505508957,sol,7266.49,buy,4.86536936,34.40883547
1748510735626,sol,7266.04,withdrawal,-11.33993451,23.06890096
1748517285479,sol,7264.18,sell,-1.13957460,21.92932636
1748522180859,eth,124747.3,deposit,0.82451368,1.80544999
1748522654355,usdc,32.13,buy,123.737503,5576.643120
1748530909705,sol,7275.23,sell,-12.07284353,9.85648283
1748532138379,btc,3429878.77,deposit,0.02633691,0.14125558
1748533528642,eth,124742.71,buy,0.30610660,2.11155659
1748535057991,usdt,32.84,sell,-4062.206372,3501.065381
1748536701598,usdt,32.84,withdrawal,-272.000000,3229.065381
1748538289423,doge,34.93,deposit,733.92381558,7142.25558486
1748538607586,btc,3430374.12,sell,-0.04102121,0.10023437
1748539755487,eth,124704.16,sell,-1.20195710,0.90959949
1748540118620,usdc,32.1,withdrawal,-332.000000,5244.643120
1748542937481,eth,124676.61,buy,0.36670205,1.27630154
1748543088759,usdt,32.83,buy,172.499694,3401.565075
1748544911839,btc,3430500.4,withdrawal,-0.02717324,0.07306113
1748548416447,btc,3429971.9,sell,-0.00156229,0.07149884
1748553096489,usdc,32.12,deposit,2518.000000,7762.643120
1748553345224,eth,124915.88,withdrawal,-0.12144977,1.15485177
1748556407021,usdt,32.85,sell,-872.223938,2529.341137
1748558025363,usdt,32.86,buy,283.101737,2812.442874
1748560186671,btc,3433071.45,sell,-0.02564426,0.04585458
1748567416536,btc,3434651.05,sell,-0.01047524,0.03537934
1748568504334,eth,124938.84,buy,0.01756494,1.17241671
1748570023342,doge,35.07,buy,625.55921706,7767.81480192
1748573164612,usdt,32.87,withdrawal,-421.000000,2391.442874
1748573622497,doge,35.08,withdrawal,-2906.69808661,4861.11671531
1748577853747,eth,124870.76,deposit,0.36150336,1.53392007
1748579869864,usdc,32.11,sell,-2976.447956,4786.195164
1748585045125,usdt,32.88,deposit,1086.000000,3477.442874
1748587612277,usdt,32.88,deposit,2055.000000,5532.442874
1748590833025,twd,1.0,withdrawal,-9154,45909559
1748590962804,twd,1.0,deposit,144283,46053842
1748601705512,usdc,32.11,deposit,2949.000000,7735.195164
1748601971313,btc,3435147.3,buy,0.00853109,0.04391043
1748602355018,twd,1.0,withdrawal,-10670,46013867
1748603026445,btc,3433891.77,withdrawal,-0.01178685,0.03212358
1748604612537,sol,7307.63,deposit,10.74008439,20.59656722
1748607833287,sol,7307.82,deposit,14.11983555,34.71640277
1748620725096,usdt,32.89,sell,-483.642259,5048.800615
1748621322392,btc,3436807.82,withdrawal,-0.00723870,0.02488488
1748630733178,btc,3437990.71,sell,-0.01329785,0.01158703
1748636199786,sol,7301.2,deposit,11.78481496,46.50121773
1748638485676,usdc,32.11,sell,-1733.815524,6001.379640
1748640625470,eth,125128.92,buy,0.19976186,1.73368193
1748643806196,btc,3437382.83,deposit,0.03005143,0.04163846
1748644198821,usdt,32.88,deposit,2860.000000,7908.800615
1748647740000,btc,3438372.13,sell,-0.01964419,0.02199427
1748648280000,sol,7301.69,sell,-0.52965427,45.97156346
1748648340000,usdc,32.11,withdrawal,-364.000000,5637.379640
1748650260000,usdc,32.12,buy,720.462093,6357.841733
1748650380000,usdt,32.87,buy,791.932699,8700.733314
1748651400000,btc,3434502.66,sell,-0.00836353,0.01363074
1748653320000,btc,3434032.36,buy,0.01394036,0.02757110
1748655240000,twd,1.0,withdrawal,-27452,46081811
1748657700000,btc,3432792.08,sell,-0.01319207,0.01437903
1748658402852,btc,3433824.45,sell,-0.00113306,0.01324597
1748658480000,twd,1.0,deposit,78925,46209912
1748671480106,sol,7324.95,deposit,6.30598188,52.27754534
1748675240288,usdc,32.12,deposit,1062.000000,7419.841733
1748678563909,usdc,32.12,deposit,710.000000,8129.841733
1748689411603,doge,35.18,sell,-2003.90079745,2857.21591786
1748689895200,usdt,32.85,buy,1021.233510,9721.966824
1748690729328,usdt,32.86,sell,-4199.160290,5522.806534
1748691210746,usdt,32.87,buy,998.976143,6521.782677
1748692912347,sol,7335.61,withdrawal,-14.58210140,37.69544394
1748694748403,usdc,32.13,buy,1387.379735,9517.221468
1748695679853,sol,7338.46,sell,-12.16323086,25.53221308
1748695698524,doge,35.21,deposit,2342.97938201,5200.19529987
1748699777821,btc,3438076.95,buy,0.01219029,0.02543626
1748700311252,twd,1.0,deposit,129975,46484770
1748712192434,usdc,32.14,deposit,1883.000000,11400.221468
1748712434177,usdc,32.14,withdrawal,-125.000000,11275.221468
1748713592436,usdc,32.15,sell,-2479.280173,8795.941295
1748716476591,sol,7342.21,withdrawal,-0.61678440,24.91542868
1748720609217,usdc,32.14,deposit,798.000000,9593.941295
1748722750881,doge,35.17,sell,-359.48692610,4840.70837377
1748730999563,usdc,32.13,buy,488.848020,10082.789315
1748733320227,btc,3438010.46,buy,0.00870483,0.03414109
1748734258400,eth,125019.83,buy,0.36377430,2.09745623
1748740968721,doge,35.15,deposit,2044.04871810,6884.75709187
1748745854393,eth,125096.72,sell,-0.86266515,1.23479108
1748749702168,sol,7346.63,deposit,10.44639161,35.36182029
1748759861622,btc,3439318.19,deposit,0.01836599,0.05250708
1748760871190,doge,35.02,sell,-3325.18982441,3559.56726746
1748763074554,eth,125025.79,deposit,0.16977243,1.40456351
1748763878697,usdc,32.12,sell,-4975.136047,5107.653268
1748767708736,doge,34.91,deposit,1796.82522918,5356.39249664
1748784789267,sol,7347.74,deposit,13.60158137,48.96340166
1748792718596,sol,7349.02,buy,1.65350853,50.61691019
1748795303338,usdt,32.89,withdrawal,-169.000000,6352.782677
1748805082133,btc,3441881.38,sell,-0.02049393,0.03201315
1748806102635,btc,3442026.46,sell,-0.01747344,0.01453971
1748807977320,doge,35.02,buy,153.14110735,5509.53360399
1748810166258,usdc,32.13,sell,-2814.390674,2293.262594
1748811198136,eth,125086.62,buy,0.35956993,1.76413344
1748820794052,sol,7363.22,deposit,7.11576626,57.73267645
1748827754082,doge,34.92,withdrawal,-575.50494202,4934.02866197
1748831281988,usdc,32.14,sell,-831.452497,1461.810097
1748834161770,eth,125010.98,deposit,1.36958301,3.13371645
1748836168588,usdt,32.89,sell,-3286.154922,3066.627755
1748839073125,usdc,32.13,buy,1194.516354,2656.326451
1748840165699,usdc,32.12,deposit,1589.000000,4245.326451
1748844723907,twd,1.0,withdrawal,-17494,47107697
1748849112646,usdc,32.11,sell,-1309.647677,2935.678774
1748856623917,btc,3447415.62,sell,-0.00612120,0.00841851
1748860888617,doge,35.02,buy,801.40665469,5735.43531666
1748866841169,usdt,32.87,sell,-956.579191,2110.048564
1748868587932,sol,7380.18,withdrawal,-3.20611633,54.52656012
1748869656741,btc,3449363.3,sell,-0.00494816,0.00347035
1748870188298,twd,1.0,withdrawal,-20252,47171058
1748877137778,usdt,32.86,sell,-397.454590,1712.593974
1748878546068,twd,1.0,withdrawal,-26645,47157472
1748879742507,btc,3450125.69,withdrawal,-0.00131257,0.00215778
1748883932103,sol,7391.6,deposit,6.30869697,60.83525709
1748886271029,eth,124936.5,deposit,0.25963072,3.39334717
1748887733190,twd,1.0,deposit,45954,47203426
1748890409050,btc,3450847.05,withdrawal,-0.00089812,0.00125966
1748899147034,usdc,32.11,sell,-1742.575041,1193.103733
1748910893238,usdt,32.86,deposit,1755.000000,3467.593974
1748911452747,btc,3452017.91,buy,0.00531645,0.00657611
1748912153527,eth,124775.54,deposit,0.47206622,3.86541339
1748914912140,doge,35.18,sell,-1266.27153756,4469.16377910
1748923310152,usdc,32.12,withdrawal,-344.000000,849.103733
1748927067105,twd,1.0,withdrawal,-14319,47271259
1748935842420,usdt,32.87,deposit,664.000000,4131.593974
1748938710419,usdc,32.13,sell,-74.664478,774.439255
1748940617748,usdc,32.12,withdrawal,-237.000000,537.439255
1748947096989,btc,3452210.3,deposit,0.03320106,0.03977717
1748947166119,eth,124790.24,buy,0.37057645,4.23598984
1748957230040,usdt,32.87,buy,139.099811,4270.693785
1748958859422,doge,35.13,deposit,422.79463282,4891.95841192
1748962710451,sol,7391.57,deposit,5.07423380,65.90949089
1748963677286,sol,7392.82,buy,1.92512609,67.83461698
1748966538926,twd,1.0,withdrawal,-17493,47191116
1748976860451,eth,124875.86,sell,-0.70469737,3.53129247
1748977966139,eth,124870.01,buy,0.24588712,3.77717959
1748981100000,doge,35.24,sell,-1808.43498728,3083.52342464
1748981619747,usdc,32.13,buy,356.167513,893.606768
1748994128555,usdt,32.89,deposit,1597.000000,5867.693785
1749004086393,usdc,32.13,sell,-521.445370,372.161398
1749007128227,usdt,32.88,withdrawal,-129.000000,5738.693785
1749007701594,sol,7387.72,buy,0.83393429,68.66855127
1749014297965,sol,7388.05,buy,5.52886165,74.19741292
1749015375953,usdt,32.88,withdrawal,-162.000000,5576.693785
1749015474705,usdc,32.13,sell,-93.603916,278.557482
1749020413913,sol,7381.7,withdrawal,-9.54864702,64.64876590
1749020572325,doge,35.08,withdrawal,-886.95016410,2196.57326054
1749022863354,usdt,32.9,sell,-2142.702439,3433.991346
1749023738520,eth,124954.64,deposit,0.98889524,4.76607483
1749024952519,doge,35.11,deposit,1161.83518189,3358.40844243
1749039099668,sol,7378.89,buy,5.48357308,70.13233898
1749044963996,eth,124971.94,deposit,0.91197030,5.67804513
1749045049548,eth,124989.7,sell,-3.23718102,2.44086411
1749045769298,doge,35.19,sell,-1597.15369337,1761.25474906
1749048860289,twd,1.0,deposit,112070,47876379
1749060229368,sol,7377.87,buy,0.19867023,70.33100921
1749060459603,usdc,32.15,sell,-29.963022,248.594460
1749061185698,eth,124920.65,withdrawal,-0.86724909,1.57361502
1749064783681,btc,3451694.92,sell,-0.02283390,0.01694327
1749067855996,btc,3452934.78,sell,-0.00767577,0.00926750
1749075405198,doge,35.3,withdrawal,-328.89636181,1432.35838725
1749078352484,btc,3451250.88,deposit,0.01433129,0.02359879
1749078805779,usdt,32.93,deposit,1042.000000,4475.991346
1749081084322,eth,124892.14,withdrawal,-0.44543393,1.12818109
1749084209123,usdc,32.13,sell,-42.675450,205.919010
1749085913293,usdt,32.91,withdrawal,-369.000000,4106.991346
1749087520691,usdt,32.9,buy,648.219031,4755.210377
1749092314790,usdt,32.89,sell,-427.069662,4328.140715
1749094294464,twd,1.0,deposit,106673,48081959
1749095745034,sol,7387.16,withdrawal,-6.79384352,63.53716569
1749100076377,twd,1.0,withdrawal,-25673,48056286
1749100155628,btc,3452476.1,deposit,0.02921596,0.05281475
1749104380588,eth,124975.56,sell,-0.29319171,0.83498938
1749109082701,sol,7395.2,buy,5.92638044,69.46354613
1749109285850,sol,7398.87,sell,-21.40777144,48.05577469
1749109676710,usdt,32.91,sell,-759.001491,3569.139224
1749115496956,sol,7390.78,withdrawal,-3.32274743,44.73302726
1749116036622,twd,1.0,deposit,113975,48346445
1749117218997,usdc,32.12,withdrawal,-52.000000,153.919010
1749118399600,sol,7389.44,withdrawal,-2.69970368,42.03332358
1749126211723,doge,35.44,buy,364.44337359,1796.80176084
1749126537467,doge,35.42,buy,687.20659202,2484.00835286
1749132086215,doge,35.48,buy,30.14130931,2514.14966217
1749137049041,usdc,32.14,deposit,1628.000000,1781.919010
1749141231363,btc,3451785.79,buy,0.01176729,0.06458204
1749143315401,btc,3451073.51,withdrawal,-0.01445530,0.05012674
1749145065445,btc,3452111.04,sell,-0.02242014,0.02770660
1749150512110,doge,35.3,deposit,823.25624352,3337.40590569
1749154473652,usdc,32.13,deposit,746.000000,2527.919010
1749168388311,twd,1.0,withdrawal,-5498,48339398
1749170750030,eth,124956.55,withdrawal,-0.15996450,0.67502488
1749179364048,doge,35.33,buy,30.14109479,3367.54700048
1749179900685,sol,7401.63,buy,2.44648436,44.47980794
1749180657699,usdc,32.13,withdrawal,-352.000000,2175.919010
1749182577846,doge,35.27,buy,1062.62073544,4430.16773592
1749184911376,eth,125061.44,sell,-0.25478413,0.42024075
1749195057243,eth,125009.39,buy,0.26202900,0.68226975
1749197876588,doge,35.2,withdrawal,-817.27620083,3612.89153509
1749199767272,sol,7411.89,buy,4.67972598,49.15953392
1749204834761,usdt,32.91,deposit,1075.000000,4644.139224
1749205650394,btc,3453487.79,sell,-0.00772571,0.01998089
1749209832961,usdc,32.15,withdrawal,-120.000000,2055.919010
1749217671406,eth,125030.45,deposit,1.49176112,2.17403087
1749222379586,sol,7423.51,withdrawal,-14.18722689,34.97230703
1749233170598,doge,35.17,sell,-2047.95664631,1564.93488878
1749233998534,twd,1.0,withdrawal,-13819,48332055
1749238685509,btc,3450936.12,deposit,0.04004964,0.06003053
1749242093735,twd,1.0,withdrawal,-21873,48310182
1749244846417,btc,3448395.78,deposit,0.01033676,0.07036729
1749245291297,usdc,32.15,sell,-804.810129,1251.108881
1749246790419,eth,124958.99,sell,-0.17087027,2.00316060
1749256849053,btc,3447870.16,deposit,0.03441146,0.10477875
1749269328689,btc,3447871.94,buy,0.01090243,0.11568118
1749271941999,btc,3447052.82,withdrawal,-0.00411601,0.11156517
1749272261953,usdt,32.88,deposit,1969.000000,6613.139224
1749281345172,btc,3447277.04,withdrawal,-0.04315028,0.06841489
1749286964186,eth,124989.32,withdrawal,-0.24591259,1.75724801
1749290142029,twd,1.0,deposit,108035,48427857
1749292618186,eth,125026.53,sell,-0.94503730,0.81221071
1749299829813,sol,7414.37,deposit,9.39158588,44.36389291
1749301113240,sol,7410.01,buy,3.25928486,47.62317777
1749303364508,btc,3447075.35,sell,-0.03554309,0.03287180
1749305596515,usdc,32.16,withdrawal,-351.000000,900.108881
1749306382642,usdt,32.88,sell,-3438.055432,3175.083792
1749306621865,usdc,32.16,sell,-237.588990,662.519891
1749306897117,usdt,32.89,sell,-1287.293876,1887.789916
1749308286570,usdt,32.9,deposit,2321.000000,4208.789916
1749309265177,sol,7417.26,sell,-4.27212557,43.35105220
1749320160000,usdc,32.14,sell,-101.163543,561.356348
1749322080000,doge,35.12,deposit,1404.37704419,2969.31193297
1749323040000,usdt,32.93,deposit,670.000000,4878.789916
1749324343735,doge,35.04,deposit,1781.91362249,4751.22555546
1749325954960,twd,1.0,deposit,25630,48867978
1749326257000,doge,35.01,deposit,1027.18061792,5778.40617338
1749339192026,doge,35.04,withdrawal,-615.69948345,5162.70668993
1749353751392,usdc,32.15,deposit,956.000000,1517.356348
1749360837825,doge,35.05,withdrawal,-1382.21534246,3780.49134747
1749366472731,sol,7414.31,deposit,8.21254708,51.56359928
1749367669856,sol,7415.37,deposit,3.77466226,55.33826154
1749373176140,usdc,32.15,buy,1422.975409,2940.331757
1749377916651,btc,3451613.76,deposit,0.00858041,0.04145221
1749379371110,usdc,32.14,withdrawal,-119.000000,2821.331757
1749387387847,doge,35.18,withdrawal,-777.97539513,3002.51595234
1749387634523,twd,1.0,deposit,44591,48866820
1749394067887,twd,1.0,deposit,91633,48958453
1749402906335,eth,125373.95,sell,-0.09230772,0.71990299
1749403710042,usdc,32.15,withdrawal,-245.000000,2576.331757
1749403844496,usdc,32.16,deposit,1021.000000,3597.331757
1749406648665,doge,35.04,sell,-291.55165714,2710.96429520
1749413645784,twd,1.0,withdrawal,-20012,48960230
1749414058358,eth,125415.98,sell,-0.09427611,0.62562688
1749416779594,eth,125480.24,deposit,0.64061248,1.26623936
1749417441601,usdc,32.17,buy,1469.516168,5066.847925
1749423535587,doge,35.05,withdrawal,-163.72326917,2547.24102603
1749423844482,doge,35.0,buy,197.23553873,2744.47656476
1749430965424,sol,7415.15,buy,4.21535688,59.55361842
1749434975719,sol,7415.45,deposit,2.42109460,61.97471302
1749437189628,usdc,32.18,withdrawal,-204.000000,4862.847925
1749440972886,eth,125566.26,deposit,0.82546397,2.09170333
1749442670703,btc,3452353.23,withdrawal,-0.00118591,0.04026630
1749443572860,doge,35.09,deposit,1989.55552514,4734.03208990
1749443806860,usdc,32.18,withdrawal,-265.000000,4597.847925
1749444102929,doge,35.11,buy,720.92536163,5454.95745153
1749445202946,doge,35.16,withdrawal,-1093.73026319,4361.22718834
1749448946244,twd,1.0,deposit,49005,48910309
1749449069008,usdc,32.19,deposit,2306.000000,6903.847925
1749450201751,usdc,32.18,buy,303.700732,7207.548657
1749452981963,doge,35.18,deposit,1305.76839128,5666.99557962
1749454267430,doge,35.15,sell,-3167.13553380,2499.86004582
1749459601457,sol,7432.48,withdrawal,-8.12140753,53.85330549
1749459629527,eth,125701.67,sell,-0.96208406,1.12961927
1749464454869,eth,125668.62,withdrawal,-0.39188847,0.73773080
1749467723706,usdt,32.94,withdrawal,-463.000000,4415.789916
1749467746232,usdt,32.95,buy,1381.192092,5796.982008
1749469040654,eth,125607.42,sell,-0.24961910,0.48811170
1749470204596,twd,1.0,withdrawal,-15367,49103258
1749470942710,doge,35.16,deposit,240.60316730,2740.46321312
1749472061670,usdt,32.97,withdrawal,-224.000000,5572.982008
1749473343372,eth,125679.5,withdrawal,-0.05818061,0.42993109
1749473755384,sol,7441.87,withdrawal,-16.60740223,37.24590326
1749475766653,btc,3456042.62,deposit,0.01703090,0.05729720
1749476982965,sol,7445.51,deposit,12.10400234,49.34990560
1749479746293,doge,35.2,deposit,947.06603060,3687.52924372
1749481949115,doge,35.19,sell,-427.79827373,3259.73096999
1749483779099,btc,3455807.45,buy,0.00150720,0.05880440
1749491197687,doge,35.16,sell,-1153.06116587,2106.66980412
1749492829985,btc,3457429.51,withdrawal,-0.00680699,0.05199741
1749493057611,btc,3457492.14,deposit,0.02897923,0.08097664
1749494454278,doge,35.03,deposit,775.81792978,2882.48773390
1749495227293,usdt,32.97,sell,-1262.859578,4310.122430
1749497066272,btc,3458180.83,deposit,0.00587701,0.08685365
1749498906766,btc,3456687.73,deposit,0.04628227,0.13313592
1749507449181,sol,7465.92,sell,-20.63017812,28.71972748
1749509416705,usdc,32.16,withdrawal,-414.000000,6793.548657
1749521331111,sol,7463.53,withdrawal,-1.63156512,27.08816236
1749523075923,twd,1.0,withdrawal,-12761,49336553
1749525058033,btc,3458536.08,buy,0.00820439,0.14134031
1749528435241,usdc,32.14,withdrawal,-482.000000,6311.548657
1749529179916,doge,35.23,buy,845.64098784,3728.12872174
1749530420499,sol,7466.42,withdrawal,-9.32523017,17.76293219
1749535401270,sol,7470.68,deposit,11.91784377,29.68077596
1749541195317,sol,7471.45,buy,1.00479807,30.68557403
1749541244586,sol,7472.71,sell,-8.57823100,22.10734303
1749546263710,twd,1.0,withdrawal,-23243,49311741
1749546588964,eth,125523.67,buy,0.06325548,0.49318657
1749548706260,usdc,32.12,sell,-2817.036657,3494.512000
1749549185707,btc,3455720.35,sell,-0.07612497,0.06521534
1749553907353,eth,125488.7,withdrawal,-0.14151398,0.35167259
1749556357978,eth,125518.71,sell,-0.05937209,0.29230050
1749557222338,usdc,32.12,deposit,1929.000000,5423.512000
1749558548828,usdt,32.96,buy,1207.820050,5517.942480
1749561433084,usdc,32.12,buy,1123.370666,6546.882666
1749563046028,eth,125545.55,sell,-0.12336273,0.16893777
1749564250499,usdc,32.12,sell,-1244.876502,5302.006164
1749565187910,usdc,32.12,sell,-1758.799288,3543.206876
1749566683984,usdc,32.12,withdrawal,-358.000000,3185.206876
1749569611513,btc,3454510.57,buy,0.00753219,0.07274753
1749574843306,doge,35.36,buy,226.84967863,3954.97840037
1749577576489,sol,7480.01,withdrawal,-8.79033324,13.31700979
1749577617070,doge,35.33,withdrawal,-296.73812766,3658.24027271
1749578465567,doge,35.3,deposit,255.12056181,3913.36083452
1749580459769,sol,7484.95,buy,3.04501038,16.36202017
1749582654380,eth,125660.61,withdrawal,-0.04503190,0.12390587
1749600208943,btc,3459308.16,withdrawal,-0.02904904,0.04369849
1749601249101,usdt,32.94,buy,902.751498,6420.693978
1749606837161,eth,125532.22,withdrawal,-0.03136146,0.09254441
1749607785096,usdc,32.11,sell,-998.799025,2186.407851
1749613513399,usdc,32.1,withdrawal,-285.000000,1901.407851
1749614651908,doge,35.4,sell,-1719.63030138,2193.73053314
1749617390956,sol,7483.47,deposit,2.73670021,19.09872038
1749618741196,usdt,32.96,sell,-2544.018200,3876.675778
1749620851977,eth,125441.41,deposit,0.52749209,0.62003650
1749624357854,sol,7494.7,deposit,8.89269464,27.99141502
1749625056417,twd,1.0,withdrawal,-24268,49766829
1749627360000,eth,125400.11,sell,-0.07454772,0.54548878
1749627780000,usdt,32.97,deposit,1151.000000,5027.675778
1749629460000,eth,125382.38,buy,0.09774982,0.64323860
1749629740343,usdc,32.11,buy,696.619407,2598.027258
1749630383626,sol,7510.9,sell,-3.69440078,24.29701424
1749630872425,twd,1.0,deposit,40135,49809433
1749630900000,doge,35.56,withdrawal,-728.99446107,1464.73607207
1749633240000,doge,35.57,deposit,1427.01856102,2891.75463309
1749633960000,usdc,32.1,deposit,2024.000000,4622.027258
1749634500000,usdc,32.09,withdrawal,-423.000000,4199.027258
1749637080000,sol,7514.73,deposit,13.07253311,37.36954735
1749637192719,doge,35.61,deposit,820.85020685,3712.60483994
1749637560000,sol,7519.63,withdrawal,-14.65821191,22.71133544
1749638281359,usdc,32.09,sell,-933.391558,3265.635700
1749638758154,sol,7518.56,buy,0.20209857,22.91343401
1749639960000,twd,1.0,withdrawal,-6207,49831663
1749640120953,btc,3461584.18,deposit,0.01587461,0.05957310
1749640868624,usdt,32.95,deposit,2594.000000,7621.675778
1749642120000,twd,1.0,withdrawal,-25106,49806557
1749644640000,eth,125248.27,sell,-0.30027396,0.34296464
1749646484365,twd,1.0,withdrawal,-16540,49827626
1749647438325,btc,3460749.62,deposit,0.03331625,0.09288935
1749650029008,usdt,32.96,buy,409.706250,8031.382028
1749650351741,doge,35.67,deposit,1815.27114865,5527.87598859
1749652725339,eth,125189.12,deposit,1.29131766,1.63428230
1749662944281,btc,3461648.34,deposit,0.01847914,0.11136849
1749667346761,sol,7527.02,withdrawal,-4.73509712,18.17833689
1749671672130,usdt,32.96,sell,-917.168959,7114.213069
1749676911946,twd,1.0,withdrawal,-15448,49828907
1749680996694,usdt,32.97,withdrawal,-423.000000,6691.213069
1749683468254,eth,125127.8,deposit,0.24800940,1.88229170
1749686291722,eth,125082.28,buy,0.07313765,1.95542935
1749687433448,usdc,32.05,sell,-807.086094,2458.549606
1749691383012,usdt,32.96,buy,853.678441,7544.891510
1749691543854,btc,3466197.57,withdrawal,-0.01829456,0.09307393
1749695080400,btc,3467518.38,buy,0.00326630,0.09634023
1749696045397,eth,125077.73,sell,-0.33035145,1.62507790
1749697965628,usdt,32.96,deposit,1096.000000,8640.891510
1749700602064,btc,3464682.66,deposit,0.03050304,0.12684327
1749701937283,eth,125243.79,deposit,0.25075983,1.87583773
1749712338674,eth,125253.14,deposit,1.27219583,3.14803356
1749716929136,twd,1.0,withdrawal,-14972,49832504
1749718493666,usdc,32.03,buy,94.612143,2553.161749
1749718927888,usdt,32.94,buy,1333.505458,9974.396968
1749726894243,btc,3468257.29,deposit,0.02401530,0.15085857
1749729831923,usdc,32.04,withdrawal,-200.000000,2353.161749
1749732067460,doge,36.07,sell,-2698.18403652,2829.69195207
1749749130757,usdt,32.94,deposit,1868.000000,11842.396968
1749749693032,usdc,32.04,deposit,1885.000000,4238.161749
1749752124428,usdt,32.93,withdrawal,-392.000000,11450.396968
1749753535546,doge,36.08,sell,-538.93739807,2290.75455400
1749754911330,eth,125279.75,sell,-1.40128487,1.74674869
1749757510861,btc,3467369.02,sell,-0.03934061,0.11151796
1749757586339,usdt,32.91,sell,-3333.994417,8116.402551
1749757825759,doge,36.1,sell,-1207.85286740,1082.90168660
1749762576995,btc,3468478.21,buy,0.01240166,0.12391962
1749764598546,sol,7539.65,withdrawal,-1.90223589,16.27610100
1749767510186,btc,3468677.84,deposit,0.04259460,0.16651422
1749767563669,eth,125389.06,deposit,0.31890121,2.06564990
1749775243074,btc,3469516.32,deposit,0.00697387,0.17348809
1749777592258,btc,3468996.76,sell,-0.04652236,0.12696573
1749788111273,eth,125473.64,withdrawal,-0.40545438,1.66019552
1749799382733,sol,7544.65,withdrawal,-4.02498445,12.25111655
1749800118186,sol,7549.69,sell,-4.94992090,7.30119565
1749804861150,sol,7550.72,buy,6.57278131,13.87397696
1749805590037,usdc,32.06,buy,626.800649,4864.962398
1749806647243,btc,3470042.59,deposit,0.01176530,0.13873103
1749806784751,sol,7543.86,deposit,8.14258744,22.01656440
1749806875716,usdc,32.03,deposit,525.000000,5389.962398
1749809740174,sol,7539.06,buy,6.10522258,28.12178698
1749809858603,doge,36.22,deposit,700.74699210,1783.64867870
1749810358879,usdc,32.05,deposit,2180.000000,7569.962398
1749813361338,btc,3470076.2,sell,-0.01299095,0.12574008
1749830591819,eth,125436.13,buy,0.22875718,1.88895270
1749836789762,btc,3471018.8,deposit,0.03340859,0.15914867
1749843165988,btc,3470343.47,withdrawal,-0.05672699,0.10242168
1749843443339,twd,1.0,deposit,111374,50535352
1749855336204,doge,36.11,deposit,1987.74552343,3771.39420213
1749864853374,twd,1.0,withdrawal,-6877,50528475
1749866854685,btc,3468208.32,buy,0.00770123,0.11012291
1749869882933,btc,3469237.76,withdrawal,-0.02815785,0.08196506
1749871058347,usdc,32.08,deposit,1779.000000,9348.962398
1749871890578,btc,3470448.11,withdrawal,-0.01448032,0.06748474
1749872762362,sol,7544.33,withdrawal,-7.43341351,20.68837347
1749877425157,twd,1.0,withdrawal,-24786,50476980
1749879086878,twd,1.0,deposit,114149,50591129
1749880361286,eth,125465.19,deposit,0.71162768,2.60058038
1749882623161,btc,3471838.84,buy,0.00368070,0.07116544
1749886112211,usdt,32.87,sell,-2839.663316,5276.739235
1749894287203,eth,125352.03,withdrawal,-0.95889657,1.64168381
1749895246633,usdc,32.09,deposit,2150.000000,11498.962398
1749900160024,sol,7542.02,sell,-0.70895114,19.97942233
1749900270345,sol,7538.88,deposit,9.52582283,29.50524516
1749902894843,twd,1.0,deposit,130088,50807137
1749904008347,twd,1.0,deposit,52186,50859323
1749906092463,usdc,32.08,deposit,1589.000000,13087.962398
1749906420513,btc,3471180.07,buy,0.00429381,0.07545925
1749911520720,usdt,32.89,withdrawal,-304.000000,4972.739235
1749915410208,twd,1.0,deposit,141746,50986164
1749921375060,doge,36.11,deposit,953.84214884,4725.23635097
1749927639307,btc,3469174.65,sell,-0.01185387,0.06360538
1749928158700,doge,36.05,buy,496.93220573,5222.16855670
1749935002944,eth,125245.15,sell,-0.36947876,1.27220505
1749938016828,sol,7563.66,buy,1.89558135,31.40082651
1749945780016,usdc,32.08,deposit,2268.000000,15355.962398
1749948733918,twd,1.0,deposit,111432,51152742
1749948801698,doge,36.03,buy,943.47452092,6165.64307762
1749955634815,doge,36.05,sell,-3195.91885491,2969.72422271
1749960257329,usdt,32.91,buy,877.615629,5850.354864
1749963115888,doge,36.13,withdrawal,-734.69182382,2235.03239889
1749967769815,sol,7565.59,sell,-9.72497070,21.67585581
1749968113247,btc,3466874.74,sell,-0.03301925,0.03058613
1749976040741,doge,36.06,withdrawal,-718.27038682,1516.76201207
1749976939009,eth,125191.89,buy,0.23962020,1.51182525
1749981464511,sol,7565.72,sell,-11.04691772,10.62893809
1749984358065,usdc,32.1,deposit,1926.000000,17281.962398
1749987576012,eth,125199.38,withdrawal,-0.50299044,1.00883481
1749990334310,usdc,32.1,buy,1246.122615,18528.085013
1749992762638,sol,7563.76,buy,2.32268665,12.95162474
1749992970957,usdc,32.1,buy,770.718599,19298.803612
1749995710814,btc,3466426.26,deposit,0.03541087,0.06599700
1749997837162,doge,36.17,deposit,1560.92898864,3077.69100071
1750000981518,doge,36.23,buy,1363.61578663,4441.30678734
1750010216476,sol,7578.98,withdrawal,-2.37392427,10.57770047
1750010236494,usdc,32.09,withdrawal,-482.000000,18816.803612
1750013645072,btc,3466212.85,deposit,0.01159171,0.07758871
1750019198470,eth,125203.14,buy,0.24093970,1.24977451
1750020174196,usdc,32.09,deposit,1004.000000,19820.803612
1750021454529,doge,36.28,sell,-761.91321843,3679.39356891
1750023866458,btc,3470046.71,sell,-0.02992837,0.04766034
1750024258649,sol,7582.44,deposit,14.97500357,25.55270404
1750026878628,usdc,32.08,sell,-1500.784370,18320.019242
1750027560451,eth,125132.01,sell,-0.46701118,0.78276333
1750029915074,usdt,32.91,sell,-2308.316607,3542.038257
1750034856946,usdt,32.91,deposit,2113.000000,5655.038257
1750039164789,usdt,32.91,sell,-2277.789560,3377.248697
1750041011420,doge,36.24,deposit,562.39438198,4241.78795089
1750046258435,doge,36.26,buy,231.31457243,4473.10252332
1750052868717,usdt,32.9,withdrawal,-135.000000,3242.248697
1750056624850,usdc,32.09,buy,1539.279555,19859.298797
1750058238148,sol,7592.45,withdrawal,-5.55067646,20.00202758
1750060779860,eth,125159.67,deposit,1.39996081,2.18272414
1750061260863,sol,7586.27,sell,-7.56685792,12.43516966
1750066635726,usdc,32.07,deposit,2210.000000,22069.298797
1750072579372,usdt,32.92,deposit,1168.000000,4410.248697
1750075920000,eth,125113.16,deposit,0.22076685,2.40349099
1750076940000,usdc,32.06,deposit,1187.000000,23256.298797
1750078980000,sol,7580.83,buy,3.43258350,15.86775316
1750081080000,doge,36.34,deposit,1548.75228511,6021.85480843
1750081320000,eth,125089.3,buy,0.37661409,2.78010508
1750082580000,btc,3472273.98,deposit,0.01241358,0.06007392
1750083335831,sol,7595.1,sell,-7.24622638,8.62152678
1750083480000,doge,36.34,withdrawal,-1797.99016303,4223.86464540
1750085280000,btc,3472174.99,withdrawal,-0.00319694,0.05687698
1750086360000,btc,3471066.09,buy,0.00193718,0.05881416
1750087800000,eth,125002.0,buy,0.28462791,3.06473299
1750089600000,doge,36.35,deposit,244.33371476,4468.19836016
1750090224204,btc,3471815.92,sell,-0.02826061,0.03055355
1750091640000,eth,125037.18,withdrawal,-0.86720052,2.19753247
1750092175538,eth,125076.49,deposit,0.65582827,2.85336074
1750093860000,sol,7604.72,sell,-1.93881269,6.68271409
1750094460000,doge,36.4,deposit,2027.12650736,6495.32486752
1750095900000,sol,7607.73,buy,0.14689183,6.82960592
1750095993920,btc,3472971.18,deposit,0.03681242,0.06736597
1750096566198,doge,36.31,buy,1206.33758114,7701.66244866
1750097880000,doge,36.3,withdrawal,-89.49763802,7612.16481064
1750099800000,usdc,32.03,deposit,1821.000000,25077.298797
1750099966383,btc,3469005.92,sell,-0.01081748,0.05654849
1750101780000,usdt,32.94,withdrawal,-285.000000,4125.248697
1750103910617,eth,125061.92,buy,0.27558518,3.12894592
1750107302365,eth,125103.1,buy,0.07907438,3.20802030
1750109376793,usdc,32.02,sell,-2778.667750,22298.631047
1750109503570,btc,3465625.17,sell,-0.02633522,0.03021327
1750110122302,sol,7630.13,withdrawal,-0.74797965,6.08162627
1750112688275,sol,7627.48,deposit,11.34546976,17.42709603
1750114211024,twd,1.0,deposit,103882,51958313
1750116520462,doge,36.39,buy,1070.97681465,8683.14162529
1750118258893,usdc,32.02,sell,-4321.286434,17977.344613
1750119443351,btc,3462261.67,deposit,0.03740785,0.06762112
1750127356233,doge,36.47,sell,-5043.34649274,3639.79513255
1750132846606,usdc,32.02,deposit,670.000000,18647.344613
1750133904673,twd,1.0,deposit,121320,52362941
1750146033840,btc,3462528.41,sell,-0.00786076,0.05976036
1750149563474,twd,1.0,deposit,26943,52417102
1750151943126,eth,125244.66,withdrawal,-0.73929470,2.46872560
1750152427944,eth,125246.83,buy,0.28371078,2.75243638
1750154126702,usdc,32.02,deposit,1853.000000,20500.344613
1750155850907,usdc,32.03,buy,1071.501935,21571.846548
1750160415604,usdc,32.03,sell,-1382.822001,20189.024547
1750161293361,sol,7621.86,withdrawal,-6.86668612,10.56040991
1750162316305,doge,36.46,sell,-2027.27896043,1612.51617212
1750162826502,btc,3460895.82,deposit,0.03354201,0.09330237
1750163759329,eth,125212.35,withdrawal,-0.90468189,1.84775449
1750174105978,eth,125206.19,deposit,1.36326362,3.21101811
1750178440463,sol,7624.17,buy,4.29888647,14.85929638
1750179146572,usdc,32.02,withdrawal,-457.000000,19732.024547
1750185540051,eth,125317.16,deposit,0.72348430,3.93450241
1750185744663,eth,125370.31,withdrawal,-0.75087393,3.18362848
1750191855868,usdt,32.88,sell,-1590.221295,2535.027402
1750196425144,btc,3463340.91,withdrawal,-0.03166150,0.06164087
1750204405772,eth,125320.39,sell,-1.14171428,2.04191420
1750204767575,usdt,32.88,buy,66.710697,2601.738099
1750209593670,doge,36.48,deposit,1119.19945190,2731.71562402
1750214109916,btc,3466158.98,withdrawal,-0.00512234,0.05651853
1750216057908,doge,36.51,sell,-1007.47880228,1724.23682174
1750217680924,btc,3467977.65,withdrawal,-0.01162743,0.04489110
1750217816129,usdc,32.02,deposit,844.000000,20576.024547
1750218431660,twd,1.0,withdrawal,-27105,52635520
1750226506885,sol,7615.47,sell,-6.97360817,7.88568821
1750229597132,sol,7611.68,deposit,9.81335944,17.69904765
1750230836093,btc,3469482.06,deposit,0.03620915,0.08110025
1750231459117,usdc,32.03,deposit,1353.000000,21929.024547
1750235099846,sol,7607.07,deposit,11.44094547,29.13999312
1750237275500,sol,7607.82,sell,-2.63671913,26.50327399
1750237445464,usdt,32.87,buy,892.072836,3493.810935
1750246555850,btc,3469907.78,buy,0.00195089,0.08305114
1750249789372,usdt,32.88,sell,-200.357095,3293.453840
1750252927349,btc,3471203.69,deposit,0.01699156,0.10004270
1750256590157,usdt,32.87,sell,-168.042897,3125.410943
1750258498145,doge,36.64,buy,507.08807390,2231.32489564
1750260146721,doge,36.66,sell,-468.51561937,1762.80927627
1750265101055,eth,125592.25,deposit,1.29043483,3.33234903
1750265668582,usdt,32.88,withdrawal,-383.000000,2742.410943
1750271296127,sol,7604.07,sell,-10.82209394,15.68118005
1750274691132,sol,7599.52,buy,4.94694354,20.62812359
1750280344598,twd,1.0,deposit,149662,52877658
1750288687047,twd,1.0,withdrawal,-20759,52856899
1750289449585,usdt,32.86,withdrawal,-423.000000,2319.410943
1750290306999,sol,7595.09,sell,-10.85441852,9.77370507
1750292198292,usdt,32.84,sell,-961.396936,1358.014007
1750295555734,doge,36.76,withdrawal,-355.57297001,1407.23630626
1750300267022,usdt,32.84,withdrawal,-101.000000,1257.014007
1750301010013,usdt,32.85,sell,-424.774582,832.239425
1750309337251,eth,125770.05,sell,-0.61748574,2.71486329
1750312628401,eth,125799.88,withdrawal,-0.42189036,2.29297293
1750314414458,twd,1.0,deposit,28105,53090633
1750316183845,usdc,31.99,buy,213.741242,22142.765789
1750319666501,doge,36.81,sell,-355.91177132,1051.32453494
1750321118715,usdc,32.0,deposit,1211.000000,23353.765789
1750324814873,usdc,32.0,buy,953.062872,24306.828661
1750333329842,usdc,32.01,deposit,2384.000000,26690.828661
1750334877288,usdt,32.85,withdrawal,-395.000000,437.239425
1750336485683,sol,7625.24,sell,-5.58310308,4.19060199
1750338726001,usdc,32.0,buy,625.798992,27316.627653
1750342429379,doge,36.96,sell,-441.98054278,609.34399216
1750343579065,btc,3470165.63,deposit,0.03219805,0.13224075
1750347768074,sol,7618.36,withdrawal,-0.99617559,3.19442640
1750348502758,eth,125854.63,withdrawal,-0.84977300,1.44319993
1750350182340,usdt,32.82,sell,-154.252654,282.986771
1750360657045,usdt,32.81,sell,-44.754892,238.231879
1750360961649,usdc,31.99,buy,326.025967,27642.653620
1750363637144,sol,7634.55,buy,4.82983399,8.02426039
1750364179787,usdc,32.0,sell,-13872.287974,13770.365646
1750367225489,sol,7637.53,withdrawal,-2.50962145,5.51463894
1750372556967,twd,1.0,withdrawal,-27470,53480896
1750374946821,twd,1.0,withdrawal,-11336,53469560
1750376694587,usdc,31.99,withdrawal,-127.000000,13643.365646
1750379081840,usdt,32.82,sell,-105.376004,132.855875
1750382631164,twd,1.0,deposit,80710,53553729
1750387199592,btc,3468550.82,sell,-0.05267787,0.07956288
1750387847388,usdt,32.82,buy,1290.571896,1423.427771
1750389436874,doge,36.99,deposit,1206.93341432,1816.27740648
1750392789010,usdt,32.81,buy,188.162747,1611.590518
1750394387786,doge,37.01,withdrawal,-331.56021515,1484.71719133
1750394452227,btc,3467731.03,sell,-0.01652060,0.06304228
1750394540611,sol,7651.39,deposit,3.45720412,8.97184306
1750394735296,usdc,31.98,buy,1035.276491,14678.642137
1750398274026,btc,3468075.24,withdrawal,-0.02463616,0.03840612
1750398506503,btc,3466879.8,buy,0.01381337,0.05221949
1750400411633,sol,7667.27,buy,5.09442046,14.06626352
1750407636858,doge,37.05,withdrawal,-241.81860119,1242.89859014
1750409305969,doge,37.09,deposit,2103.16168665,3346.06027679
1750409569467,usdc,31.96,withdrawal,-109.000000,14569.642137
1750411225287,doge,37.16,deposit,1485.86410314,4831.92437993
1750414869034,doge,37.16,deposit,1331.77276043,6163.69714036
1750417543946,doge,37.21,withdrawal,-2243.41692166,3920.28021870
1750424639714,usdt,32.8,withdrawal,-293.000000,1318.590518
1750425689138,usdc,31.96,sell,-8697.768710,5871.873427
1750429734132,usdc,31.97,buy,563.132721,6435.006148
1750434031764,sol,7662.24,buy,1.34930649,15.41557001
1750444379718,usdc,31.96,buy,879.466660,7314.472808
1750447913680,usdc,31.97,sell,-3308.666379,4005.806429
1750455642171,btc,3472382.13,sell,-0.01161545,0.04060404
1750458120000,eth,125753.75,buy,0.10128406,1.54448399
1750458180000,btc,3474152.59,deposit,0.01706678,0.05767082
1750458600000,doge,37.2,sell,-1564.34485281,2355.93536589
1750459500000,eth,125750.61,buy,0.18175748,1.72624147
1750460005939,btc,3472183.96,sell,-0.01291832,0.04475250
1750460280000,usdt,32.81,withdrawal,-237.000000,1081.590518
1750461180000,usdt,32.8,deposit,546.000000,1627.590518
1750463640000,doge,37.33,withdrawal,-334.81798708,2021.11737881
1750464513560,eth,125898.03,withdrawal,-0.67250530,1.05373617
1750465560000,btc,3472275.98,withdrawal,-0.00577927,0.03897323
1750467840000,usdc,31.94,withdrawal,-473.000000,3532.806429
1750468556111,usdt,32.82,sell,-157.282281,1470.308237
1750469039991,btc,3469335.42,deposit,0.01816987,0.05714310
1750469580000,usdc,31.92,deposit,2144.000000,5676.806429
1750471020000,btc,3469397.67,withdrawal,-0.02101518,0.03612792
1750471036986,twd,1.0,deposit,131731,54197138
1750472029636,eth,125921.78,deposit,0.19309862,1.24683479
1750473240000,usdc,31.92,sell,-68.681533,5608.124896
1750473420000,btc,3471687.23,sell,-0.00775405,0.02837387
1750473576228,twd,1.0,deposit,100701,54326950
1750475092996,usdc,31.93,sell,-1788.974984,3819.149912
1750475880000,twd,1.0,withdrawal,-21280,54362796
1750480146801,doge,37.38,withdrawal,-456.28042393,1564.83695488
1750480497392,eth,125902.69,deposit,0.63132759,1.87816238
1750486275537,btc,3471387.78,withdrawal,-0.00696623,0.02140764
1750489389766,usdt,32.84,withdrawal,-403.000000,1067.308237
1750491400225,twd,1.0,deposit,97148,54459944
1750491802331,eth,125925.61,deposit,1.37399447,3.25215685
1750492835921,doge,37.4,sell,-385.54475659,1179.29219829
1750492970526,usdc,31.93,buy,405.347804,4224.497716
1750496217445,sol,7675.61,sell,-6.39858414,9.01698587
1750500170297,usdt,32.83,sell,-386.375123,680.933114
1750502201679,doge,37.5,deposit,2230.72263928,3410.01483757
1750502601853,twd,1.0,withdrawal,-28922,54494297
1750504644634,usdc,31.93,sell,-57.044274,4167.453442
1750512580234,btc,3475681.35,buy,0.00183613,0.02324377
1750513445232,usdt,32.81,deposit,2064.000000,2744.933114
1750519074820,sol,7679.48,withdrawal,-2.08115228,6.93583359
1750524790292,sol,7684.81,withdrawal,-1.72746599,5.20836760
1750525693727,doge,37.6,sell,-1177.67547345,2232.33936412
1750526470073,usdc,31.92,sell,-1995.702131,2171.751311
1750527849031,doge,37.6,deposit,317.57679449,2549.91615861
1750528972685,eth,126121.2,sell,-0.63278645,2.61937040
1750530434633,btc,3476777.59,deposit,0.03638286,0.05962663
1750530566318,doge,37.57,deposit,1790.89038646,4340.80654507
1750533387810,sol,7695.25,deposit,4.44691410,9.65528170
1750533674878,sol,7699.58,buy,2.83874094,12.49402264
1750536160372,doge,37.49,sell,-304.98886064,4035.81768443
1750536332900,sol,7699.52,buy,1.74800081,14.24202345
1750539815633,usdt,32.8,sell,-449.238769,2295.694345
1750540539327,doge,37.55,withdrawal,-196.58947544,3839.22820899
1750540581560,usdc,31.91,withdrawal,-144.000000,2027.751311
1750552807539,sol,7690.68,buy,1.50798394,15.75000739
1750554974342,btc,3480084.97,deposit,0.01860975,0.07823638
1750556520018,usdc,31.9,buy,880.023349,2907.774660
1750556892887,usdt,32.79,withdrawal,-243.000000,2052.694345
1750560024224,sol,7694.47,deposit,11.25516432,27.00517171
1750571023667,usdt,32.78,sell,-1130.226120,922.468225
1750572259415,usdc,31.92,sell,-1204.752657,1703.022003
1750573544712,usdc,31.93,withdrawal,-409.000000,1294.022003
1750576363761,btc,3485140.24,buy,0.00563935,0.08387573
1750577480623,btc,3485724.11,buy,0.00790944,0.09178517
1750579147375,sol,7683.9,deposit,4.19001369,31.19518540
1750581111553,eth,125841.07,buy,0.24379015,2.86316055
1750582167143,twd,1.0,withdrawal,-22225,54604096
1750584353979,twd,1.0,withdrawal,-24503,54579593
1750602611055,usdc,31.9,sell,-593.542571,700.479432
1750602866641,usdt,32.78,withdrawal,-330.000000,592.468225
1750605041083,sol,7678.35,buy,4.91536062,36.11054602
1750607891136,usdc,31.9,sell,-147.673353,552.806079
1750610478608,doge,37.59,withdrawal,-416.22256891,3423.00564008
1750616445390,btc,3482688.53,deposit,0.02914420,0.12092937
1750618734221,btc,3483484.58,buy,0.00174065,0.12267002
1750622484879,usdt,32.78,withdrawal,-187.000000,405.468225
1750627887746,twd,1.0,deposit,97738,54657169
1750629026037,eth,125873.55,sell,-1.58932603,1.27383452
1750639089555,eth,125913.6,buy,0.37012697,1.64396149
1750642711033,usdt,32.79,buy,1068.358901,1473.827126
1750643220769,sol,7681.72,sell,-3.91062610,32.19991992
1750653398658,btc,3481094.4,sell,-0.01061695,0.11205307
1750659366710,usdt,32.78,sell,-482.141887,991.685239
1750664337527,doge,37.6,sell,-1486.86655728,1936.13908280
1750665232040,sol,7682.49,sell,-16.89488219,15.30503773
1750668335337,usdc,31.93,sell,-219.741811,333.064268
1750669618240,doge,37.62,withdrawal,-311.64471917,1624.49436363
1750674006560,doge,37.58,withdrawal,-263.58162012,1360.91274351
1750674256255,doge,37.57,withdrawal,-68.82237100,1292.09037251
1750681339709,doge,37.62,deposit,2061.54948591,3353.63985842
1750685449415,usdt,32.79,buy,781.922869,1773.608108
1750690005741,eth,125833.47,sell,-0.97925966,0.66470183
1750694708224,eth,125792.6,deposit,1.48447063,2.14917246
1750695424524,eth,125809.61,sell,-0.43948282,1.70968964
1750697288402,usdc,31.91,buy,1512.051214,1845.115482
1750699656197,doge,37.72,deposit,1541.55726764,4895.19712606
1750699919837,btc,3487761.35,sell,-0.01011160,0.10194147
1750700624196,sol,7688.53,buy,5.19172999,20.49676772
1750700921389,btc,3489291.36,deposit,0.03019467,0.13213614
1750716908411,doge,37.72,sell,-2152.22133426,2742.97579180
1750717681354,usdt,32.81,withdrawal,-466.000000,1307.608108
1750718733475,doge,37.75,deposit,717.96083621,3460.93662801
1750719498785,eth,125572.2,withdrawal,-0.14393579,1.56575385
1750728205728,usdt,32.79,sell,-447.869879,859.738229
1750729121383,usdc,31.93,sell,-315.945284,1529.170198
1750732331819,btc,3490446.79,sell,-0.06377184,0.06836430
1750736061574,eth,125633.86,withdrawal,-0.29601373,1.26974012
1750736189698,sol,7694.17,deposit,3.22731189,23.72407961
1750736945258,sol,7693.91,deposit,14.60317813,38.32725774
1750741074942,eth,125538.22,deposit,0.91698510,2.18672522
1750742228485,usdc,31.94,sell,-121.821404,1407.348794
1750744771222,twd,1.0,withdrawal,-26761,55456778
1750748359650,doge,37.72,withdrawal,-668.52710543,2792.40952258
1750752364164,usdc,31.92,deposit,2561.000000,3968.348794
1750755682122,doge,37.71,sell,-180.24415534,2612.16536724
1750757099029,btc,3486529.96,sell,-0.01528051,0.05308379
1750758139114,doge,37.79,buy,301.60448664,2913.76985388
1750758296120,doge,37.77,deposit,2208.09592772,5121.86578160
1750761479502,usdc,31.94,buy,96.215115,4064.563909
1750765063982,eth,125362.46,withdrawal,-0.62776664,1.55895858
1750766832368,btc,3484950.85,sell,-0.02613490,0.02694889
1750769087177,usdc,31.95,withdrawal,-249.000000,3815.563909
1750775122486,usdc,31.96,withdrawal,-307.000000,3508.563909
1750775161085,usdc,31.97,buy,1014.232200,4522.796109
1750775220678,twd,1.0,deposit,49348,55610384
1750775555252,sol,7693.65,deposit,14.05858790,52.38584564
1750783170613,btc,3487564.95,sell,-0.01072952,0.01621937
1750785853496,usdt,32.83,buy,1487.433459,2347.171688
1750785989969,btc,3487495.59,sell,-0.00180695,0.01441242
1750792414057,doge,38.0,deposit,697.07876218,5818.94454378
1750799228701,eth,125401.82,deposit,1.14794832,2.70690690
1750801912984,doge,38.02,buy,370.29818722,6189.24273100
1750802912473,twd,1.0,deposit,116601,55707804
1750810799316,sol,7687.86,sell,-17.70374999,34.68209565
1750812714043,twd,1.0,withdrawal,-21386,55822522
1750813091730,btc,3490704.08,withdrawal,-0.00269671,0.01171571
1750816315132,eth,125419.98,buy,0.23066742,2.93757432
1750833346031,doge,38.05,sell,-435.47834475,5753.76438625
1750835474812,doge,38.08,deposit,384.99068323,6138.75506948
1750837343204,btc,3489944.45,buy,0.01427516,0.02599087
1750837412939,doge,38.12,withdrawal,-2388.64895419,3750.10611529
1750837460349,usdc,31.96,deposit,2024.000000,6546.796109
1750837563945,usdt,32.86,withdrawal,-177.000000,2170.171688
1750847732532,eth,125399.29,sell,-1.12144639,1.81612793
1750851390073,sol,7695.43,buy,5.35275574,40.03485139
1750852212108,sol,7692.86,withdrawal,-14.27070501,25.76414638
1750853767949,usdt,32.86,buy,42.149750,2212.321438
1750857290956,usdc,31.94,withdrawal,-367.000000,6179.796109
1750858376014,eth,125484.2,deposit,0.53432457,2.35045250
1750859838799,doge,38.32,sell,-1276.44162691,2473.66448838
1750864129284,usdt,32.86,buy,180.472831,2392.794269
1750868444652,sol,7698.55,withdrawal,-5.66003841,20.10410797
1750872961773,eth,125452.03,buy,0.22889800,2.57935050
1750876980000,usdc,31.95,deposit,2493.000000,8672.796109
1750876989631,eth,125538.85,withdrawal,-0.73669799,1.84265251
1750877520000,sol,7712.6,withdrawal,-0.87440014,19.22970783
1750877700000,usdt,32.89,buy,530.388243,2923.182512
1750878592983,doge,38.41,sell,-144.22574678,2329.43874160
1750879901738,sol,7718.56,withdrawal,-4.52633500,14.70337283
1750880100000,usdc,31.91,withdrawal,-471.000000,8201.796109
1750881625846,twd,1.0,withdrawal,-12599,55848151
1750881944736,sol,7716.02,withdrawal,-2.48886912,12.21450371
1750882407498,usdt,32.91,sell,-155.882996,2767.299516
1750882800000,doge,38.34,sell,-565.83042136,1763.60832024
1750883148418,btc,3489597.74,deposit,0.01525006,0.04124093
1750884000000,eth,125406.03,withdrawal,-0.29224066,1.55041185
1750884780000,btc,3489854.04,withdrawal,-0.00352833,0.03771260
1750884841299,sol,7709.36,buy,1.40529788,13.61980159
1750884930963,twd,1.0,withdrawal,-8776,55855362
1750885920000,btc,3488752.29,sell,-0.00689706,0.03081554
1750886820000,usdc,31.93,withdrawal,-287.000000,7914.796109
1750888440000,twd,1.0,deposit,27785,55907209
1750888615341,doge,38.23,sell,-616.14706135,1147.46125889
1750889996510,btc,3488203.63,deposit,0.02014975,0.05096529
1750890360000,usdc,31.94,sell,-2141.099795,5773.696314
1750894526302,doge,38.24,sell,-215.45994793,932.00131096
1750895885554,btc,3487807.52,deposit,0.01541361,0.06637890
1750897284020,doge,38.24,sell,-540.63357948,391.36773148
1750906038226,eth,125632.57,buy,0.14860186,1.69901371
1750907751837,doge,38.32,sell,-158.64781053,232.71992095
1750910701910,usdt,32.93,sell,-966.467081,1800.832435
1750915132865,usdt,32.94,sell,-573.996666,1226.835769
1750919961402,doge,38.27,sell,-135.45252723,97.26739372
1750920548249,doge,38.32,sell,-27.76817314,69.49922058
1750924679541,eth,125824.4,withdrawal,-0.59856560,1.10044811
1750943282706,sol,7704.77,sell,-6.79208587,6.82771572
1750944691637,sol,7702.82,buy,3.62986687,10.45758259
1750947237865,doge,38.37,buy,786.57918885,856.07840943
1750954030212,doge,38.42,buy,522.12321049,1378.20161992
1750961090141,eth,125986.54,deposit,0.50984393,1.61029204
1750965295067,usdt,32.94,withdrawal,-377.000000,849.835769
1750965727041,sol,7710.58,withdrawal,-1.12098486,9.33659773
1750972000682,usdt,32.94,withdrawal,-104.000000,745.835769
1750972793821,usdc,31.96,sell,-3308.904430,2464.791884
1750982630158,usdc,31.97,deposit,2295.000000,4759.791884
1750985455792,eth,125918.29,sell,-0.92066195,0.68963009
1750988661461,btc,3485583.61,withdrawal,-0.00717953,0.05919937
1750989616569,eth,125978.45,buy,0.02486831,0.71449840
1750990939349,doge,38.58,buy,715.43827263,2093.63989255
1750991417880,usdt,32.92,deposit,567.000000,1312.835769
1750991502905,usdc,31.96,deposit,1294.000000,6053.791884
1751004511816,usdc,31.96,withdrawal,-143.000000,5910.791884
1751006164010,sol,7721.53,buy,0.50777987,9.84437760
1751011231988,usdc,31.94,deposit,2465.000000,8375.791884
1751013354280,doge,38.61,sell,-101.18061659,1992.45927596
1751015200463,eth,126151.84,deposit,1.07770804,1.79220644
1751015610756,twd,1.0,deposit,148090,56385622
1751020110147,twd,1.0,deposit,117912,56503534
1751021898088,eth,126185.47,withdrawal,-0.40836051,1.38384593
1751052919895,twd,1.0,deposit,55344,56558878
1751054931118,eth,126224.15,buy,0.07450674,1.45835267
1751058976940,doge,38.66,deposit,587.50006472,2579.95934068
1751064648594,btc,3489971.06,buy,0.00275101,0.06195038
1751064798813,usdt,32.92,deposit,646.000000,1958.835769
1751066489113,btc,3488597.63,deposit,0.02652489,0.08847527
1751067663879,doge,38.68,deposit,2047.92214489,4627.88148557
1751068815075,eth,126234.21,buy,0.31971703,1.77806970
1751072685981,btc,3488319.01,withdrawal,-0.01294345,0.07553182
1751082311165,doge,38.7,withdrawal,-1097.52262912,3530.35885645
1751083089050,usdc,31.97,sell,-4280.601635,4095.190249
1751087235315,sol,7721.51,buy,0.98897201,10.83334961
1751087957075,doge,38.81,buy,1010.65653151,4541.01538796
1751089512212,doge,38.8,deposit,2264.42527445,6805.44066241
1751093895329,eth,126382.78,buy,0.39163515,2.16970485
1751097207239,doge,38.72,withdrawal,-1596.93302839,5208.50763402
1751098103561,twd,1.0,deposit,68127,56608126
1751105872119,usdt,32.88,withdrawal,-376.000000,1582.835769
1751109521429,usdt,32.88,sell,-382.029991,1200.805778
1751109729814,sol,7727.14,deposit,8.90878983,19.74213944
1751118900000,eth,126451.78,deposit,0.90623240,3.07593725
1751119140860,eth,126395.85,sell,-0.83951423,2.23642302
1751124820063,usdc,31.97,sell,-857.170851,3238.019398
1751136179429,usdc,31.97,sell,-938.778420,2299.240978
1751143387561,usdc,31.98,deposit,1780.000000,4079.240978
1751144743617,sol,7743.45,buy,3.26007665,23.00221609
1751148821136,eth,126456.22,withdrawal,-0.54724724,1.68917578
1751150956144,usdc,31.96,withdrawal,-433.000000,3646.240978
1751174390762,twd,1.0,deposit,135786,56894764
1751175499253,eth,126486.75,deposit,0.40270900,2.09188478
1751180974300,doge,38.58,withdrawal,-1312.94594697,3895.56168705
1751186634733,usdc,31.96,deposit,1733.000000,5379.240978
1751195026794,sol,7736.01,withdrawal,-6.42281882,16.57939727
1751197710662,doge,38.56,deposit,368.06237945,4263.62406650
1751202041491,eth,126481.71,sell,-0.87718840,1.21469638
1751209844153,usdt,32.86,buy,853.461748,2054.267526
1751212157479,eth,126531.33,deposit,1.17275289,2.38744927
1751216400000,sol,7737.6,deposit,13.18477934,29.76417661
1751217910796,sol,7734.84,sell,-12.13109453,17.63308208
1751220978507,twd,1.0,withdrawal,-12704,57058795
1751222369480,usdc,32.0,deposit,1380.000000,6759.240978
1751224530182,btc,3489441.8,sell,-0.02447055,0.05106127
1751227398302,doge,38.53,deposit,378.71560120,4642.33966770
1751227601967,btc,3490443.7,buy,0.01323144,0.06429271
1751229267546,usdt,32.87,sell,-551.615986,1502.651540
1751236380097,btc,3488068.32,withdrawal,-0.01191305,0.05237966
1751237129530,sol,7739.46,deposit,8.84162532,26.47470740
1751238625110,eth,126496.66,deposit,0.88793796,3.27538723
1751238921020,eth,126540.6,deposit,0.99360449,4.26899172
1751241077396,usdt,32.86,sell,-827.127114,675.524426
1751244439097,twd,1.0,deposit,60782,57204094
1751245590697,usdc,31.98,withdrawal,-277.000000,6482.240978
1751246529842,usdt,32.87,withdrawal,-239.000000,436.524426
1751247530907,doge,38.37,withdrawal,-725.37991003,3916.95975767
1751258459280,doge,38.41,deposit,2240.46834136,6157.42809903
1751258557558,usdt,32.89,deposit,1978.000000,2414.524426
1751266300483,sol,7750.43,sell,-12.62363263,13.85107477
1751273142167,sol,7754.9,buy,4.42083803,18.27191280
1751274095849,twd,1.0,deposit,27018,57294667
1751281049198,sol,7752.29,withdrawal,-6.64657417,11.62533863
1751286728450,usdc,31.99,withdrawal,-408.000000,6074.240978
1751287414979,usdt,32.89,deposit,2819.000000,5233.524426
1751294726827,sol,7754.43,buy,5.31723389,16.94257252
1751299730602,usdc,31.98,buy,1051.681600,7125.922578
1751300596927,sol,7755.46,withdrawal,-0.61317063,16.32940189
1751305191991,doge,38.44,withdrawal,-1209.33340752,4948.09469151
1751316312520,doge,38.45,deposit,1715.66913647,6663.76382798
1751324920886,btc,3491110.07,sell,-0.00780104,0.04457862
1751326478648,usdc,31.99,withdrawal,-180.000000,6945.922578
1751328232494,btc,3491355.3,deposit,0.03625232,0.08083094
1751328837876,usdc,32.0,sell,-658.477786,6287.444792
1751330579104,sol,7755.98,deposit,9.89542049,26.22482238
1751341477597,sol,7759.04,sell,-14.86233943,11.36248295
1751341891111,usdt,32.88,sell,-1844.059313,3389.465113
1751346031964,usdc,31.99,sell,-456.324777,5831.120015
1751352433532,eth,126538.94,deposit,0.76780878,5.03680050
1751354266815,usdc,31.99,sell,-2004.892305,3826.227710
1751358782065,sol,7773.41,deposit,11.86887932,23.23136227
1751364858116,usdc,31.98,withdrawal,-372.000000,3454.227710
1751365166111,usdt,32.88,buy,357.315879,3746.780992
1751365700455,btc,3485541.23,buy,0.00921698,0.09004792
1751370540012,usdt,32.88,buy,245.250650,3992.031642
1751371034460,eth,126590.51,sell,-0.41951534,4.61728516
1751371613461,doge,38.59,deposit,276.90414073,6940.66796871
1751376216694,eth,126517.78,buy,0.08025174,4.69753690
1751384718534,sol,7775.97,deposit,5.53156933,28.76293160
1751386131543,btc,3486639.41,withdrawal,-0.01076339,0.07928453
1751390044675,twd,1.0,withdrawal,-16423,57497381
1751390700066,btc,3486869.64,buy,0.00225565,0.08154018
1751395799322,sol,7770.94,withdrawal,-1.92258372,26.84034788
1751404026693,eth,126581.89,buy,0.24526113,4.94279803
1751407325816,usdt,32.89,sell,-1830.973987,2161.057655
1751410582080,twd,1.0,deposit,47133,57565815
1751411115527,usdt,32.88,sell,-390.936238,1770.121417
1751412600000,usdc,31.97,withdrawal,-86.000000,3368.227710
1751413520981,twd,1.0,withdrawal,-7589,57571078
1751414412491,twd,1.0,deposit,84306,57655384
1751415120000,doge,38.78,withdrawal,-1978.59507033,4962.07289838
1751415456949,btc,3486909.83,withdrawal,-0.00142392,0.08011626
1751415715386,usdt,32.88,buy,295.687414,2065.808831
1751416200000,btc,3485399.39,buy,0.00600898,0.08612524
1751418660000,usdt,32.87,sell,-619.601184,1446.207647
1751418934063,usdc,31.98,deposit,670.000000,4038.227710
1751419680000,usdt,32.88,withdrawal,-466.000000,980.207647
1751420460000,btc,3487262.34,withdrawal,-0.01520962,0.07091562
1751420539527,sol,7773.54,buy,1.01221599,27.85256387
1751421172196,sol,7770.61,withdrawal,-6.35738704,21.49517683
1751421807247,btc,3486750.48,deposit,0.03533802,0.10625364
1751429853349,usdt,32.88,sell,-477.771298,502.436349
1751433510020,doge,38.82,deposit,1389.54311732,6351.61601570
1751435963711,twd,1.0,withdrawal,-15295,57637630
1751436879417,twd,1.0,withdrawal,-12694,57624936
1751440624475,sol,7788.25,buy,2.76330681,24.25848364
1751441054785,twd,1.0,withdrawal,-27262,57576153
1751443559885,btc,3487254.68,withdrawal,-0.02844676,0.07780688
1751443814456,btc,3487827.71,sell,-0.03578320,0.04202368
1751444544058,sol,7780.0,withdrawal,-8.46046640,15.79801724
1751448112322,btc,3489499.2,sell,-0.01257570,0.02944798
1751448943226,usdc,31.98,withdrawal,-206.000000,3832.227710
1751453734215,doge,38.79,buy,446.67265670,6798.28867240
1751457929230,doge,38.83,buy,1052.04804528,7850.33671768
1751459337230,twd,1.0,withdrawal,-24518,57662144
1751460690637,usdc,31.98,deposit,2027.000000,5859.227710
1751461280186,eth,126911.83,sell,-2.23943313,2.70336490
1751469522756,doge,38.81,deposit,979.61288182,8829.94959950
1751474567433,usdt,32.88,withdrawal,-83.000000,419.436349
1751475825701,btc,3491829.12,buy,0.00527417,0.03472215
1751478125078,usdc,31.98,buy,1537.630481,7396.858191
1751479420267,usdc,31.97,withdrawal,-159.000000,7237.858191
1751480291881,sol,7787.8,deposit,5.65107195,21.44908919
1751482247185,usdc,31.98,buy,934.900444,8172.758635
1751488505584,eth,126922.84,withdrawal,-0.82073681,1.88262809
1751489686078,usdc,31.97,withdrawal,-225.000000,7947.758635
1751497125602,eth,126947.15,buy,0.03249737,1.91512546
1751505344476,doge,38.87,buy,1167.28266142,9997.23226092
1751513773759,usdc,31.97,sell,-1656.831726,6290.926909
1751514589671,sol,7779.66,buy,1.62928823,23.07837742
1751514606443,twd,1.0,withdrawal,-18245,57821405
1751516593556,doge,39.0,deposit,1624.58278332,11621.81504424
1751520794421,doge,38.95,buy,32.85578892,11654.67083316
1751524189055,usdt,32.91,withdrawal,-107.000000,312.436349
1751525851423,btc,3493939.3,withdrawal,-0.01036687,0.02435528
1751527139889,btc,3495526.04,sell,-0.01251560,0.01183968
1751532005741,doge,38.97,sell,-4476.87851660,7177.79231656
1751537727980,usdc,31.95,deposit,2707.000000,8997.926909
1751540628656,doge,39.02,buy,84.67408404,7262.46640060
1751548953256,eth,127093.49,buy,0.17956217,2.09468763
1751549142986,usdc,31.95,deposit,902.000000,9899.926909
1751557184036,eth,127198.59,sell,-1.05280360,1.04188403
1751557701812,btc,3496728.12,sell,-0.00134440,0.01049528
1751558296087,btc,3495961.56,sell,-0.00606325,0.00443203
1751563589040,doge,39.1,buy,128.33536717,7390.80176777
1751567862916,btc,3496334.47,buy,0.00854595,0.01297798
1751570487115,btc,3495815.07,deposit,0.01720377,0.03018175
1751570625318,btc,3495360.16,withdrawal,-0.00672046,0.02346129
1751572511480,btc,3494176.92,buy,0.00372288,0.02718417
1751574081182,eth,127214.83,buy,0.04468778,1.08657181
1751576284025,usdt,32.92,deposit,978.000000,1290.436349
1751576536961,usdt,32.92,withdrawal,-70.000000,1220.436349
1751577312155,eth,127183.96,buy,0.19405683,1.28062864
1751579640623,btc,3491828.79,sell,-0.00700397,0.02018020
1751584115671,usdc,31.97,deposit,1895.000000,11794.926909
1751585234047,twd,1.0,deposit,33904,58152117
1751588194613,sol,7791.32,withdrawal,-4.58456898,18.49380844
1751593475195,usdc,31.95,withdrawal,-323.000000,11471.926909
1751595727978,doge,39.01,sell,-1931.65753834,5459.14422943
1751598707291,sol,7788.05,buy,2.72271333,21.21652177
1751608296779,usdt,32.92,buy,881.198512,2101.634861
1751608868358,usdt,32.92,sell,-221.443736,1880.191125
1751609649518,eth,127082.8,deposit,0.70706525,1.98769389
1751613761544,btc,3492338.52,withdrawal,-0.00781705,0.01236315
1751618609619,usdt,32.92,sell,-327.531504,1552.659621
1751625809042,btc,3492589.98,deposit,0.04981626,0.06217941
1751625957312,usdt,32.91,sell,-556.525796,996.133825
1751626106641,usdt,32.91,buy,1466.596767,2462.730592
1751627797407,btc,3493772.96,withdrawal,-0.01703413,0.04514528
1751635463253,btc,3493546.49,sell,-0.01432758,0.03081770
1751639578608,usdc,31.93,deposit,2323.000000,13794.926909
1751641014738,sol,7793.42,deposit,5.21535232,26.43187409
1751644024856,sol,7788.73,buy,0.81701379,27.24888788
1751649927775,usdc,31.93,buy,472.220493,14267.147402
1751652766753,eth,127241.88,sell,-0.40500699,1.58268690
1751658581979,twd,1.0,withdrawal,-27699,58217828
1751658939804,doge,38.99,deposit,286.34524915,5745.48947858
1751662430276,usdt,32.9,deposit,1900.000000,4362.730592
1751664998321,btc,3495835.14,deposit,0.03912265,0.06994035
1751677047172,sol,7798.99,buy,2.10341504,29.35230292
1751678685270,twd,1.0,withdrawal,-28663,58172760
1751678985361,usdc,31.93,deposit,2413.000000,16680.147402
1751679871371,btc,3498563.69,deposit,0.04080844,0.11074879
1751681254429,btc,3497098.74,sell,-0.00250540,0.10824339
1751682370122,eth,127070.47,buy,0.21614496,1.79883186
1751683237823,eth,127030.17,sell,-0.14449804,1.65433382
1751683301568,doge,39.05,deposit,1277.06120627,7022.55068485
1751683821272,sol,7812.03,deposit,8.57040005,37.92270297
1751694125073,eth,127069.72,buy,0.04883119,1.70316501
1751697830066,twd,1.0,withdrawal,-7201,58159006
1751700615045,btc,3496634.68,deposit,0.04110452,0.14934791
1751702487146,twd,1.0,deposit,148657,58307663
1751703740240,eth,126902.54,withdrawal,-0.61168085,1.09148416
1751704242207,usdt,32.93,sell,-174.168866,4188.561726
1751708913543,btc,3494270.83,withdrawal,-0.05546849,0.09387942
1751711119051,eth,126942.49,withdrawal,-0.42892096,0.66256320
1751713092095,sol,7804.42,deposit,6.12086962,44.04357259
1751717707895,doge,39.26,deposit,2323.87109171,9346.42177656
1751720690047,doge,39.28,buy,159.19017974,9505.61195630
1751721527113,twd,1.0,deposit,53691,58360836
1751733756905,doge,39.24,withdrawal,-2221.03321975,7284.57873655
1751734084333,usdc,31.9,sell,-35.531539,16644.615863
1751734953940,btc,3493193.82,buy,0.01221195,0.10609137
1751742326601,btc,3492044.35,deposit,0.03953724,0.14562861
1751743467950,usdt,32.9,buy,1070.478204,5259.039930
1751744226673,sol,7818.0,sell,-10.75774407,33.28582852
1751745835827,btc,3494347.54,deposit,0.01084610,0.15647471
1751747568387,sol,7821.07,withdrawal,-11.44517106,21.84065746
1751753911061,btc,3492735.71,buy,0.00092816,0.15740287
1751766748253,usdc,31.9,deposit,854.000000,17498.615863
1751771459299,doge,39.21,buy,741.91148318,8026.49021973
1751772040965,doge,39.22,withdrawal,-2036.50865775,5989.98156198
1751774957005,usdc,31.91,buy,1496.916827,18995.532690
1751780033917,doge,39.29,withdrawal,-1876.54822958,4113.43333240
1751789097564,doge,39.3,sell,-206.73687928,3906.69645312
1751789220000,doge,39.35,deposit,986.49384285,4893.19029597
1751791680000,eth,127084.09,sell,-0.21608311,0.44648009
1751792040000,btc,3492130.97,withdrawal,-0.05266129,0.10474158
1751793480000,btc,3493118.15,deposit,0.04543241,0.15017399
1751794322993,eth,127138.03,sell,-0.21704994,0.22943015
1751794836444,twd,1.0,withdrawal,-11348,58339936
1751795940000,sol,7807.62,withdrawal,-4.85074895,16.98990851
1751797500000,doge,39.28,sell,-222.80188806,4670.38840791
1751799943999,twd,1.0,withdrawal,-10844,58337843
1751800098635,usdt,32.9,withdrawal,-170.000000,5089.039930
1751800522732,sol,7805.53,buy,3.61945145,20.60935996
1751801219171,eth,127057.8,deposit,0.17589137,0.40532152
1751803733515,usdc,31.88,withdrawal,-419.000000,18576.532690
1751806517150,doge,39.38,withdrawal,-1191.67711173,3478.71129618
1751811947432,twd,1.0,deposit,105850,58415442
1751823292133,sol,7795.47,buy,5.61913699,26.22849695
1751827292177,eth,127007.12,withdrawal,-0.02879734,0.37652418
1751834654070,sol,7797.04,deposit,6.59834442,32.82684137
1751835050882,usdt,32.91,withdrawal,-492.000000,4597.039930
1751842385383,twd,1.0,withdrawal,-12774,58358864
1751843817681,usdt,32.9,withdrawal,-445.000000,4152.039930
1751844647690,sol,7796.15,withdrawal,-9.37879113,23.44805024
1751847493038,usdt,32.9,sell,-1546.769045,2605.270885
1751856760659,doge,39.5,buy,662.10069751,4140.81199369
1751858464976,usdt,32.91,withdrawal,-217.000000,2388.270885
1751859040260,doge,39.48,sell,-1260.14923995,2880.66275374
1751863566599,btc,3495671.96,deposit,0.02254457,0.17271856
1751870634952,eth,126937.63,withdrawal,-0.10372653,0.27279765
1751871739264,doge,39.5,buy,778.61775919,3659.28051293
1751873261118,sol,7796.4,buy,6.39629146,29.84434170
1751874770992,doge,39.52,deposit,1975.17450158,5634.45501451
1751878271735,eth,126924.78,sell,-0.05402154,0.21877611
1751885888324,doge,39.59,buy,936.68017386,6571.13518837
1751911667306,twd,1.0,deposit,46113,58368616
1751918674506,doge,39.56,withdrawal,-337.48907188,6233.64611649
1751941236867,doge,39.58,sell,-774.49932427,5459.14679222
1751941788811,usdc,31.84,deposit,2924.000000,21500.532690
1751944409894,sol,7785.9,deposit,4.85667574,34.70101744
1751947262858,sol,7791.09,withdrawal,-12.16468688,22.53633056
1751948677940,usdt,32.87,sell,-293.945976,2094.324909
1751949354548,twd,1.0,withdrawal,-15997,58392936
1751950411858,sol,7798.18,sell,-7.74584524,14.79048532
1751952015959,eth,126841.82,withdrawal,-0.03322007,0.18555604
1751955353351,usdt,32.87,deposit,2260.000000,4354.324909
1751961402516,usdt,32.86,withdrawal,-93.000000,4261.324909
1751962066037,btc,3489748.45,deposit,0.01581580,0.18853436
1751964654399,usdc,31.83,sell,-9998.220939,11502.311751
1751965569533,usdc,31.82,withdrawal,-433.000000,11069.311751
1751968745798,doge,39.65,deposit,1625.56533467,7084.71212689
1751972834681,btc,3490322.88,withdrawal,-0.05587842,0.13265594
1751974746606,eth,126875.88,buy,0.36940196,0.55495800
1751986014898,eth,126835.28,deposit,1.23477087,1.78972887
1751987974380,eth,126882.13,sell,-1.00035760,0.78937127
1751988249398,btc,3486165.83,withdrawal,-0.04616746,0.08648848
1751992677544,usdt,32.86,buy,1248.788841,5510.113750
1751992957511,twd,1.0,withdrawal,-26986,58783629
1751993970618,usdt,32.86,buy,1115.053238,6625.166988
1751994607463,usdt,32.86,buy,1294.893127,7920.060115
1751994746007,sol,7808.36,deposit,7.78060545,22.57109077
1751996756190,usdt,32.86,buy,1027.555694,8947.615809
1751998268679,usdt,32.86,buy,300.079274,9247.695083
1751998776360,usdc,31.86,withdrawal,-481.000000,10588.311751
1752004130010,usdc,31.87,withdrawal,-251.000000,10337.311751
1752009050685,doge,39.69,sell,-3726.61931150,3358.09281539
1752011250928,usdt,32.86,deposit,2958.000000,12205.695083
1752013611686,btc,3484941.71,buy,0.01229983,0.09878831
1752021068148,doge,39.71,deposit,498.10505557,3856.19787096
1752024013676,doge,39.68,deposit,979.53363830,4835.73150926
1752031857567,usdc,31.88,buy,235.341828,10572.653579
1752031909266,doge,39.74,buy,605.31316339,5441.04467265
1752032851544,usdt,32.86,buy,1306.950842,13512.645925
1752040915187,eth,126881.72,withdrawal,-0.12600504,0.66336623
1752050818953,btc,3487631.61,sell,-0.02032435,0.07846396
1752057780000,eth,126769.79,sell,-0.03842594,0.62494029
1752060180000,eth,126714.25,withdrawal,-0.22855840,0.39638189
1752066481434,eth,126725.3,deposit,0.95374669,1.35012858
1752066836191,eth,126691.87,sell,-0.78726515,0.56286343
1752067560004,btc,3489050.29,sell,-0.01515948,0.06330448
1752070514143,twd,1.0,withdrawal,-21718,58898002
1752076008842,twd,1.0,withdrawal,-20807,58877195
1752077670659,usdc,31.89,sell,-3757.934373,6814.719206
1752078262026,sol,7833.83,sell,-7.75013539,14.82095538
1752086382998,usdc,31.88,deposit,1185.000000,7999.719206
1752095582174,eth,126858.18,sell,-0.00633097,0.55653246
1752097529797,btc,3487921.27,sell,-0.00740193,0.05590255
1752097810775,usdc,31.87,withdrawal,-463.000000,7536.719206
1752102659153,btc,3488295.98,buy,0.01104700,0.06694955
1752102995340,doge,39.56,withdrawal,-534.55281370,4906.49185895
1752109303429,twd,1.0,deposit,56340,59102173
1752113683439,eth,126740.02,withdrawal,-0.07516525,0.48136721
1752115412433,btc,3487766.26,deposit,0.02986961,0.09681916
1752117527937,eth,126687.05,deposit,1.11630188,1.59766909
1752120331673,doge,39.64,withdrawal,-134.13392168,4772.35793727
1752122286262,usdc,31.87,deposit,2571.000000,10107.719206
1752125025552,sol,7853.34,deposit,3.62300815,18.44396353
1752126785303,doge,39.72,sell,-1712.33485861,3060.02307866
1752130747159,btc,3488331.76,sell,-0.05605860,0.04076056
1752134896446,eth,126764.62,sell,-0.35400121,1.24366788
1752137143271,btc,3488087.15,withdrawal,-0.00114587,0.03961469
1752141816986,eth,126774.04,withdrawal,-0.06775735,1.17591053
1752146696393,usdc,31.86,deposit,2617.000000,12724.719206
1752147590294,btc,3490918.88,sell,-0.02196605,0.01764864
1752147911241,eth,126762.96,deposit,0.93663187,2.11254240
1752149366555,sol,7844.38,buy,4.37668972,22.82065325
1752150755490,btc,3491430.91,sell,-0.00694980,0.01069884
1752151034868,sol,7843.21,sell,-7.59305447,15.22759878
1752153674390,usdc,31.85,deposit,1591.000000,14315.719206
1752155239065,eth,126786.17,withdrawal,-0.46258313,1.64995927
1752155328883,twd,1.0,withdrawal,-22389,59514387
1752157741889,usdt,32.89,deposit,1937.000000,15449.645925
1752159408551,btc,3493775.1,deposit,0.02468714,0.03538598
1752160991666,eth,126784.9,buy,0.06824615,1.71820542
1752162754951,doge,39.92,buy,322.11504989,3382.13812855
1752162834858,btc,3494174.66,sell,-0.00740243,0.02798355
1752163261151,btc,3494067.88,withdrawal,-0.00427370,0.02370985
1752166586613,btc,3493111.2,deposit,0.04176525,0.06547510
1752168023419,doge,39.88,deposit,522.40827178,3904.54640033
1752174355996,usdc,31.83,deposit,1234.000000,15549.719206
1752181755675,doge,39.85,sell,-2181.08885031,1723.45755002
1752194651643,eth,126792.44,withdrawal,-0.38903144,1.32917398
1752194989308,doge,39.92,buy,1025.08846343,2748.54601345
1752195888146,usdc,31.84,withdrawal,-490.000000,15059.719206
1752200227639,usdc,31.83,sell,-6015.203993,9044.515213
1752202067934,btc,3497019.37,withdrawal,-0.02298788,0.04248722
1752206896284,doge,39.84,sell,-821.70980660,1926.83620685
1752223687771,doge,39.9,sell,-888.46248336,1038.37372349
1752230753680,usdc,31.83,sell,-739.415546,8305.099667
1752236801444,btc,3497304.75,sell,-0.00951640,0.03297082
1752240283649,eth,126998.14,buy,0.02011078,1.34928476
1752240892616,usdt,32.9,buy,289.366345,15739.012270
1752249948452,usdt,32.91,sell,-5461.538899,10277.473371
1752252487149,doge,39.92,sell,-254.74165839,783.63206510
1752257640000,twd,1.0,withdrawal,-12607,60046439
1752263218576,usdc,31.82,deposit,1322.000000,9627.099667
1752263261574,twd,1.0,withdrawal,-28096,60018343
1752267974828,usdc,31.82,withdrawal,-220.000000,9407.099667
1752274086951,eth,126944.88,sell,-0.05513866,1.29414610
1752277031951,twd,1.0,deposit,131516,60156858
1752277839149,usdt,32.9,withdrawal,-280.000000,9997.473371
1752278765346,usdc,31.82,withdrawal,-381.000000,9026.099667
1752279357327,eth,126873.19,buy,0.11509183,1.40923793
1752283698221,sol,7839.5,buy,5.03176634,20.25936512
1752284362493,btc,3496325.31,deposit,0.01988128,0.05285210
1752295029733,usdt,32.9,deposit,2325.000000,12322.473371
1752304272123,sol,7833.83,deposit,7.23194972,27.49131484
1752309468506,doge,40.07,deposit,1226.62134294,2010.25340804
1752316780167,twd,1.0,withdrawal,-9787,60093023
1752317082692,usdt,32.9,deposit,2736.000000,15058.473371
1752318899318,btc,3496720.82,deposit,0.04090946,0.09376156
1752320381053,doge,40.12,deposit,1331.34855114,3341.60195918
1752323774431,doge,40.11,deposit,1035.31521846,4376.91717764
1752336551894,btc,3500093.35,sell,-0.00845339,0.08530817
1752345770254,doge,40.14,deposit,2324.61621164,6701.53338928
1752346881829,btc,3500746.32,buy,0.00066059,0.08596876
1752348087058,sol,7838.53,buy,5.32192270,32.81323754
1752364774484,usdc,31.81,deposit,2663.000000,11689.099667
1752367084848,eth,126898.33,sell,-0.07231303,1.33692490
1752367201429,doge,40.15,deposit,896.96700019,7598.50038947
1752370952248,usdc,31.8,deposit,534.000000,12223.099667
1752375494665,eth,126968.0,buy,0.17526207,1.51218697
1752376412479,usdt,32.88,withdrawal,-176.000000,14882.473371
1752382802032,btc,3502306.24,withdrawal,-0.00619275,0.07977601
1752383126644,sol,7847.9,sell,-13.21429377,19.59894377
1752389065667,doge,40.21,withdrawal,-1646.71690403,5951.78348544
1752391802973,doge,40.27,buy,306.09204220,6257.87552764
1752405946707,btc,3504017.97,withdrawal,-0.01227516,0.06750085
1752406635224,usdt,32.88,sell,-933.956360,13948.517011
1752407331416,usdt,32.88,sell,-7898.425575,6050.091436
1752408110096,usdt,32.88,withdrawal,-386.000000,5664.091436
1752408323098,eth,126742.43,buy,0.26129838,1.77348535
1752409239912,btc,3501508.37,withdrawal,-0.01473650,0.05276435
1752415307201,usdt,32.89,withdrawal,-244.000000,5420.091436
1752419625067,doge,40.31,buy,489.79589215,6747.67141979
1752421218028,doge,40.35,withdrawal,-555.06637527,6192.60504452
1752421925349,usdt,32.89,sell,-1494.191561,3925.899875
1752425705963,sol,7856.66,deposit,14.36773564,33.96667941
1752426648705,usdt,32.89,withdrawal,-183.000000,3742.899875
1752427684426,btc,3505319.9,withdrawal,-0.00648382,0.04628053
1752427804542,sol,7857.29,buy,5.41480488,39.38148429
1752429727799,sol,7857.76,deposit,10.29370449,49.67518878
1752443688209,usdt,32.88,withdrawal,-483.000000,3259.899875
1752447480263,usdc,31.76,deposit,2215.000000,14438.099667
1752453457370,twd,1.0,deposit,133444,60534473
1752453687051,btc,3506268.84,sell,-0.01541782,0.03086271
1752462999407,sol,7856.32,sell,-11.90386795,37.77132083
1752463756057,sol,7857.29,sell,-0.88408018,36.88724065
1752471386802,sol,7862.2,withdrawal,-0.91450192,35.97273873
1752471691205,usdt,32.89,buy,741.751247,4001.651122
1752473904451,usdt,32.88,deposit,2903.000000,6904.651122
1752474590027,eth,126776.43,buy,0.06497740,1.83846275
1752474894788,doge,40.59,buy,579.80256456,6772.40760908
1752476233733,sol,7859.22,buy,4.45781063,40.43054936
1752481230787,eth,126815.15,buy,0.07191983,1.91038258
1752484955838,usdc,31.76,buy,1450.333373,15888.433040
1752485026511,sol,7860.02,sell,-12.59820379,27.83234557
1752488009845,eth,126815.92,sell,-0.78755626,1.12282632
1752490983700,twd,1.0,withdrawal,-26645,60714865
1752503160992,eth,126814.45,buy,0.14516645,1.26799277
1752505608201,usdc,31.76,deposit,1254.000000,17142.433040
1752506742901,eth,126802.4,withdrawal,-0.37618005,0.89181272
1752516178566,usdt,32.89,buy,828.702865,7733.353987
1752522064317,btc,3503590.74,buy,0.00042340,0.03128611
1752523019341,doge,40.81,withdrawal,-2395.87617545,4376.53143363
1752523750122,btc,3506331.36,deposit,0.04907230,0.08035841
1752525405616,eth,126844.23,buy,0.35801834,1.24983106
1752530000067,doge,40.86,withdrawal,-858.11350125,3518.41793238
1752531716673,eth,126948.1,sell,-0.45343766,0.79639340
1752533366692,eth,126988.03,buy,0.03742236,0.83381576
1752535849345,sol,7890.04,withdrawal,-1.99965554,25.83269003
1752540914014,eth,126952.45,sell,-0.10471802,0.72909774
1752547510361,usdt,32.9,buy,1220.486511,8953.840498
1752555542259,twd,1.0,withdrawal,-6843,60641404
1752556307971,btc,3507436.81,withdrawal,-0.02529030,0.05506811
1752557420231,usdt,32.89,sell,-3235.242116,5718.598382
1752557786914,btc,3507401.43,sell,-0.00675979,0.04830832
1752560010878,doge,40.92,withdrawal,-276.58286765,3241.83506473
1752569829702,usdc,31.76,buy,1245.107719,18387.540759
1752569965966,usdt,32.91,sell,-1790.653327,3927.945055
1752570622970,btc,3508412.2,deposit,0.03318377,0.08149209
1752571121775,btc,3508738.1,buy,0.01401108,0.09550317
1752582062617,doge,40.91,sell,-1509.53432988,1732.30073485
1752585509467,doge,40.9,deposit,2324.21508613,4056.51582098
1752593369373,twd,1.0,withdrawal,-28403,60775100
1752593669452,eth,126828.16,sell,-0.08187376,0.64722398
1752609267361,usdc,31.73,withdrawal,-398.000000,17989.540759
1752610557354,doge,41.02,sell,-938.26263901,3118.25318197
1752617045227,usdt,32.91,sell,-724.203409,3203.741646
1752627643288,usdc,31.72,sell,-9428.829227,8560.711532
1752635623580,usdc,31.72,buy,277.853646,8838.565178
1752635951714,btc,3510160.38,deposit,0.03394238,0.12944555
1752647938672,eth,126882.95,buy,0.11198333,0.75920731
1752648982062,twd,1.0,deposit,113787,61237673
1752649220735,eth,126919.32,buy,0.22911279,0.98832010
1752650656554,usdc,31.72,deposit,2350.000000,11188.565178
1752652687060,twd,1.0,deposit,112532,61321126
1752661058925,sol,7920.4,buy,1.09671452,26.92940455
1752662741704,usdt,32.92,buy,483.958829,3687.700475
1752663754434,doge,40.95,sell,-338.08832113,2780.16486084
1752671221196,usdc,31.71,sell,-5806.246225,5382.318953
1752671491865,btc,3508460.7,deposit,0.02382973,0.15327528
1752674460000,usdc,31.7,sell,-1524.580807,3857.738146
1752676920000,btc,3506373.54,withdrawal,-0.05720163,0.09607365
1752677964308,doge,40.93,buy,916.70363639,3696.86849723
1752679200000,usdt,32.94,withdrawal,-308.000000,3379.700475
1752680282883,twd,1.0,withdrawal,-9870,61495420
1752680340000,usdc,31.7,sell,-1672.010773,2185.727373
1752682200000,sol,7952.68,deposit,11.16916840,38.09857295
1752682980000,usdc,31.7,sell,-1185.030175,1000.697198
1752683640000,usdc,31.71,sell,-231.630244,769.066954
1752683880000,btc,3510012.55,withdrawal,-0.03591514,0.06015851
1752684060000,eth,127236.61,deposit,1.47354460,2.46186470
1752685320000,sol,7938.41,sell,-10.92479328,27.17377967
1752685800000,usdc,31.72,withdrawal,-322.000000,447.066954
1752687240000,usdc,31.73,withdrawal,-211.000000,236.066954
1752687780000,btc,3508985.74,sell,-0.03452166,0.02563685
1752688500000,usdt,32.92,sell,-696.556302,2683.144173
1752688560000,usdt,32.93,withdrawal,-267.000000,2416.144173
1752690394534,sol,7935.32,withdrawal,-1.79429769,25.37948198
1752691020000,btc,3509505.57,sell,-0.01264458,0.01299227
1752692880000,usdt,32.91,buy,703.117885,3119.262058
1752693500958,sol,7939.29,buy,5.17154588,30.55102786
1752696122181,usdc,31.73,buy,613.256665,849.323619
1752696568169,usdt,32.9,withdrawal,-423.000000,2696.262058
1752697437416,sol,7947.2,sell,-7.50262324,23.04840462
1752713047089,eth,127207.43,buy,0.23140608,2.69327078
1752713283079,usdt,32.9,buy,1048.252890,3744.514948
1752718013342,usdc,31.75,buy,183.503590,1032.827209
1752718631374,usdc,31.76,withdrawal,-331.000000,701.827209
1752719629159,doge,40.95,deposit,554.09297306,4250.96147029
1752719677114,eth,127246.72,deposit,0.52144016,3.21471094
1752731863124,btc,3515587.67,sell,-0.00108941,0.01190286
1752734025640,usdt,32.91,withdrawal,-315.000000,3429.514948
1752745116331,sol,7950.29,sell,-1.15893621,21.88946841
1752745737748,sol,7951.27,deposit,13.13259859,35.02206700
1752748979507,doge,40.95,withdrawal,-1595.28224261,2655.67922768
1752749530283,usdc,31.73,deposit,721.000000,1422.827209
1752751514095,twd,1.0,withdrawal,-27139,61760626
1752758627944,doge,40.96,deposit,2237.53569028,4893.21491796
1752760053843,sol,7937.4,deposit,2.52216962,37.54423662
1752760786263,usdt,32.92,deposit,1069.000000,4498.514948
1752762621077,doge,41.02,sell,-2218.03573841,2675.17917955
1752771007151,doge,41.01,deposit,1200.57557558,3875.75475513
1752773628655,usdc,31.75,deposit,1803.000000,3225.827209
1752780905907,sol,7929.73,sell,-1.89463437,35.64960225
1752781820495,usdt,32.93,deposit,2409.000000,6907.514948
1752784476169,sol,7933.97,buy,0.63202765,36.28162990
1752790754836,usdt,32.92,sell,-4136.813295,2770.701653
1752790853740,eth,127133.73,sell,-0.20301904,3.01169190
1752797560880,sol,7935.55,sell,-5.56673028,30.71489962
1752800748500,usdt,32.91,withdrawal,-245.000000,2525.701653
1752802336266,doge,41.07,deposit,1229.05334093,5104.80809606
1752807127432,twd,1.0,deposit,60809,62128606
1752815149188,doge,41.09,sell,-430.05267550,4674.75542056
1752816634435,twd,1.0,withdrawal,-20081,62126195
1752820375334,btc,3516221.87,withdrawal,-0.00466981,0.00723305
1752821519802,usdt,32.91,sell,-536.315837,1989.385816
1752821683429,eth,127289.82,sell,-0.87998376,2.13170814
1752825423702,usdc,31.74,withdrawal,-431.000000,2794.827209
1752827830911,eth,127387.42,deposit,0.22231698,2.35402512
1752847742124,doge,41.07,buy,1196.77429552,5871.52971608
1752849109738,usdc,31.74,deposit,2487.000000,5281.827209
1752851834389,usdc,31.74,sell,-1452.702165,3829.125044
1752857511830,doge,41.1,withdrawal,-2105.58009761,3765.94961847
1752858519686,btc,3516328.47,buy,0.00110208,0.00833513
1752865871355,usdt,32.9,sell,-553.242235,1436.143581
1752868270409,eth,127408.31,deposit,0.57477711,2.92880223
1752868920426,doge,41.09,deposit,1572.16967793,5338.11929640
1752872170564,usdt,32.9,sell,-344.861689,1091.281892
1752884760432,usdt,32.9,buy,1102.137383,2193.419275
1752887280290,sol,7936.44,buy,3.42953845,34.14443807
1752887841084,sol,7939.57,withdrawal,-2.63806764,31.50637043
1752889148883,eth,127307.0,buy,0.10093808,3.02974031
1752889776166,usdt,32.89,sell,-702.668617,1490.750658
1752891235908,doge,41.11,deposit,1899.30676047,7237.42605687
1752891724685,twd,1.0,deposit,94002,62319270
1752892571864,usdc,31.76,deposit,1029.000000,4858.125044
1752893786960,twd,1.0,withdrawal,-21141,62298129
1752907722167,sol,7937.17,sell,-6.37414448,25.13222595
1752909846225,doge,41.19,sell,-3000.05269848,4237.37335839
1752916852153,doge,41.15,buy,757.46758758,4994.84094597
1752916854412,usdc,31.73,sell,-196.210719,4661.914325
1752917466399,eth,127219.26,withdrawal,-0.52293214,2.50680817
1752924904125,doge,41.14,withdrawal,-622.67442917,4372.16651680
1752925382855,doge,41.15,sell,-2233.72759843,2138.43891837
1752927315926,btc,3523714.36,deposit,0.01586109,0.02419622
1752927473327,btc,3524928.48,deposit,0.01666896,0.04086518
1752937164294,btc,3524438.7,withdrawal,-0.00340120,0.03746398
1752937618128,sol,7948.48,buy,2.56189102,27.69411697
1752944897621,usdc,31.73,buy,603.041023,5264.955348
1752947937228,usdc,31.74,buy,603.225080,5868.180428
1752955953438,usdc,31.75,withdrawal,-352.000000,5516.180428
1752957351346,eth,127552.68,deposit,0.18261079,2.68941896
1752958465547,usdc,31.75,withdrawal,-318.000000,5198.180428
1752958850524,sol,7945.11,buy,6.26612711,33.96024408
1752960119624,btc,3528531.28,sell,-0.01422274,0.02324124
1752961033202,usdt,32.88,sell,-96.216152,1394.534506
1752963638361,sol,7955.87,deposit,10.55865456,44.51889864
1752968236088,eth,127760.56,sell,-1.20775163,1.48166733
1752973864392,sol,7957.16,buy,3.68816081,48.20705945
1752978533070,usdc,31.77,deposit,2296.000000,7494.180428
1752978938492,usdt,32.86,sell,-717.365255,677.169251
1752979138629,usdt,32.85,sell,-346.412408,330.756843
1752979879262,sol,7955.49,withdrawal,-7.11963027,41.08742918
1752983647986,sol,7954.8,buy,0.90091462,41.98834380
1752994094650,sol,7957.48,buy,3.45419127,45.44253507
1752994500000,usdc,31.77,buy,243.917303,7738.097731
1752996540000,usdt,32.85,sell,-89.848751,240.908092
1752997952355,twd,1.0,deposit,86420,62691064
1752998760000,btc,3531426.05,deposit,0.01769915,0.04094039
1752998923476,eth,127925.12,withdrawal,-0.26960582,1.21206151
1753000500000,sol,7966.48,withdrawal,-15.33195132,30.11058375
1753002300000,eth,127966.54,withdrawal,-0.02955315,1.18250836
1753002670719,usdc,31.75,sell,-2889.271958,4848.825773
1753011704793,usdt,32.86,deposit,816.000000,1056.908092
1753014778539,usdc,31.76,buy,1276.744255,6125.570028
1753015319295,twd,1.0,withdrawal,-10959,62731280
1753019777751,btc,3534699.05,sell,-0.01312163,0.02781876
1753022537841,btc,3534691.24,buy,0.00268991,0.03050867
1753024637758,sol,7990.2,buy,5.65561316,35.76619691
1753027382316,usdc,31.73,sell,-3568.903340,2556.666688
1753030343307,eth,128066.64,sell,-0.16237063,1.02013773
1753035551483,doge,41.36,sell,-949.23466678,1189.20425159
1753039567069,usdt,32.88,sell,-243.530476,813.377616
1753044173721,btc,3533493.08,deposit,0.00741054,0.03791921
1753045481134,doge,41.36,sell,-552.43032704,636.77392455
1753047372740,btc,3535009.04,buy,0.00675535,0.04467456
1753050185267,doge,41.36,withdrawal,-223.62059663,413.15332792
1753052118072,btc,3536512.13,sell,-0.01458886,0.03008570
1753056626256,twd,1.0,deposit,133273,63088108
1753063092748,usdt,32.86,sell,-151.711022,661.666594
1753066645618,usdc,31.74,sell,-240.413157,2316.253531
1753068022862,doge,41.41,withdrawal,-131.29074119,281.86258673
1753080770921,sol,7994.25,sell,-4.78515953,30.98103738
1753082478368,eth,127957.21,sell,-0.36661346,0.65352427
1753083478792,usdt,32.85,buy,99.406370,761.072964
1753086721897,btc,3533712.88,sell,-0.00065819,0.02942751
1753086933538,usdt,32.85,sell,-81.500503,679.572461
1753089461417,sol,8001.53,buy,0.21951415,31.20055153
1753094484838,twd,1.0,withdrawal,-28851,63157018
1753105610350,sol,7998.99,sell,-4.67460738,26.52594415
1753109818168,usdc,31.8,sell,-369.668117,1946.585414
1753109857343,doge,41.48,buy,838.14090013,1120.00348686
1753111628141,btc,3531522.07,sell,-0.00965109,0.01977642
1753113253836,eth,128079.45,buy,0.12572374,0.77924801
1753122341118,doge,41.61,withdrawal,-271.92644879,848.07703807
1753122372765,btc,3531957.06,withdrawal,-0.00427337,0.01550305
1753125847095,sol,8006.02,buy,4.35605263,30.88199678
1753135464379,usdt,32.85,sell,-114.789702,564.782759
1753141701645,twd,1.0,withdrawal,-8327,63149950
1753143470894,usdc,31.81,buy,359.384383,2305.969797
1753143546469,doge,41.71,sell,-204.40182362,643.67521445
1753144624120,eth,128160.01,sell,-0.08319625,0.69605176
1753145005802,eth,128107.98,withdrawal,-0.20970207,0.48634969
1753147689685,btc,3531705.65,buy,0.00150105,0.01700410
1753148230953,sol,8009.38,deposit,11.62201141,42.50400819
1753148826263,usdt,32.85,deposit,1437.000000,2001.782759
1753149166070,twd,1.0,withdrawal,-13468,63138937
1753149997197,usdt,32.84,sell,-647.285500,1354.497259
1753158274631,btc,3528220.04,withdrawal,-0.00119408,0.01581002
1753162024896,btc,3527085.42,withdrawal,-0.00280080,0.01300922
1753164432023,usdt,32.85,deposit,1448.000000,2802.497259
1753167720759,btc,3525920.21,sell,-0.00153028,0.01147894
1753173536411,usdc,31.85,withdrawal,-497.000000,1808.969797
1753175121774,usdc,31.84,buy,1462.124629,3271.094426
1753178066512,doge,41.67,withdrawal,-118.47222588,525.20298857
1753179529330,usdc,31.83,sell,-1630.315461,1640.778965
1753182633734,usdt,32.84,withdrawal,-366.000000,2436.497259
1753182667787,eth,128128.56,withdrawal,-0.05356172,0.43278797
1753190693537,usdt,32.85,deposit,2495.000000,4931.497259
1753194646812,doge,41.79,sell,-57.49254650,467.71044207
1753195027375,usdc,31.81,buy,788.992201,2429.771166
1753202819369,usdt,32.86,deposit,1051.000000,5982.497259
1753206457787,doge,41.8,sell,-125.29367478,342.41676729
1753208247023,usdt,32.86,buy,931.284006,6913.781265
1753208307677,doge,41.84,sell,-169.93163952,172.48512777
1753212806890,usdc,31.82,deposit,754.000000,3183.771166
1753215111803,eth,128150.33,buy,0.28797327,0.72076124
1753216125351,sol,8008.63,sell,-7.52463243,34.97937576
1753224463973,doge,41.94,sell,-87.59533807,84.88978970
1753225156435,doge,41.95,deposit,369.69464985,454.58443955
1753228059211,eth,128228.55,deposit,0.61741978,1.33818102
1753237034307,btc,3524916.0,sell,-0.00492991,0.00654903
1753247083576,btc,3525031.25,buy,0.00042962,0.00697865
1753247659928,usdc,31.81,withdrawal,-52.000000,3131.771166
1753248831391,usdc,31.81,buy,487.057746,3618.828912
1753258043174,usdt,32.9,withdrawal,-186.000000,6727.781265
1753266241061,eth,128134.9,deposit,1.03499429,2.37317531
1753273718895,twd,1.0,withdrawal,-27959,63129415
1753279395453,sol,8030.12,sell,-5.41939157,29.55998419
1753280752760,usdc,31.83,withdrawal,-154.000000,3464.828912
1753282484010,usdc,31.83,sell,-1869.184704,1595.644208
1753293276198,usdt,32.89,withdrawal,-274.000000,6453.781265
1753295185845,doge,42.13,withdrawal,-119.52562017,335.05881938
1753296446463,usdt,32.89,buy,646.164844,7099.946109
1753297278067,twd,1.0,deposit,104503,63315678
1753304702993,eth,128286.46,withdrawal,-0.81102201,1.56215330
1753309369067,usdc,31.87,buy,884.444043,2480.088251
1753310847208,sol,8038.81,sell,-1.43699356,28.12299063
1753311992250,sol,8037.01,buy,1.18085160,29.30384223
1753314977839,eth,128353.88,sell,-0.18493652,1.37721678
1753319004698,btc,3526290.22,buy,0.00105972,0.00803837
1753319234266,usdc,31.87,buy,1142.299805,3622.388056
1753328248661,sol,8040.39,withdrawal,-9.81129054,19.49255169
1753331479779,usdt,32.87,sell,-952.340145,6147.605964
1753331739221,usdc,31.86,sell,-386.998915,3235.389141
1753339899172,eth,128323.98,deposit,1.37043261,2.74764939
1753342033808,btc,3525896.51,deposit,0.04111245,0.04915082
1753346776716,sol,8048.07,buy,5.39072972,24.88328141
1753349056184,doge,42.08,withdrawal,-126.93418701,208.12463237
1753349982164,btc,3525730.77,buy,0.01111125,0.06026207
1753354013710,doge,42.04,deposit,1269.02089694,1477.14552931
1753358026857,doge,41.99,buy,292.38991436,1769.53544367
1753358089272,doge,41.98,withdrawal,-291.59654806,1477.93889561
1753361102215,usdt,32.86,buy,723.564187,6871.170151
1753361620675,btc,3523989.52,withdrawal,-0.00315065,0.05711142
1753363263414,usdc,31.84,sell,-790.876894,2444.512247
1753363683274,usdt,32.85,sell,-4055.390831,2815.779320
1753364483929,eth,128418.3,sell,-0.35121033,2.39643906
1753365124071,doge,42.06,sell,-757.21670354,720.72219207
1753370527334,eth,128421.27,withdrawal,-0.08180046,2.31463860
1753370838026,doge,42.15,deposit,930.36499792,1651.08718999
1753371972715,sol,8056.04,sell,-7.83342966,17.04985175
1753376903375,eth,128453.43,buy,0.16988886,2.48452746
1753378390796,usdt,32.86,withdrawal,-377.000000,2438.779320
1753378747348,sol,8061.92,buy,1.00428313,18.05413488
1753379934414,usdt,32.85,sell,-16.688494,2422.090826
1753382461308,sol,8062.65,buy,1.89235320,19.94648808
1753387225867,eth,128559.24,deposit,0.20955683,2.69408429
1753388835601,doge,42.35,withdrawal,-266.31959312,1384.76759687
1753389223362,sol,8057.85,buy,0.43482373,20.38131181
1753390934310,doge,42.26,buy,510.49506673,1895.26266360
1753392471033,sol,8059.74,buy,4.64625922,25.02757103
1753394942081,twd,1.0,deposit,59785,63449240
1753402703990,doge,42.24,sell,-44.09321615,1851.16944745
1753414599807,btc,3526542.52,buy,0.00463333,0.06174475
1753414877896,usdt,32.86,buy,52.119258,2474.210084
1753421630933,usdt,32.86,deposit,1087.000000,3561.210084
1753421805416,doge,42.24,deposit,324.37194297,2175.54139042
1753425904313,eth,128427.4,sell,-1.09979911,1.59428518
1753428093995,eth,128428.6,sell,-0.61661566,0.97766952
1753433520000,usdt,32.86,buy,125.716535,3686.926619
1753434192456,usdt,32.86,sell,-31.551134,3655.375485
1753435550370,btc,3530373.72,buy,0.01213639,0.07388114
1753435740000,usdt,32.87,sell,-352.443602,3302.931883
1753436169074,usdc,31.81,sell,-172.173137,2272.339110
1753436526901,usdc,31.81,sell,-1267.465859,1004.873251
1753436551078,btc,3531717.75,sell,-0.01002630,0.06385484
1753437553458,sol,8070.61,buy,3.05616538,28.08373641
1753438440000,btc,3531880.64,withdrawal,-0.00348543,0.06036941
1753438541270,usdt,32.88,withdrawal,-309.000000,2993.931883
1753444458577,eth,128492.43,withdrawal,-0.21837235,0.75929717
1753453985188,sol,8061.53,deposit,11.86665990,39.95039631
1753458008818,usdc,31.84,deposit,2445.000000,3449.873251
1753462443518,doge,42.41,sell,-1154.60313617,1020.93825425
1753462834387,sol,8065.25,withdrawal,-14.39353148,25.55686483
1753465057990,usdc,31.85,sell,-1512.465805,1937.407446
1753469461910,doge,42.45,buy,642.54753965,1663.48579390
1753470320545,doge,42.5,deposit,738.95566885,2402.44146275
1753475249518,btc,3531915.74,buy,0.00480667,0.06517608
1753480232080,eth,128539.5,withdrawal,-0.18927937,0.57001780
1753483229301,sol,8080.01,withdrawal,-4.53082632,21.02603851
1753483535965,usdt,32.88,withdrawal,-127.000000,2866.931883
1753489487405,usdc,31.84,sell,-109.647879,1827.759567
1753489903026,usdc,31.83,deposit,1763.000000,3590.759567
1753501027053,usdt,32.89,buy,1003.489888,3870.421771
1753501907788,doge,42.57,sell,-390.65101123,2011.79045152
1753504887768,usdc,31.84,sell,-1512.786045,2077.973522
1753505404494,sol,8086.78,withdrawal,-4.07916911,16.94686940
1753506175494,btc,3531088.98,withdrawal,-0.00183375,0.06334233
1753512302008,sol,8087.7,buy,5.05177517,21.99864457
1753516431300,doge,42.51,sell,-517.97670771,1493.81374381
1753521314703,eth,128645.54,sell,-0.24677793,0.32323987
1753530093041,doge,42.61,sell,-274.32323856,1219.49050525
1753530259688,sol,8087.4,buy,5.46402776,27.46267233
1753535794187,usdt,32.86,buy,1373.130494,5243.552265
1753544972171,twd,1.0,withdrawal,-21814,63677302
1753544979247,usdt,32.85,deposit,1748.000000,6991.552265
1753545569022,usdc,31.82,buy,1064.000498,3141.974020
1753546907534,sol,8082.7,withdrawal,-1.67564752,25.78702481
1753549550498,usdt,32.84,sell,-2562.033565,4429.518700
1753551704870,usdt,32.83,buy,392.196700,4821.715400
1753552927002,eth,128665.7,deposit,0.84213695,1.16537682
1753553956671,usdt,32.83,buy,387.449657,5209.165057
1753554088473,eth,128616.1,withdrawal,-0.35658072,0.80879610
1753554762840,usdt,32.82,withdrawal,-79.000000,5130.165057
1753558017484,doge,42.78,buy,726.50801686,1945.99852211
1753571823318,eth,128611.19,sell,-0.48153816,0.32725794
1753574876161,doge,42.76,withdrawal,-711.00499128,1234.99353083
1753578970818,usdc,31.81,buy,364.905006,3506.879026
1753581133433,usdt,32.85,deposit,517.000000,5647.165057
1753582945297,usdc,31.79,withdrawal,-224.000000,3282.879026
1753583357865,doge,42.71,deposit,2134.45161560,3369.44514643
1753585338379,doge,42.7,buy,242.60627459,3612.05142102
1753595610505,usdt,32.83,sell,-721.279174,4925.885883
1753597260821,doge,42.68,buy,496.12590126,4108.17732228
1753597607338,usdt,32.84,buy,350.912574,5276.798457
1753597705000,btc,3531499.07,deposit,0.00625364,0.06959597
1753598393326,usdt,32.86,deposit,2817.000000,8093.798457
1753610325790,eth,128726.37,sell,-0.08245165,0.24480629
1753626190531,eth,128691.44,sell,-0.10728620,0.13752009
1753628042882,doge,42.68,withdrawal,-1531.74914397,2576.42817831
1753631592723,usdt,32.83,buy,696.789904,8790.588361
1753632522698,usdt,32.83,sell,-449.259128,8341.329233
1753633083610,usdc,31.78,sell,-1177.339052,2105.539974
1753635507239,sol,8084.24,withdrawal,-4.33743743,21.44958738
1753644993107,btc,3530029.47,buy,0.00933378,0.07892975
1753646008376,eth,128792.65,deposit,0.98304596,1.12056605
1753650325357,doge,42.77,withdrawal,-917.31466696,1659.11351135
1753651322322,twd,1.0,withdrawal,-28885,63693729
1753654750229,twd,1.0,withdrawal,-25300,63668429
1753656934098,usdc,31.79,withdrawal,-164.000000,1941.539974
1753657020622,usdt,32.85,buy,421.873609,8763.202842
1753658731444,btc,3528406.0,withdrawal,-0.01198241,0.06694734
1753664758718,doge,42.85,deposit,923.20252323,2582.31603458
1753671470136,usdc,31.78,sell,-696.118599,1245.421375
1753675196720,eth,128721.16,withdrawal,-0.11347409,1.00709196
1753683573454,sol,8093.64,deposit,9.94748327,31.39707065
1753686172448,twd,1.0,deposit,104787,63781481
1753688522812,sol,8101.99,buy,0.97456553,32.37163618
1753691465588,usdc,31.78,sell,-76.995125,1168.426250
1753697512807,doge,42.91,sell,-1444.16954509,1138.14648949
1753701458753,doge,42.88,buy,289.70250458,1427.84899407
1753701900000,doge,42.86,buy,1012.97556067,2440.82455474
1753702320000,usdt,32.84,sell,-1862.205082,6900.997760
1753703160852,eth,128531.86,withdrawal,-0.16595663,0.84113533
1753703400000,usdc,31.79,buy,958.157739,2126.583989
1753705680000,eth,128488.34,deposit,0.81377742,1.65491275
1753705860000,usdc,31.78,withdrawal,-222.000000,1904.583989
1753706220000,usdc,31.79,buy,1044.364987,2948.948976
1753706760000,sol,8116.48,deposit,5.16277429,37.53441047
1753709508970,doge,42.95,buy,379.22060947,2820.04516421
1753714500244,twd,1.0,withdrawal,-12076,63751302
1753716122614,doge,42.97,deposit,1794.18384539,4614.22900960
1753718149130,eth,128456.47,buy,0.03374763,1.68866038
1753720761689,doge,43.05,deposit,2219.38475839,6833.61376799
1753724553534,btc,3533585.1,deposit,0.02564166,0.09258900
1753725574445,btc,3533094.86,sell,-0.05418886,0.03840014
1753732912290,usdc,31.79,deposit,2685.000000,5633.948976
1753744309703,btc,3531584.73,withdrawal,-0.00520174,0.03319840
1753745133546,sol,8114.05,withdrawal,-14.13586725,23.39854322
1753757496810,doge,43.05,buy,495.10563117,7328.71939916
1753759663727,doge,43.02,sell,-3686.73667819,3641.98272097
1753760831177,usdc,31.79,buy,1204.005259,6837.954235
1753767138641,btc,3534812.39,withdrawal,-0.00286159,0.03033681
1753771527317,btc,3534884.6,buy,0.00597103,0.03630784
1753779097990,sol,8121.02,sell,-5.78982851,17.60871471
1753787987725,btc,3536872.31,withdrawal,-0.00235252,0.03395532
1753795702136,usdc,31.8,withdrawal,-467.000000,6370.954235
1753796895888,eth,128766.32,deposit,0.67184663,2.36050701
1753802969872,doge,43.2,buy,111.27987334,3753.26259431
1753803743942,usdt,32.89,sell,-1541.517035,5359.480725
1753805188486,usdc,31.81,deposit,651.000000,7021.954235
1753806022960,usdc,31.8,withdrawal,-282.000000,6739.954235
1753808240377,doge,43.31,deposit,1194.63438054,4947.89697485
1753809473887,btc,3539319.99,sell,-0.01143909,0.02251623
1753814272202,doge,43.26,deposit,1198.99538799,6146.89236284
1753816508977,eth,128748.82,deposit,0.39934713,2.75985414
1753816520364,sol,8121.5,sell,-9.20171122,8.40700349
1753818004171,sol,8123.5,buy,1.67450479,10.08150828
1753818656328,eth,128737.46,sell,-0.78968445,1.97016969
1753821055698,btc,3539778.26,sell,-0.00485523,0.01766100
1753826753863,sol,8127.2,withdrawal,-0.64510908,9.43639920
1753829267044,doge,43.16,withdrawal,-1702.79757561,4444.09478723
1753830105348,usdc,31.78,deposit,567.000000,7306.954235
1753832413737,usdt,32.89,deposit,1830.000000,7189.480725
1753839332118,usdt,32.88,buy,603.334397,7792.815122
1753842447025,doge,43.1,sell,-521.80640005,3922.28838718
1753842702961,usdc,31.78,deposit,657.000000,7963.954235
1753848858553,sol,8122.63,buy,0.14621473,9.58261393
1753850835753,usdc,31.78,sell,-3661.868039,4302.086196
1753852374704,btc,3537092.05,buy,0.00158922,0.01925022
1753857454425,btc,3536497.97,sell,-0.01011206,0.00913816
1753858124066,usdt,32.9,sell,-53.036877,7739.778245
1753860251704,twd,1.0,withdrawal,-11701,64467721
1753862024927,sol,8124.13,deposit,14.89196979,24.47458372
1753866433059,doge,43.31,withdrawal,-1496.84681436,2425.44157282
1753868744712,doge,43.34,sell,-711.95329985,1713.48827297
1753871101936,sol,8131.04,sell,-11.96089459,12.51368913
1753873348035,eth,129164.0,sell,-0.14817012,1.82199957
1753875009695,usdt,32.91,buy,601.103104,8340.881349
1753877802032,doge,43.32,withdrawal,-648.16306636,1065.32520661
1753881201940,usdc,31.79,deposit,1031.000000,5333.086196
1753884423064,eth,129205.03,deposit,1.07226595,2.89426552
1753886891370,eth,129190.15,buy,0.21556109,3.10982661
1753889016441,doge,43.44,buy,308.90622100,1374.23142761
1753896741172,usdt,32.91,sell,-2270.305097,6070.576252
1753900105626,sol,8131.78,buy,2.61145884,15.12514797
1753906575631,usdc,31.79,withdrawal,-189.000000,5144.086196
1753912949378,twd,1.0,deposit,58462,64665874
1753917821839,usdt,32.91,withdrawal,-232.000000,5838.576252
1753926338536,btc,3540172.73,buy,0.00121094,0.01034910
1753926375260,sol,8128.83,sell,-0.73102152,14.39412645
1753927737308,twd,1.0,deposit,39249,64706779
1753929934495,twd,1.0,deposit,67662,64774441
1753931480640,twd,1.0,deposit,52104,64826545
1753935359812,btc,3538102.56,withdrawal,-0.00159196,0.00875714
1753936836212,sol,8127.43,sell,-3.00894400,11.38518245
1753938075396,sol,8123.06,deposit,3.75115208,15.13633453
1753942306211,sol,8120.15,buy,2.35590149,17.49223602
1753947333328,doge,43.62,deposit,1886.20045085,3260.43187846
1753950306757,eth,129329.74,withdrawal,-0.93879976,2.17102685
1753953226233,usdc,31.8,sell,-1456.875511,3687.210685
1753957629202,eth,129345.15,withdrawal,-0.05918037,2.11184648
1753958848117,usdt,32.9,sell,-1935.630486,3902.945766
1753963069662,usdc,31.8,deposit,2147.000000,5834.210685
1753963603559,usdc,31.79,deposit,2362.000000,8196.210685
1753968444099,sol,8135.68,deposit,7.28421179,24.77644781
1753982072159,twd,1.0,withdrawal,-14581,64927296
1753985041946,btc,3536017.17,sell,-0.00024596,0.00851118
1753985547305,eth,129424.52,withdrawal,-0.60012825,1.51171823
1753988547094,usdt,32.88,sell,-560.654804,3342.290962
1753993371805,doge,43.54,buy,928.67686330,4189.10874176
1753994953058,twd,1.0,withdrawal,-17411,64888754
1753995680454,usdt,32.87,deposit,928.000000,4270.290962
1753997585015,usdt,32.87,buy,265.349388,4535.640350
1753999392792,doge,43.56,buy,942.45302702,5131.56176878
1754002167978,eth,129345.84,deposit,0.23864534,1.75036357
1754004256331,usdt,32.88,buy,1209.932104,5745.572454
1754009631335,twd,1.0,withdrawal,-28279,64770911
1754016508882,twd,1.0,withdrawal,-19514,64751397
1754018157294,eth,129395.94,deposit,0.33866027,2.08902384
1754018618135,usdt,32.89,buy,1128.251136,6873.823590
1754026869245,usdc,31.81,deposit,2695.000000,10891.210685
1754031905620,doge,43.64,sell,-222.56508615,4908.99668263
1754034870067,twd,1.0,deposit,141149,64865151
1754037991278,usdc,31.81,deposit,1453.000000,12344.210685
1754038810592,eth,129492.28,buy,0.05134713,2.14037097
1754039477436,usdt,32.88,withdrawal,-497.000000,6376.823590
1754043211961,usdt,32.87,sell,-1594.278525,4782.545065
1754049076364,usdc,31.81,buy,553.679078,12897.889763
1754049091267,eth,129593.58,deposit,1.18445360,3.32482457
1754051897675,usdc,31.82,deposit,2632.000000,15529.889763
1754060284823,eth,129554.61,withdrawal,-1.20549639,2.11932818
1754062187038,doge,43.75,buy,81.88742640,4990.88410903
1754063844548,usdt,32.88,withdrawal,-344.000000,4438.545065
1754064185954,usdt,32.88,buy,447.219195,4885.764260
1754066324043,usdt,32.87,deposit,2198.000000,7083.764260
1754073057347,twd,1.0,deposit,47608,64922621
1754074135665,sol,8150.82,deposit,6.83595777,31.61240558
1754077878427,usdc,31.81,sell,-2479.311658,13050.578105
1754078868758,usdt,32.85,deposit,1719.000000,8802.764260
1754088694028,eth,129695.8,sell,-0.41317387,1.70615431
1754093396454,sol,8153.09,sell,-5.53653502,26.07587056
1754100809276,sol,8155.25,deposit,2.39820600,28.47407656
1754104727246,btc,3535027.51,buy,0.00487822,0.01338940
1754108555085,sol,8154.78,deposit,4.15402338,32.62809994
1754110079871,usdc,31.81,buy,812.687182,13863.265287
1754113726193,doge,43.69,withdrawal,-1136.56884152,3854.31526751
1754119734270,btc,3537353.46,deposit,0.01426609,0.02765549
1754119837625,btc,3536206.81,buy,0.00179141,0.02944690
1754120488561,eth,129608.7,buy,0.22427417,1.93042848
1754128025689,usdt,32.84,sell,-4924.901218,3877.863042
1754130038801,doge,43.64,deposit,840.52891689,4694.84418440
1754132162183,usdc,31.77,buy,1251.595864,15114.861151
1754132763761,btc,3534824.06,deposit,0.03376545,0.06321235
1754135400000,sol,8143.79,withdrawal,-8.93784125,23.69025869
1754135880000,usdc,31.79,deposit,794.000000,15908.861151
1754135966291,usdc,31.78,deposit,2652.000000,18560.861151
1754136840000,twd,1.0,withdrawal,-10858,65132829
1754137260000,btc,3534987.24,withdrawal,-0.01328520,0.04992715
1754139015199,usdc,31.79,sell,-4304.301358,14256.559793
1754139420000,eth,129528.02,withdrawal,-0.30216616,1.62826232
1754140740000,btc,3534810.47,buy,0.00726977,0.05719692
1754141460000,usdc,31.79,sell,-3549.711744,10706.848049
1754141640000,usdc,31.79,withdrawal,-419.000000,10287.848049
1754143620000,twd,1.0,deposit,56203,65413015
1754144180927,usdt,32.83,sell,-1217.195264,2660.667778
1754145592762,twd,1.0,withdrawal,-26772,65426208
1754145600000,sol,8151.91,buy,4.85031799,28.54057668
1754147280000,usdt,32.82,sell,-1289.786355,1370.881423
1754147926319,sol,8151.1,sell,-0.38212527,28.15845141
1754149380000,sol,8150.81,buy,5.75262634,33.91107775
1754150199482,eth,129502.41,withdrawal,-0.52604812,1.10221420
1754150982010,sol,8152.33,sell,-2.68701068,31.22406707
1754151584760,usdt,32.82,buy,1079.294566,2450.175989
1754152080000,eth,129469.18,sell,-0.50302660,0.59918760
1754152708496,usdt,32.83,sell,-93.280091,2356.895898
1754153220000,sol,8153.5,deposit,9.92028848,41.14435555
1754153640000,btc,3534340.65,withdrawal,-0.00973362,0.04746330
1754153948897,twd,1.0,deposit,94669,65534568
1754154540000,usdt,32.84,sell,-1225.475024,1131.420874
1754156940000,sol,8148.84,sell,-5.52483331,35.61952224
1754157000000,usdc,31.84,sell,-3626.395931,6661.452118
1754157902351,sol,8147.75,sell,-16.93999172,18.67953052
1754157960000,doge,43.77,withdrawal,-522.80284544,4172.04133896
1754158320000,usdt,32.84,buy,866.801252,1998.222126
1754160060000,eth,129382.7,deposit,0.87057800,1.46976560
1754161560000,usdt,32.84,sell,-837.859480,1160.362646
1754162040000,usdc,31.86,sell,-2133.627232,4527.824886
1754163060000,usdt,32.84,sell,-653.729542,506.633104
1754164011932,sol,8141.42,withdrawal,-4.53562759,14.14390293
1754164390084,btc,3535596.65,sell,-0.01016719,0.03729611
1754164560000,twd,1.0,deposit,34998,66032742
1754164920000,sol,8141.92,buy,5.47415029,19.61805322
1754166300000,sol,8141.38,deposit,8.53644512,28.15449834
1754168640000,eth,129526.96,buy,0.16190062,1.63166622
1754170620000,doge,43.95,sell,-485.90049768,3686.14084128
1754173080000,btc,3533289.69,withdrawal,-0.00582270,0.03147341
1754174940000,usdc,31.85,withdrawal,-410.000000,4117.824886
1754175300000,btc,3535035.11,deposit,0.01781980,0.04929321
1754175376339,twd,1.0,withdrawal,-25280,65963275
1754175900000,usdt,32.85,withdrawal,-82.000000,424.633104
1754178712543,btc,3535538.55,sell,-0.00235305,0.04694016
1754179883531,doge,43.95,deposit,2168.25292624,5854.39376752
1754183320816,usdc,31.87,sell,-416.620650,3701.204236
1754189217664,doge,43.88,sell,-915.93588042,4938.45788710
1754190128747,usdt,32.85,withdrawal,-64.000000,360.633104
1754190995064,sol,8156.94,deposit,5.44061019,33.59510853
1754202320457,usdt,32.85,withdrawal,-103.000000,257.633104
1754205186689,doge,43.85,withdrawal,-1102.91968761,3835.53819949
1754205978292,eth,129651.52,deposit,1.04794555,2.67961177
1754208807184,usdt,32.86,sell,-11.462045,246.171059
1754214696282,eth,129665.1,deposit,1.16697344,3.84658521
1754216310985,doge,43.92,deposit,1723.46221565,5559.00041514
1754220732405,usdt,32.85,withdrawal,-121.000000,125.171059
1754227678712,usdt,32.85,sell,-48.890351,76.280708
1754230993602,sol,8139.67,sell,-3.98259381,29.61251472
1754233168588,eth,129562.79,buy,0.19537612,4.04196133
1754234355217,eth,129577.16,deposit,0.76578691,4.80774824
1754240587214,usdc,31.91,deposit,541.000000,4242.204236
1754241194294,twd,1.0,withdrawal,-13813,66020337
1754245590462,twd,1.0,withdrawal,-18160,66002177
1754246379823,doge,43.9,withdrawal,-416.11710094,5142.88331420
1754255402764,twd,1.0,withdrawal,-16473,65985704
1754256350516,usdc,31.91,deposit,2715.000000,6957.204236
1754272154648,sol,8145.22,withdrawal,-4.70162474,24.91088998
1754273039311,sol,8143.1,buy,2.42337727,27.33426725
1754276772218,usdc,31.9,withdrawal,-271.000000,6686.204236
1754276843174,sol,8140.95,sell,-3.50855941,23.82570784
1754278305634,btc,3536680.84,buy,0.00731754,0.05425770
1754280520579,sol,8146.57,sell,-8.34404955,15.48165829
1754292107630,sol,8152.54,sell,-1.72700182,13.75465647
1754295474460,usdc,31.89,buy,82.204389,6768.408625
1754296046376,sol,8147.54,sell,-3.23124148,10.52341499
1754296699000,usdc,31.89,sell,-1082.622635,5685.785990
1754297888539,sol,8148.69,deposit,12.51222688,23.03564187
1754297896151,usdt,32.84,deposit,1768.000000,1844.280708
1754299380000,eth,129719.96,withdrawal,-0.51538399,4.29236425
1754300949491,eth,129687.06,buy,0.19558380,4.48794805
1754301675552,sol,8159.03,deposit,13.07907316,36.11471503
1754301720000,usdt,32.85,deposit,1373.000000,3217.280708
1754302500000,btc,3535793.12,deposit,0.03440841,0.08866611
1754302574920,eth,129768.28,buy,0.08296569,4.57091374
1754302980000,eth,129769.32,sell,-2.08976665,2.48114709
1754305020000,doge,44.05,buy,1074.12722962,6217.01054382
1754306491564,twd,1.0,withdrawal,-28876,66267805
1754311418603,twd,1.0,deposit,53454,66321259
1754314539445,usdt,32.85,withdrawal,-205.000000,3012.280708
1754316159405,usdt,32.85,buy,917.176531,3929.457239
1754318557083,eth,129642.59,deposit,0.99228693,3.47343402
1754318559818,usdc,31.94,sell,-1331.214778,4354.571212
1754324250525,usdt,32.86,withdrawal,-381.000000,3548.457239
1754328126440,usdt,32.85,buy,932.377978,4480.835217
1754328641965,twd,1.0,deposit,59325,66362350
1754332234190,usdc,31.94,buy,489.682138,4844.253350
1754334667384,usdt,32.84,sell,-1894.614722,2586.220495
1754337242670,usdc,31.93,deposit,2827.000000,7671.253350
1754345432729,eth,129731.64,deposit,1.32854880,4.80198282
1754348312582,btc,3536482.57,sell,-0.02644451,0.06222160
1754349876423,btc,3535750.86,buy,0.00506245,0.06728405
1754351576839,doge,43.98,sell,-1770.29743825,4446.71310557
1754354779165,doge,43.96,withdrawal,-648.79846169,3797.91464388
1754357663243,eth,129798.13,withdrawal,-1.60011777,3.20186505
1754361505179,usdc,31.94,deposit,1169.000000,8840.253350
1754362680087,btc,3536078.02,sell,-0.01168503,0.05559902
1754366080710,usdt,32.83,deposit,517.000000,3103.220495
1754372877222,usdc,31.93,buy,1526.536189,10366.789539
1754373056230,btc,3537874.09,withdrawal,-0.02220188,0.03339714
1754374068886,usdt,32.83,deposit,623.000000,3726.220495
1754380053298,sol,8194.34,buy,3.55366269,39.66837772
1754390236786,doge,43.99,sell,-964.77013830,2833.14450558
1754393060079,doge,44.03,withdrawal,-478.07647248,2355.06803310
1754394447959,sol,8199.46,deposit,9.18204461,48.85042233
1754394509511,twd,1.0,withdrawal,-11808,66556476
1754395090941,eth,129701.11,buy,0.25340592,3.45527097
1754397695402,twd,1.0,withdrawal,-26155,66497454
1754401299356,usdt,32.82,sell,-1364.076711,2362.143784
1754402782388,doge,44.09,withdrawal,-205.61291082,2149.45512228
1754403572840,usdt,32.81,buy,1170.416663,3532.560447
1754404464406,doge,44.02,deposit,1083.96774464,3233.42286692
1754410215927,usdc,31.93,sell,-3433.797397,6932.992142
1754410782556,eth,129805.17,buy,0.26370933,3.71898030
1754413174709,btc,3533126.68,sell,-0.00477147,0.02862567
1754417107300,twd,1.0,deposit,54827,66650933
1754417237451,usdt,32.8,buy,493.301239,4025.861686
1754418978429,usdt,32.8,buy,1516.821859,5542.683545
1754420530573,sol,8228.82,deposit,12.98427519,61.83469752
1754420872870,btc,3536724.23,sell,-0.00603459,0.02259108
1754422004911,btc,3535714.32,withdrawal,-0.00768124,0.01490984
1754425448076,usdt,32.79,withdrawal,-241.000000,5301.683545
1754428063351,sol,8232.24,withdrawal,-15.58725448,46.24744304
1754433540000,twd,1.0,withdrawal,-6314,66600024
1754434004161,doge,44.0,sell,-1107.73448522,2125.68838170
1754436000000,twd,1.0,withdrawal,-20513,66628256
1754440463044,twd,1.0,withdrawal,-21753,66606503
1754444632981,btc,3535675.79,withdrawal,-0.00393436,0.01097548
1754447387769,doge,44.06,withdrawal,-120.90420099,2004.78418071
1754455344924,usdc,31.91,buy,503.787749,7436.779891
1754456717526,eth,130053.48,buy,0.26484606,3.98382636
1754457608455,usdc,31.91,sell,-30.674173,7406.105718
1754465355899,usdt,32.81,deposit,1431.000000,6732.683545
1754466523868,twd,1.0,withdrawal,-18036,66538925
1754472777697,usdt,32.8,sell,-1963.626887,4769.056658
1754472924542,sol,8246.6,buy,2.21851075,48.46595379
1754478601909,usdc,31.9,deposit,1235.000000,8641.105718
1754489410681,doge,44.26,deposit,1078.52144175,3083.30562246
1754490558022,btc,3531370.04,sell,-0.00225689,0.00871859
1754492904869,doge,44.31,buy,88.87754006,3172.18316252
1754494849452,doge,44.35,deposit,259.74835612,3431.93151864
1754495685236,btc,3528005.0,withdrawal,-0.00291537,0.00580322
1754496836443,usdt,32.81,deposit,2017.000000,6786.056658
1754498197853,twd,1.0,withdrawal,-19982,66569081
1754499319028,doge,44.39,buy,999.31759884,4431.24911748
1754503442190,usdt,32.81,sell,-1864.626469,4921.430189
1754503907896,eth,130012.72,buy,0.36070485,4.34453121
1754506798745,usdt,32.82,buy,792.379495,5713.809684
1754507190167,sol,8270.64,deposit,7.05998388,55.52593767
1754509893408,sol,8271.6,withdrawal,-21.30031462,34.22562305
1754514242148,eth,130057.09,deposit,1.11580896,5.46034017
1754518502678,doge,44.44,buy,1003.61729631,5434.86641379
1754518896427,btc,3529195.78,sell,-0.00079085,0.00501237
1754523634092,doge,44.41,withdrawal,-621.33069760,4813.53571619
1754525385877,doge,44.44,sell,-2420.11743370,2393.41828249
1754532511567,eth,130178.12,buy,0.21986087,5.68020104
1754532668170,sol,8278.99,deposit,6.30182676,40.52744981
1754533188941,usdc,31.87,withdrawal,-142.000000,8499.105718
1754533903991,doge,44.5,sell,-541.31618964,1852.10209285
1754546770116,btc,3529554.58,buy,0.00129791,0.00631028
1754553448037,usdt,32.82,sell,-149.068237,5564.741447
1754553741038,eth,130246.94,deposit,1.03935148,6.71955252
1754555118729,doge,44.59,deposit,1239.21923379,3091.32132664
1754556482925,twd,1.0,deposit,147521,66722041
1754567622573,usdt,32.81,deposit,1782.000000,7346.741447
1754571890960,usdc,31.9,sell,-2397.052351,6102.053367
1754574251496,doge,44.62,buy,401.77511370,3493.09644034
1754577432957,sol,8277.82,withdrawal,-11.74080098,28.78664883
1754577612951,btc,3527436.02,buy,0.00047807,0.00678835
1754578565133,doge,44.66,sell,-522.74239675,2970.35404359
1754590236004,btc,3526204.49,withdrawal,-0.00231475,0.00447360
1754593171392,eth,130179.23,deposit,0.29516759,7.01472011
1754594263612,usdc,31.88,buy,1565.379198,7667.432565
1754596580060,twd,1.0,withdrawal,-8857,66743466
1754599571126,usdt,32.82,withdrawal,-415.000000,6931.741447
1754608135824,usdt,32.82,sell,-1336.967125,5594.774322
1754610297822,usdt,32.82,withdrawal,-434.000000,5160.774322
1754610801209,doge,44.68,buy,441.72541718,3412.07946077
1754618594084,doge,44.64,sell,-567.24996677,2844.82949400
1754624597364,usdc,31.88,buy,1140.459485,8807.892050
1754626573935,doge,44.65,buy,154.07979784,2998.90929184
1754627802227,btc,3530885.02,buy,0.00870911,0.01318271
1754631655010,doge,44.62,withdrawal,-628.47587057,2370.43342127
1754631740779,btc,3530726.31,withdrawal,-0.00361099,0.00957172
1754633779675,sol,8304.9,buy,2.50516784,31.29181667
1754633900197,usdt,32.8,withdrawal,-487.000000,4673.774322
1754637873144,usdt,32.8,buy,1258.716622,5932.490944
1754644937069,usdt,32.79,buy,551.439941,6483.930885
1754645339250,twd,1.0,deposit,99721,66738494
1754646619435,btc,3529660.44,deposit,0.02520231,0.03477403
1754647996415,sol,8305.18,sell,-12.82408612,18.46773055
1754649068360,btc,3528643.24,buy,0.00612070,0.04089473
1754654830987,eth,130327.62,withdrawal,-0.05318890,6.96153121
1754662607766,btc,3529159.81,withdrawal,-0.00578235,0.03511238
1754663872299,usdc,31.89,buy,431.121643,9239.013693
1754668617687,sol,8292.66,sell,-8.17830768,10.28942287
1754672288342,usdc,31.89,sell,-3021.492822,6217.520871
1754675638136,sol,8297.86,withdrawal,-1.29241082,8.99701205
1754677077878,usdt,32.82,deposit,2588.000000,9071.930885
1754677771275,eth,130387.27,sell,-0.63240835,6.32912286
1754680868951,usdc,31.9,sell,-2169.933335,4047.587536
1754686782220,twd,1.0,withdrawal,-17159,67108353
1754690877101,sol,8303.71,deposit,9.01890989,18.01592194
1754698205318,eth,130385.16,sell,-3.67417369,2.65494917
1754699954821,usdc,31.9,sell,-1818.657219,2228.930317
1754700371208,eth,130380.88,buy,0.15699498,2.81194415
1754700910607,doge,44.68,deposit,465.14607591,2835.57949718
1754704134685,twd,1.0,deposit,117884,67742843
1754714908761,doge,44.75,sell,-76.16437917,2759.41511801
1754716887038,sol,8311.79,sell,-6.52411735,11.49180459
1754721511096,sol,8316.45,sell,-0.90654902,10.58525557
1754723102441,usdt,32.83,buy,188.154948,9260.085833
1754725590138,sol,8318.77,withdrawal,-1.65340144,8.93185413
1754729890389,btc,3527092.5,withdrawal,-0.01303372,0.02207866
1754732833184,doge,44.88,buy,237.59617605,2997.01129406
1754732901142,sol,8319.04,withdrawal,-3.20148057,5.73037356
1754733027962,usdt,32.8,withdrawal,-211.000000,9049.085833
1754734298817,usdt,32.79,deposit,819.000000,9868.085833
1754739758409,eth,130333.09,buy,0.25880151,3.07074566
1754741412708,btc,3526911.2,sell,-0.00765454,0.01442412
1754747120406,btc,3527766.74,deposit,0.01034855,0.02477267
1754752088424,doge,44.87,buy,726.46085095,3723.47214501
1754752472164,usdt,32.78,withdrawal,-74.000000,9794.085833
1754758827194,btc,3528700.89,withdrawal,-0.00855560,0.01621707
1754764920429,usdt,32.77,withdrawal,-165.000000,9629.085833
1754765718415,usdc,31.93,withdrawal,-390.000000,1838.930317
1754769386108,eth,130317.6,withdrawal,-0.33747621,2.73326945
1754769584959,usdt,32.76,deposit,2497.000000,12126.085833
1754770755831,doge,44.94,deposit,1581.60242373,5305.07456874
1754771537769,usdt,32.76,deposit,1601.000000,13727.085833
1754773494305,doge,44.95,buy,698.08920167,6003.16377041
1754776988930,usdt,32.75,sell,-3728.061628,9999.024205
1754781550788,usdc,31.94,deposit,2151.000000,3989.930317
1754783752903,eth,130291.1,withdrawal,-0.67920269,2.05406676
1754789675791,doge,44.96,sell,-319.75673293,5683.40703748
1754792708399,usdc,31.93,buy,639.473393,4629.403710
1754795290457,usdt,32.75,deposit,1442.000000,11441.024205
1754796576195,usdc,31.92,withdrawal,-440.000000,4189.403710
1754797871801,eth,130232.01,withdrawal,-0.02600081,2.02806595
1754801329753,usdc,31.94,buy,1397.380001,5586.783711
1754809873100,doge,45.04,withdrawal,-653.89769761,5029.50933987
1754828188371,twd,1.0,deposit,115064,67906958
1754829282874,sol,8333.37,sell,-1.52369632,4.20667724
1754830162639,usdc,31.95,withdrawal,-184.000000,5402.783711
1754834818434,usdt,32.76,sell,-5849.600860,5591.423345
1754836693721,sol,8330.41,buy,0.91622990,5.12290714
1754837625074,doge,45.13,deposit,825.36015536,5854.86949523
1754838771739,sol,8326.3,withdrawal,-1.88184549,3.24106165
1754841477001,twd,1.0,deposit,96504,68200189
1754845452878,usdc,31.95,sell,-2698.085646,2704.698065
1754849308963,twd,1.0,deposit,121255,68407636
1754851916788,twd,1.0,withdrawal,-16560,68391076
1754857506979,twd,1.0,deposit,68879,68459955
1754857712421,eth,130174.16,sell,-1.08409564,0.94397031
1754859613947,sol,8328.79,buy,0.49083181,3.73189346
1754860320000,sol,8331.02,sell,-1.88287717,1.84901629
1754861580000,usdt,32.77,sell,-846.472454,4744.950891
1754862049101,eth,130168.91,deposit,0.19793173,1.14190204
1754862780000,eth,130159.88,deposit,1.39516611,2.53706815
1754864580000,eth,130172.67,withdrawal,-0.37095090,2.16611725
1754865888716,sol,8337.68,sell,-1.04185506,0.80716123
1754867040000,twd,1.0,deposit,96825,68745925
1754871208167,twd,1.0,deposit,149362,68895287
1754881567241,btc,3528638.82,buy,0.00716458,0.02338165
1754883110567,doge,45.19,withdrawal,-1234.74907250,4620.12042273
1754883549288,eth,130140.28,withdrawal,-0.61547094,1.55064631
1754883890146,eth,130123.22,deposit,1.38011270,2.93075901
1754888709179,sol,8332.06,sell,-0.33642212,0.47073911
1754894443398,twd,1.0,withdrawal,-25056,68847752
1754894881790,doge,45.19,buy,1012.77337193,5632.89379466
1754895143130,usdc,31.92,sell,-749.451355,1955.246710
1754902194688,doge,45.2,withdrawal,-1747.48757403,3885.40622063
1754903590620,doge,45.24,sell,-471.58332206,3413.82289857
1754906193566,btc,3527116.16,buy,0.00669341,0.03007506
1754906554468,usdc,31.92,buy,1012.132320,2967.379030
1754907339742,eth,130088.14,buy,0.29069842,3.22145743
1754913307181,usdt,32.73,sell,-1163.345007,3581.605884
1754913988490,doge,45.14,buy,23.34928219,3437.17218076
1754918932957,eth,129948.92,deposit,1.46174152,4.68319895
1754921802642,eth,129896.75,deposit,0.58669463,5.26989358
1754923213791,eth,129943.74,withdrawal,-0.66524174,4.60465184
1754924450930,doge,45.22,sell,-1367.73787369,2069.43430707
1754924613746,sol,8340.26,deposit,13.24457595,13.71531506
1754927112605,eth,129938.35,withdrawal,-0.98540859,3.61924325
1754929097744,usdc,31.9,deposit,627.000000,3594.379030
1754931401242,doge,45.34,sell,-713.42992135,1356.00438572
1754932826664,btc,3529566.53,withdrawal,-0.00540528,0.02466978
1754937242506,sol,8334.8,deposit,3.66773464,17.38304970
1754942626291,usdt,32.73,withdrawal,-361.000000,3220.605884
1754945585838,usdc,31.9,withdrawal,-155.000000,3439.379030
1754955886343,twd,1.0,withdrawal,-28219,68856522
1754956971554,sol,8344.63,buy,5.25973149,22.64278119
1754962404100,usdc,31.91,buy,154.122495,3593.501525
1754965280395,doge,45.31,buy,684.42231759,2040.42670331
1754965700564,usdt,32.71,sell,-367.864199,2852.741685
1754968627730,doge,45.33,sell,-931.78303147,1108.64367184
1754969661554,sol,8360.97,deposit,4.75236909,27.39515028
1754973685503,eth,130102.3,sell,-0.09577896,3.52346429
1754978062697,sol,8360.83,sell,-7.66848632,19.72666396
1754978628794,sol,8360.91,buy,5.26860782,24.99527178
1754984183747,twd,1.0,withdrawal,-26928,68836570
1754984406878,eth,130153.32,withdrawal,-0.09175255,3.43171174
1754986675515,eth,130129.04,sell,-1.37556422,2.05614752
1754991235032,eth,130127.35,sell,-1.18336208,0.87278544
1754998305264,btc,3529554.18,deposit,0.00638040,0.03105018
1755006834182,usdt,32.7,buy,490.442676,3343.184361
1755017241618,eth,130136.02,sell,-0.26112104,0.61166440
1755021055583,doge,45.48,withdrawal,-424.31778673,684.32588511
1755025184049,sol,8356.41,sell,-4.00665745,20.98861433
1755026339223,doge,45.58,buy,677.29299069,1361.61887580
1755033184048,usdt,32.68,sell,-719.400736,2623.783625
1755034193066,btc,3527250.59,withdrawal,-0.01023225,0.02081793
1755037772156,eth,130281.23,deposit,0.26460612,0.87627052
1755038662146,usdt,32.67,buy,620.806390,3244.590015
1755042221178,usdc,31.91,buy,240.437501,3833.939026
1755044254338,eth,130301.89,sell,-0.09474067,0.78152985
1755051840000,usdt,32.67,withdrawal,-259.000000,2985.590015
1755053400000,sol,8350.53,deposit,9.04750169,30.03611602
1755053610232,sol,8351.6,sell,-7.95255653,22.08355949
1755054009727,sol,8348.63,withdrawal,-7.01633339,15.06722610
1755055800000,usdc,31.89,withdrawal,-120.000000,3713.939026
1755057600000,eth,130232.78,withdrawal,-0.20709995,0.57442990
1755059460000,btc,3524967.87,sell,-0.00433141,0.01648652
1755059820000,sol,8361.12,buy,1.58564153,16.65286763
1755061366258,btc,3523182.09,withdrawal,-0.00426647,0.01222005
1755062346176,usdt,32.69,deposit,540.000000,3525.590015
1755069607174,sol,8362.6,deposit,11.31449729,27.96736492
1755073547240,doge,45.68,buy,296.63385432,1658.25273012
1755079323376,btc,3520683.91,buy,0.01024581,0.02246586
1755080334547,usdt,32.7,deposit,2699.000000,6224.590015
1755082251996,sol,8365.07,withdrawal,-3.92111194,24.04625298
1755088853627,eth,130496.92,deposit,1.06992389,1.64435379
1755095051226,doge,45.66,withdrawal,-415.92587506,1242.32685506
1755099469197,usdt,32.71,buy,1275.129068,7499.719083
1755101734437,usdt,32.72,buy,365.742995,7865.462078
1755104957104,usdc,31.91,deposit,666.000000,4379.939026
1755105537059,usdt,32.73,deposit,1629.000000,9494.462078
1755109583916,sol,8361.01,sell,-0.95701189,23.08924109
1755124051034,twd,1.0,withdrawal,-5880,69165273
1755126291209,sol,8355.77,deposit,9.01480770,32.10404879
1755129091208,doge,45.6,buy,554.82771705,1797.15457211
1755129643088,doge,45.56,deposit,255.92344900,2053.07802111
1755129858607,usdc,31.89,withdrawal,-463.000000,3916.939026
1755130443985,sol,8352.81,buy,0.60874327,32.71279206
1755134357297,btc,3519024.94,deposit,0.01273334,0.03519920
1755134872600,usdc,31.9,buy,1251.953704,5168.892730
1755143529155,doge,45.56,withdrawal,-570.00429297,1483.07372814
1755143620768,usdc,31.92,withdrawal,-465.000000,4703.892730
1755145659288,twd,1.0,withdrawal,-5782,69089165
1755146400000,twd,1.0,deposit,103961,69193126
1755146670064,sol,8350.6,withdrawal,-9.40201356,23.31077850
1755147360000,btc,3520442.76,buy,0.00118668,0.03638588
1755147480000,twd,1.0,withdrawal,-10684,69178264
1755149398891,doge,45.64,withdrawal,-309.15353608,1173.92019206
1755149520000,sol,8365.72,buy,5.05960133,28.37037983
1755150000000,doge,45.58,buy,1047.17737551,2221.09756757
1755151560000,sol,8372.33,buy,4.63694129,33.00732112
1755153300000,sol,8376.92,sell,-11.98546721,21.02185391
1755154165804,doge,45.57,buy,967.87062823,3188.96819580
1755162265388,doge,45.52,deposit,2432.75090799,5621.71910379
1755162817235,eth,130708.14,buy,0.10938926,1.75374305
1755168847196,doge,45.6,withdrawal,-539.82291818,5081.89618561
1755169491087,btc,3524258.61,deposit,0.00595741,0.04234329
1755173354047,sol,8368.85,deposit,4.91734902,25.93920293
1755181275394,btc,3525206.35,sell,-0.02156389,0.02077940
1755183532536,doge,45.6,buy,1018.55519390,6100.45137951
1755189158834,usdc,31.92,buy,1085.309509,5789.202239
1755190918321,doge,45.64,withdrawal,-385.57874834,5714.87263117
1755192257110,btc,3524779.46,deposit,0.03443140,0.05521080
1755196727427,usdc,31.91,sell,-103.412409,5685.789830
1755222401584,sol,8376.61,deposit,7.39066403,33.32986696
1755226221288,btc,3524973.24,withdrawal,-0.01510889,0.04010191
1755227144669,sol,8370.74,buy,2.74706077,36.07692773
1755227357274,sol,8374.75,withdrawal,-3.82545642,32.25147131
1755227802520,doge,45.74,buy,874.74754403,6589.62017520
1755230064691,eth,131103.48,deposit,0.46037436,2.21411741
1755232558411,doge,45.81,deposit,980.88194144,7570.50211664
1755235621406,sol,8375.47,sell,-10.08416495,22.16730636
1755238398160,doge,45.8,deposit,287.26921713,7857.77133377
1755241451488,usdc,31.89,sell,-3054.973658,2630.816172
1755245920995,usdc,31.89,sell,-1048.499980,1582.316192
1755246832671,doge,45.81,deposit,1049.72662961,8907.49796338
1755249151883,sol,8383.05,buy,5.25578734,27.42309370
1755249929646,usdc,31.89,buy,459.633856,2041.950048
1755254534506,usdt,32.74,deposit,2227.000000,11721.462078
1755262503813,usdt,32.74,sell,-3076.045513,8645.416565
1755263868130,sol,8383.98,sell,-6.77813725,20.64495645
1755272156757,btc,3526848.32,deposit,0.04600849,0.08611040
1755275445729,usdc,31.88,sell,-488.203341,1553.746707
1755282656686,sol,8380.71,withdrawal,-4.38151983,16.26343662
1755283802381,eth,131040.08,withdrawal,-0.25135895,1.96275846
1755289881625,eth,131087.66,deposit,1.29195690,3.25471536
1755294023410,eth,131126.53,deposit,0.57763178,3.83234714
1755306515500,usdt,32.75,sell,-1873.505990,6771.910575
1755308604774,btc,3532282.76,deposit,0.02596112,0.11207152
1755310096429,eth,131240.86,buy,0.30863372,4.14098086
1755315189182,usdt,32.74,deposit,2486.000000,9257.910575
1755316466593,doge,45.81,deposit,285.16818275,9192.66614613
1755319020000,sol,8387.72,withdrawal,-6.09524551,10.16819111
1755319400357,doge,45.74,deposit,221.37751719,9414.04366332
1755319980000,btc,3531024.11,deposit,0.02285822,0.13492974
1755320940000,usdt,32.73,buy,196.211646,9454.122221
1755322061943,sol,8394.34,buy,1.10724967,11.27544078
1755322562784,doge,45.73,deposit,1966.83936208,11380.88302540
1755322980000,twd,1.0,withdrawal,-9313,69352108
1755323309615,usdc,31.84,withdrawal,-293.000000,1260.746707
1755324000000,usdc,31.84,sell,-732.358238,528.388469
1755326300998,btc,3531947.52,buy,0.00204930,0.13697904
1755326700000,usdc,31.83,buy,148.160911,676.549380
1755327000000,sol,8390.31,deposit,14.54393889,25.81937967
1755327540000,btc,3533693.85,deposit,0.02312456,0.16010360
1755329700000,eth,131470.68,withdrawal,-1.35677801,2.78420285
1755329940000,eth,131504.43,buy,0.03328518,2.81748803
1755331474743,usdc,31.81,buy,1494.460912,2171.010292
1755332093019,twd,1.0,withdrawal,-27838,69283711
1755332882346,btc,3530000.13,withdrawal,-0.04839813,0.11170547
1755336947340,doge,45.86,buy,1060.63230474,12441.51533014
1755338786532,twd,1.0,deposit,112831,69347897
1755342396762,usdt,32.7,sell,-1798.547312,7655.574909
1755342979937,usdc,31.8,sell,-883.364570,1287.645722
1755345777778,btc,3530301.22,sell,-0.06468346,0.04702201
1755367264368,btc,3531256.88,withdrawal,-0.01022266,0.03679935
1755377223099,usdc,31.78,sell,-700.697516,586.948206
1755382884869,sol,8376.37,sell,-7.41341863,18.40596104
1755387111351,sol,8378.54,withdrawal,-6.97525043,11.43071061
1755389058280,twd,1.0,deposit,38967,69786489
1755395044521,usdc,31.78,withdrawal,-204.000000,382.948206
1755396890292,doge,45.83,buy,1036.73085540,13478.24618554
1755397336403,btc,3526493.85,sell,-0.00905930,0.02774005
1755397498056,btc,3527950.53,withdrawal,-0.00467526,0.02306479
1755404061960,usdt,32.69,sell,-4511.788168,3143.786741
1755405646589,twd,1.0,withdrawal,-24706,69893720
1755412245421,btc,3527725.91,buy,0.01123946,0.03430425
1755413317626,btc,3528703.31,withdrawal,-0.00609674,0.02820751
1755414621688,doge,46.0,deposit,2217.13260677,15695.37879231
1755415889207,usdc,31.78,buy,1137.291009,1520.239215
1755417505488,usdt,32.7,deposit,1869.000000,5012.786741
1755420323264,sol,8405.42,sell,-3.05336941,8.37734120
1755421859049,usdt,32.71,buy,1479.571153,6492.357894
1755423200961,usdc,31.8,deposit,1765.000000,3285.239215
1755423469739,sol,8394.27,withdrawal,-0.84661111,7.53073009
1755423705022,eth,131858.96,buy,0.05715224,2.87464027
1755423721395,doge,46.0,withdrawal,-4966.75511165,10728.62368066
1755423990925,eth,131884.83,sell,-1.22632605,1.64831422
1755430367661,btc,3522898.7,sell,-0.01004345,0.01816406
1755444188318,btc,3524081.04,buy,0.01379890,0.03196296
1755446463456,btc,3523450.36,deposit,0.03748432,0.06944728
1755449261381,sol,8397.11,withdrawal,-1.98260928,5.54812081
1755450235047,sol,8402.12,sell,-0.42709818,5.12102263
1755455962772,sol,8406.8,buy,1.34907775,6.47010038
1755456301926,usdc,31.79,deposit,1843.000000,5128.239215
1755457919928,twd,1.0,deposit,70605,69999003
1755461089591,sol,8408.2,sell,-2.45647501,4.01362537
1755461825155,doge,46.01,buy,346.78997299,11075.41365365
1755464131906,eth,131890.53,buy,0.11887133,1.76718555
1755468854839,sol,8403.79,buy,4.79353165,8.80715702
1755471259600,usdt,32.71,buy,67.380925,6559.738819
1755472109101,sol,8408.69,buy,3.23981984,12.04697686
1755472164340,doge,46.07,deposit,2262.67438932,13338.08804297
1755477132796,usdt,32.72,buy,859.731276,7419.470095
1755478570174,eth,131922.49,withdrawal,-0.13176874,1.63541681
1755478608458,usdc,31.8,buy,907.384184,6035.623399
1755479977170,doge,46.14,sell,-389.62145939,12948.46658358
1755484220893,sol,8412.1,withdrawal,-3.46289464,8.58408222
1755484319857,sol,8412.77,withdrawal,-0.87546867,7.70861355
1755487452186,usdt,32.69,buy,1353.489855,8772.959950
1755492568288,sol,8417.14,deposit,12.14278957,19.85140312
1755493430354,twd,1.0,withdrawal,-5514,69829527
1755500867533,btc,3531529.5,deposit,0.02593644,0.09538372
1755503469558,doge,46.31,sell,-1098.52863143,11849.93795215
1755505123519,doge,46.34,sell,-5020.65075459,6829.28719756
1755508516200,eth,132137.84,deposit,1.10552854,2.74094535
1755510927275,eth,132138.3,withdrawal,-1.07487270,1.66607265
1755511086285,usdc,31.8,sell,-3454.411638,2581.211761
1755516419251,usdt,32.68,deposit,2816.000000,11588.959950
1755518336417,twd,1.0,deposit,31095,70253992
1755518469303,eth,132063.35,withdrawal,-0.41680070,1.24927195
1755521841305,btc,3530294.0,withdrawal,-0.02492683,0.07045689
1755529462295,usdc,31.8,buy,726.916462,3308.128223
1755533681725,doge,46.41,sell,-2709.86095445,4119.42624311
1755536474686,sol,8439.65,deposit,9.47195202,29.32335514
1755537276703,btc,3529795.29,buy,0.01359353,0.08405042
1755537969178,btc,3530208.22,sell,-0.02191726,0.06213316
1755539250379,doge,46.47,sell,-1638.45692029,2480.96932282
1755543837835,btc,3530993.71,deposit,0.02232361,0.08445677
1755544747598,usdc,31.78,deposit,2625.000000,5933.128223
1755546345599,usdt,32.72,buy,574.942364,12163.902314
1755546867793,sol,8435.17,buy,1.85274766,31.17610280
1755550800000,sol,8438.93,buy,0.86840600,32.04450880
1755552780000,eth,131981.33,buy,0.06477010,1.31404205
1755571577242,usdt,32.71,withdrawal,-191.000000,11972.902314
1755572146218,sol,8447.25,buy,2.14664531,34.19115411
1755578026141,doge,46.52,sell,-616.40378264,1864.56554018
1755583981014,usdc,31.77,withdrawal,-361.000000,5572.128223
1755586286139,eth,131897.45,withdrawal,-0.08978698,1.22425507
1755587552719,sol,8447.25,buy,0.71548905,34.90664316
1755589040916,usdc,31.78,withdrawal,-306.000000,5266.128223
1755591295613,twd,1.0,deposit,24379,70440739
1755591521600,usdt,32.72,deposit,2164.000000,14136.902314
1755591731204,eth,131873.49,withdrawal,-0.27814197,0.94611310
1755592640084,doge,46.65,buy,115.06316848,1979.62870866
1755592882799,sol,8440.72,sell,-5.51786809,29.38877507
1755599865641,sol,8439.52,buy,2.28633484,31.67510991
1755601488711,usdc,31.76,deposit,2478.000000,7744.128223
1755605068169,btc,3535938.19,sell,-0.03460890,0.04984787
1755606850349,usdt,32.71,withdrawal,-188.000000,13948.902314
1755609833377,doge,46.77,sell,-389.59253069,1590.03617797
1755609837691,usdc,31.75,withdrawal,-203.000000,7541.128223
1755611236032,eth,131771.07,withdrawal,-0.15198764,0.79412546
1755612947144,sol,8440.48,sell,-11.39008109,20.28502882
1755614693367,usdc,31.75,buy,48.279194,7589.407417
1755615347427,doge,46.72,withdrawal,-203.74301524,1386.29316273
1755616008242,sol,8449.68,sell,-7.43246621,12.85256261
1755617434793,usdc,31.75,deposit,1016.000000,8605.407417
1755623964050,sol,8452.19,buy,1.74045611,14.59301872
1755632141935,twd,1.0,deposit,55751,70801695
1755636337290,twd,1.0,withdrawal,-15667,70786028
1755640926993,usdt,32.7,deposit,1014.000000,14962.902314
1755647017811,usdc,31.75,deposit,2171.000000,10776.407417
1755650121470,eth,131721.87,buy,0.34180374,1.13592920
1755651552799,usdt,32.71,withdrawal,-132.000000,14830.902314
1755654011878,twd,1.0,deposit,130809,70871814
1755654312118,usdt,32.72,sell,-181.822878,14649.079436
1755654653977,doge,46.62,withdrawal,-308.77358650,1077.51957623
1755664941752,sol,8472.57,deposit,11.98936752,26.58238624
1755672125554,eth,131711.49,sell,-0.30410787,0.83182133
1755676237451,eth,131743.38,buy,0.13509396,0.96691529
1755684165364,sol,8485.81,buy,1.01455644,27.59694268
1755687224526,doge,46.71,withdrawal,-288.20386815,789.31570808
1755692703671,twd,1.0,withdrawal,-23386,70868025
1755696219964,twd,1.0,withdrawal,-23363,70844662
1755696345573,twd,1.0,deposit,107657,70952319
1755700730610,usdt,32.7,withdrawal,-496.000000,14153.079436
1755706075975,twd,1.0,deposit,40673,70992992
1755706695250,usdt,32.7,sell,-3184.456690,10968.622746
1755709670022,btc,3535513.64,deposit,0.01514014,0.06498801
1755711654460,usdc,31.79,deposit,1271.000000,12047.407417
1755717282875,btc,3535940.33,sell,-0.03699020,0.02799781
1755736040223,usdc,31.79,deposit,969.000000,13016.407417
1755746743772,eth,131746.74,sell,-0.42168586,0.54522943
1755747769716,eth,131742.54,deposit,0.49196250,1.03719193
1755748234833,usdt,32.7,deposit,2787.000000,13755.622746
1755758042023,doge,46.69,buy,654.72783816,1444.04354624
1755759993183,doge,46.73,withdrawal,-209.36787213,1234.67567411
1755760813021,doge,46.76,buy,826.75095588,2061.42662999
1755764940244,twd,1.0,deposit,105783,71320013
1755778694866,usdc,31.79,deposit,1319.000000,14335.407417
1755787146244,doge,46.76,deposit,1247.86513378,3309.29176377
1755789495329,doge,46.74,sell,-151.04513083,3158.24663294
1755790919997,twd,1.0,withdrawal,-22729,71304344
1755793383509,sol,8447.5,sell,-6.85948171,20.73746097
1755798802637,usdt,32.7,withdrawal,-485.000000,13270.622746
1755801644266,doge,46.69,deposit,851.51760261,4009.76423555
1755801745054,twd,1.0,deposit,87901,71450191
1755812017947,usdc,31.77,buy,458.995723,14794.403140
1755812935881,usdt,32.7,buy,858.403461,14129.026207
1755813646675,usdc,31.76,withdrawal,-428.000000,14366.403140
1755814004320,eth,131826.79,withdrawal,-0.11875649,0.91843544
1755816722155,doge,46.7,sell,-298.98833681,3710.77589874
1755818367411,btc,3540383.7,deposit,0.03313121,0.06112902
1755821437660,sol,8446.2,deposit,3.66585006,24.40331103
1755821849292,sol,8449.82,withdrawal,-7.73516175,16.66814928
1755823131054,sol,8450.04,deposit,2.44465717,19.11280645
1755829243298,doge,46.7,buy,992.83271682,4703.60861556
1755831575327,eth,131911.36,buy,0.26013933,1.17857477
1755833073413,doge,46.72,deposit,1791.27640355,6494.88501911
1755833901241,sol,8452.44,deposit,5.56288037,24.67568682
1755840941977,btc,3542659.31,buy,0.00200807,0.06313709
1755841660742,sol,8451.67,sell,-8.00999374,16.66569308
1755842190482,usdt,32.69,sell,-5517.368515,8611.657692
1755844100831,eth,131845.6,sell,-0.35245822,0.82611655
1755865131106,sol,8459.08,withdrawal,-2.30651076,14.35918232
1755868671753,btc,3541017.57,sell,-0.00167097,0.06146612
1755869484658,eth,131788.38,buy,0.35611270,1.18222925
1755871860000,btc,3541388.18,deposit,0.04641864,0.10788476
1755871983669,twd,1.0,deposit,141771,71728992
1755872904622,eth,131722.82,sell,-0.49139543,0.69083382
1755874408554,eth,131698.92,buy,0.23709253,0.92792635
1755875028870,usdt,32.7,sell,-2515.983258,6095.674434
1755875301849,btc,3540302.48,sell,-0.01863510,0.08924966
1755876328860,twd,1.0,deposit,58657,71969395
1755886559771,doge,46.89,sell,-460.70171223,6034.18330688
1755887650087,doge,46.9,withdrawal,-538.29637416,5495.88693272
1755891416121,doge,46.89,buy,437.69463654,5933.58156926
1755893104241,eth,131691.21,withdrawal,-0.08656910,0.84135725
1755902794158,sol,8463.32,sell,-5.22282354,9.13635878
1755906032387,usdt,32.69,buy,158.064989,6253.739423
1755910227469,eth,131669.86,deposit,1.41666301,2.25802026
1755911133952,usdt,32.71,withdrawal,-482.000000,5771.739423
1755915325000,eth,131785.46,buy,0.26402447,2.52204473
1755919427612,eth,131842.71,withdrawal,-0.33703035,2.18501438
1755926418295,usdc,31.76,deposit,1802.000000,16168.403140
1755930938107,eth,131905.3,sell,-0.52910161,1.65591277
1755935961867,doge,46.99,deposit,1522.51870002,7456.10026928
1755938020259,btc,3538706.23,buy,0.00918090,0.09843056
1755940128312,sol,8469.36,deposit,6.97200650,16.10836528
1755946248155,usdt,32.7,withdrawal,-463.000000,5308.739423
1755946824249,twd,1.0,withdrawal,-21265,71990749
1755947620718,twd,1.0,withdrawal,-22993,71967756
1755948688821,btc,3540310.04,withdrawal,-0.00742640,0.09100416
1755951199209,usdc,31.74,buy,1260.991194,17429.394334
1755954978070,doge,46.98,buy,66.79531902,7522.89558830
1755958089580,sol,8472.51,buy,1.07204920,17.18041448
1755960872549,sol,8470.51,buy,1.63444943,18.81486391
1755961318965,usdc,31.75,sell,-9746.350076,7683.044258
1755962439848,twd,1.0,deposit,27006,72238087
1755963581071,doge,46.94,sell,-1433.69506274,6089.20052556
1755963667488,usdc,31.75,deposit,1384.000000,9067.044258
1755963849337,btc,3538107.64,sell,-0.04986464,0.04113952
1755966116848,eth,131542.23,sell,-0.01989652,1.63601625
1755967356429,btc,3537891.81,withdrawal,-0.01110579,0.03003373
1755967618992,btc,3538835.38,withdrawal,-0.00725499,0.02277874
1755968427504,twd,1.0,deposit,77688,72562121
1755971298935,sol,8489.5,buy,0.80582700,19.62069091
1755990752331,btc,3539597.72,buy,0.01179676,0.03457550
1755991426009,doge,46.94,buy,653.18489462,6742.38542018
1755991699640,eth,131344.95,buy,0.28967188,1.92568813
1755998420320,usdt,32.69,buy,1436.466853,6745.206276
1756005233107,twd,1.0,withdrawal,-24798,72373059
1756008025767,usdc,31.74,withdrawal,-307.000000,8760.044258
1756012772396,twd,1.0,withdrawal,-26490,72346569
1756014146797,eth,131296.39,withdrawal,-0.37288251,1.55280562
1756016473555,usdc,31.74,buy,215.687205,8975.731463
1756016798375,sol,8505.5,sell,-1.39820520,18.22248571
1756017968231,doge,47.05,sell,-2404.80190167,4337.58351851
1756019361009,usdc,31.74,withdrawal,-394.000000,8581.731463
1756022165845,btc,3535552.1,withdrawal,-0.00267976,0.03189574
1756023524991,usdt,32.68,buy,1369.144145,8114.350421
1756023543494,btc,3536050.4,withdrawal,-0.00316422,0.02873152
1756024400848,twd,1.0,deposit,117652,72537667
1756025333917,eth,131217.43,withdrawal,-0.38960844,1.16319718
1756026088079,usdc,31.74,sell,-4990.615429,3591.116034
1756026125438,eth,131172.49,deposit,0.73707564,1.90027282
1756027351349,usdc,31.73,deposit,2470.000000,6061.116034
1756031748605,btc,3539094.43,buy,0.01291773,0.04164925
1756032157605,doge,47.23,buy,423.47607319,4761.05959170
1756033760683,btc,3538362.95,buy,0.00309664,0.04474589
1756039226821,eth,131183.16,sell,-0.70996719,1.19030563
1756041466536,btc,3538892.93,withdrawal,-0.00475537,0.03999052
1756041779254,twd,1.0,deposit,122523,72835070
1756042174363,doge,47.17,deposit,242.68427337,5003.74386507
1756044082658,usdc,31.73,withdrawal,-428.000000,5633.116034
1756045083732,eth,131145.56,deposit,0.87650434,2.06680997
1756048188406,doge,47.26,deposit,1534.89118698,6538.63505205
1756051585092,eth,131112.68,sell,-0.25218468,1.81462529
1756052877346,sol,8496.36,sell,-7.05468143,11.16780428
1756055119234,eth,131085.18,withdrawal,-0.34998978,1.46463551
1756057382923,eth,131098.44,withdrawal,-0.17561513,1.28902038
1756057954515,usdc,31.75,sell,-1289.339515,4343.776519
1756060619463,sol,8503.84,deposit,13.13075016,24.29855444
1756064461317,doge,47.29,buy,377.07198858,6915.70704063
1756067515970,doge,47.29,withdrawal,-412.26657724,6503.44046339
1756068980970,usdc,31.74,sell,-93.306290,4250.470229
1756072806714,btc,3539794.86,buy,0.00291178,0.04290230
1756086331959,btc,3538312.3,sell,-0.00458857,0.03831373
1756087353476,doge,47.25,deposit,1927.97287869,8431.41334208
1756088087726,btc,3536551.68,withdrawal,-0.00606494,0.03224879
1756091854056,btc,3536361.05,buy,0.01407908,0.04632787
1756096696055,twd,1.0,deposit,124775,73035050
1756100123683,sol,8516.4,withdrawal,-0.67043416,23.62812028
1756100575608,btc,3534670.29,withdrawal,-0.00733252,0.03899535
1756103923134,eth,130932.61,withdrawal,-0.28096120,1.00805918
1756107230899,twd,1.0,withdrawal,-17407,73017643
1756113600533,usdc,31.76,deposit,2021.000000,6271.470229
1756114097141,doge,47.52,sell,-5039.93834952,3391.47499256
1756123788711,doge,47.56,buy,301.27470853,3692.74970109
1756133514292,doge,47.56,buy,217.90689536,3910.65659645
1756137498686,eth,130940.34,deposit,0.67936387,1.68742305
1756141688700,usdt,32.72,withdrawal,-462.000000,7652.350421
1756142775977,twd,1.0,withdrawal,-5565,73226884
1756143301008,btc,3534151.43,buy,0.01305871,0.05205406
1756146043722,sol,8514.95,buy,4.36955437,27.99767465
1756146380549,eth,130860.67,withdrawal,-0.65719965,1.03022340
1756147251934,sol,8511.19,deposit,13.54721053,41.54488518
1756158916607,sol,8507.83,deposit,11.88816558,53.43305076
1756159095498,eth,130943.3,sell,-0.59886086,0.43136254
1756165341288,sol,8506.73,sell,-1.20945046,52.22360030
1756168974576,sol,8509.15,sell,-17.69340509,34.53019521
1756172497050,usdt,32.73,buy,923.173806,8575.524227
1756176411969,eth,130968.61,deposit,0.15098566,0.58234820
1756176431591,usdc,31.75,sell,-2850.513568,3420.956661
1756179950702,doge,47.51,withdrawal,-1222.03314608,2688.62345037
1756180137763,usdt,32.72,buy,506.138794,9081.663021
1756180732051,usdt,32.73,sell,-597.101509,8484.561512
1756182023315,doge,47.55,withdrawal,-521.42765973,2167.19579064
1756190522871,doge,47.51,sell,-647.17947725,1520.01631339
1756192277932,btc,3533496.68,withdrawal,-0.00849548,0.04355858
1756195295149,doge,47.59,sell,-456.82145441,1063.19485898
1756197645464,btc,3536061.61,buy,0.01120083,0.05475941
1756197999738,usdt,32.75,deposit,761.000000,9245.561512
1756199493002,usdt,32.76,sell,-3278.997296,5966.564216
1756208854842,doge,47.56,buy,654.35550033,1717.55035931
1756214864768,sol,8501.32,buy,2.19191933,36.72211454
1756215427683,doge,47.55,buy,521.69328433,2239.24364364
1756218345282,doge,47.61,deposit,1531.49650986,3770.74015350
1756225416786,usdc,31.75,withdrawal,-157.000000,3263.956661
1756230558418,btc,3534942.58,sell,-0.03182922,0.02293019
1756238614771,sol,8499.54,withdrawal,-4.83423642,31.88787812
1756239334602,usdc,31.74,withdrawal,-394.000000,2869.956661
1756243745645,usdt,32.76,sell,-3151.379705,2815.184511
1756247026995,usdc,31.73,buy,1364.889049,4234.845710
1756249179887,eth,131013.73,withdrawal,-0.18039196,0.40195624
1756251875015,usdt,32.76,withdrawal,-395.000000,2420.184511
1756255776764,eth,130964.23,buy,0.09693972,0.49889596
1756257380231,btc,3537856.21,buy,0.00322423,0.02615442
1756259918745,usdt,32.76,buy,585.002065,3005.186576
1756262596275,sol,8495.7,deposit,6.45377066,38.34164878
1756266641233,btc,3536896.97,sell,-0.01339529,0.01275913
1756272596314,btc,3537065.89,sell,-0.00702738,0.00573175
1756276980000,eth,131040.53,buy,0.25108438,0.74998034
1756279680000,eth,131075.32,withdrawal,-0.15450781,0.59547253
1756279740000,usdt,32.74,buy,1126.366371,4131.552947
1756280640000,btc,3539478.84,withdrawal,-0.00149864,0.00423311
1756281780000,usdc,31.72,withdrawal,-75.000000,4159.845710
1756283708197,doge,47.7,buy,219.68730254,3990.42745604
1756283820000,usdc,31.72,deposit,2935.000000,7094.845710
1756286156946,eth,131029.86,buy,0.09066911,0.68614164
1756286837154,sol,8507.54,sell,-11.68923163,26.65241715
1756287060599,eth,131017.13,withdrawal,-0.22892846,0.45721318
1756293611722,usdc,31.71,sell,-2390.761774,4704.083936
1756293715546,eth,131073.22,deposit,0.28359103,0.74080421
1756294532409,doge,47.75,deposit,1585.23454378,5575.66199982
1756297989536,doge,47.7,sell,-146.44315724,5429.21884258
1756300122072,doge,47.73,sell,-2744.99247336,2684.22636922
1756318262068,doge,47.76,buy,179.15577878,2863.38214800
1756320413434,eth,131083.18,sell,-0.18001524,0.56078897
1756321310341,sol,8509.19,withdrawal,-5.71503952,20.93737763
1756322380198,btc,3541259.16,withdrawal,-0.00156844,0.00266467
1756324500322,usdt,32.78,buy,106.854761,4238.407708
1756327503938,usdc,31.71,withdrawal,-408.000000,4296.083936
1756329761783,btc,3541886.58,deposit,0.02492345,0.02758812
1756333725816,btc,3542567.95,withdrawal,-0.00834807,0.01924005
1756335442652,btc,3541878.3,sell,-0.01143378,0.00780627
1756338632434,btc,3543012.37,buy,0.01073689,0.01854316
1756345979538,usdc,31.7,sell,-2053.578546,2242.505390
1756349400405,sol,8508.28,withdrawal,-5.78499367,15.15238396
1756353096642,btc,3542036.45,deposit,0.02702073,0.04556389
1756353350094,sol,8511.75,sell,-5.32089823,9.83148573
1756353763625,sol,8510.26,withdrawal,-2.74600093,7.08548480
1756354600046,usdc,31.68,withdrawal,-301.000000,1941.505390
1756359264022,twd,1.0,deposit,82252,74120990
1756359272418,sol,8505.33,withdrawal,-2.35124015,4.73424465
1756359366165,sol,8506.37,sell,-0.32246295,4.41178170
1756360578090,sol,8505.69,withdrawal,-0.93162631,3.48015539
1756369473913,doge,47.78,buy,969.61600339,3832.99815139
1756374838314,usdt,32.75,sell,-1062.753827,3175.653881
1756375065099,eth,131350.69,sell,-0.13790316,0.42288581
1756376724873,eth,131412.53,withdrawal,-0.07217601,0.35070980
1756379603624,usdt,32.75,deposit,1335.000000,4510.653881
1756383138968,usdt,32.75,buy,661.553467,5172.207348
1756386705439,eth,131459.06,buy,0.27646269,0.62717249
1756386873442,eth,131515.07,sell,-0.27434458,0.35282791
1756387327452,twd,1.0,withdrawal,-11850,74096544
1756388580628,usdc,31.67,deposit,1266.000000,3207.505390
1756389596305,doge,47.7,sell,-127.07956588,3705.91858551
1756393181934,twd,1.0,deposit,127224,74229830
1756394345009,eth,131550.33,deposit,0.79536002,1.14818793
1756395989865,twd,1.0,deposit,131660,74361490
1756397591127,doge,47.71,sell,-1014.09446621,2691.82411930
1756402236545,doge,47.68,buy,752.84716661,3444.67128591
1756405439231,usdc,31.63,deposit,2609.000000,5816.505390
1756405522013,usdc,31.63,deposit,2406.000000,8222.505390
1756406305909,eth,131717.28,buy,0.21952660,1.36771453
1756408967798,usdc,31.64,sell,-147.985261,8074.520129
1756410377458,btc,3543878.65,deposit,0.02922324,0.07478713
1756412553705,usdt,32.76,withdrawal,-221.000000,4951.207348
1756416339898,usdt,32.76,deposit,2229.000000,7180.207348
1756420801962,doge,47.8,sell,-1931.67030619,1513.00097972
1756421387895,usdc,31.62,sell,-2888.374947,5186.145182
1756424899762,usdc,31.62,deposit,1412.000000,6598.145182
1756425605932,usdc,31.62,sell,-1590.771165,5007.374017
1756425619594,doge,47.74,deposit,1405.11043286,2918.11141258
1756433444594,usdt,32.78,buy,558.001247,7738.208595
1756436601917,eth,131771.74,sell,-0.67435596,0.69335857
1756437559685,twd,1.0,withdrawal,-28366,74625905
1756437638255,usdt,32.78,buy,139.021145,7877.229740
1756441460901,doge,47.7,withdrawal,-367.13640544,2550.97500714
1756443907670,sol,8503.89,deposit,5.01301672,8.49317211
1756448241603,usdc,31.61,deposit,2986.000000,7993.374017
1756448936113,usdc,31.62,withdrawal,-494.000000,7499.374017
1756455095084,sol,8517.28,buy,2.09518326,10.58835537
1756463429151,btc,3544933.33,sell,-0.00533574,0.06945139
1756470423015,twd,1.0,withdrawal,-18747,74603671
1756472629384,twd,1.0,deposit,65107,74668778
1756475902203,eth,131679.73,sell,-0.01629501,0.67706356
1756481470427,usdt,32.78,withdrawal,-110.000000,7767.229740
1756486067627,btc,3543017.74,sell,-0.01139300,0.05805839
1756492792924,usdt,32.78,withdrawal,-332.000000,7435.229740
1756498195807,usdc,31.62,buy,698.110888,8197.484905
1756500978967,twd,1.0,withdrawal,-28636,74660577
1756502968003,doge,47.78,sell,-42.26686129,2508.70814585
1756505360010,twd,1.0,withdrawal,-9959,74652637
1756506586404,eth,131646.67,deposit,0.51405586,1.19111942
1756506970741,sol,8503.01,withdrawal,-2.87991477,7.70844060
1756510957223,doge,47.83,sell,-569.89104030,1938.81710555
1756512624931,sol,8507.95,buy,0.18375906,7.89219966
1756515821553,eth,131666.41,withdrawal,-0.14881185,1.04230757
1756522541763,usdc,31.61,deposit,1261.000000,9458.484905
1756526239597,doge,47.82,buy,222.60428048,2161.42138603
1756526240256,twd,1.0,withdrawal,-24930,74642759
1756530699064,usdc,31.6,deposit,1398.000000,10856.484905
1756535489343,usdc,31.59,withdrawal,-420.000000,10436.484905
1756540719988,usdt,32.79,withdrawal,-224.000000,7211.229740
1756543049494,sol,8501.57,buy,4.71731065,12.60951031
1756543450233,sol,8506.11,withdrawal,-2.59592537,10.01358494
1756549731108,doge,47.82,buy,513.83607114,2675.25745717
1756568642478,eth,131585.17,withdrawal,-0.29289242,0.74941515
1756576125623,twd,1.0,deposit,35667,74613748
1756591302991,usdc,31.59,buy,1063.609325,11500.094230
1756597873094,doge,47.79,deposit,669.09606816,3344.35352533
1756601173832,doge,47.78,buy,567.93964138,3912.29316671
1756604798090,usdc,31.59,buy,1217.439847,12717.534077
1756604827754,usdt,32.77,buy,1195.125137,8406.354877
1756608094144,usdc,31.6,buy,882.475598,13600.009675
1756613111937,eth,131551.0,buy,0.03549949,0.78491464
1756618796556,btc,3547125.0,withdrawal,-0.01195102,0.04610737
1756620468031,twd,1.0,withdrawal,-7335,74435492
1756623586363,usdt,32.77,sell,-230.338364,8176.016513
1756625239291,btc,3546189.21,deposit,0.03852857,0.08463594
1756631659044,eth,131590.07,sell,-0.21964086,0.56527378
1756632717985,usdc,31.64,deposit,2649.000000,16249.009675
1756635536528,sol,8524.26,deposit,9.55311286,19.56669780
1756639811236,usdc,31.66,deposit,2037.000000,18286.009675
1756640695203,sol,8531.43,deposit,4.92189985,24.48859765
1756643143862,btc,3546655.58,sell,-0.04954932,0.03508662
1756645968555,twd,1.0,withdrawal,-14181,74633496
1756648201017,eth,131811.08,withdrawal,-0.05162066,0.51365312
1756649934566,doge,47.92,withdrawal,-1111.26435422,2801.02881249
1756654195203,usdc,31.67,buy,829.538573,19115.548248
1756662039240,eth,131674.0,withdrawal,-0.18234477,0.33130835
1756664248523,twd,1.0,withdrawal,-14193,74593035
1756666632689,doge,47.99,buy,413.17555480,3214.20436729
1756669805010,eth,131607.94,withdrawal,-0.03418324,0.29712511
1756673620171,btc,3543638.24,deposit,0.04418668,0.07927330
1756675848486,usdc,31.7,withdrawal,-471.000000,18644.548248
1756680737843,doge,48.06,deposit,2464.61418858,5678.81855587
1756682738691,doge,48.03,buy,684.50645357,6363.32500944
1756688340000,eth,131436.28,buy,0.05235209,0.34947720
1756689720000,sol,8510.49,buy,3.66264214,28.15123979
1756691640000,usdc,31.73,buy,1573.407994,20217.956242
1756694280000,usdt,32.79,sell,-4124.807440,4051.209073
1756695438433,sol,8503.06,withdrawal,-8.32815128,19.82308851
1756698891168,sol,8507.61,buy,3.45223141,23.27531992
1756703074192,usdt,32.81,buy,393.651761,4444.860834
1756704708166,eth,131618.42,sell,-0.10384916,0.24562804
1756709814237,doge,48.09,deposit,2470.15721740,8833.48222684
1756710289069,doge,48.12,buy,345.20175459,9178.68398143
1756721210132,sol,8503.22,withdrawal,-8.80186288,14.47345704
1756729657839,btc,3545061.53,sell,-0.00652739,0.07274591
1756729966953,sol,8503.41,deposit,6.28408833,20.75754537
1756732452822,usdt,32.84,buy,1013.691114,5458.551948
1756735981175,doge,48.13,buy,1037.42670254,10216.11068397
1756737055614,eth,131564.13,deposit,0.47787729,0.72350533
1756737256711,eth,131516.63,withdrawal,-0.09910349,0.62440184
1756741021515,doge,48.18,buy,355.26590078,10571.37658475
1756742400127,btc,3549590.24,deposit,0.02588162,0.09862753
1756742559028,twd,1.0,deposit,56747,74521953
1756746216407,usdc,31.69,deposit,1691.000000,21908.956242
1756751179665,btc,3551507.68,deposit,0.00592848,0.10455601
1756754679590,sol,8500.21,buy,4.52771345,25.28525882
1756759267701,usdc,31.67,withdrawal,-232.000000,21676.956242
1756760420369,usdc,31.68,withdrawal,-459.000000,21217.956242
1756761770846,usdc,31.68,buy,1548.406261,22766.362503
1756762302727,sol,8503.24,deposit,9.20865698,34.49391580
1756765567400,usdt,32.86,withdrawal,-130.000000,5328.551948
1756767406034,twd,1.0,deposit,62399,74496816
1756769621364,sol,8507.51,sell,-12.07312717,22.42078863
1756773931306,usdt,32.85,deposit,2237.000000,7565.551948
1756783775468,btc,3552433.62,buy,0.00041221,0.10496822
1756784020857,twd,1.0,deposit,60564,74658628
1756788190269,twd,1.0,deposit,26964,74685592
1756790144130,eth,131573.08,buy,0.17235952,0.79676136
1756790188459,doge,48.22,deposit,2460.70974295,13032.08632770
1756800286953,eth,131646.11,sell,-0.30591676,0.49084460
1756801399393,usdt,32.83,sell,-3499.446606,4066.105342
1756802038826,usdt,32.84,deposit,1257.000000,5323.105342
1756804151857,usdt,32.83,sell,-3014.231318,2308.874024
1756805444301,usdc,31.66,deposit,943.000000,23709.362503
1756807729339,eth,131682.82,withdrawal,-0.16425044,0.32659416
1756809085990,usdc,31.66,buy,385.225234,24094.587737
1756809309930,doge,48.29,sell,-2027.89174441,11004.19458329
1756811685059,usdc,31.66,sell,-11698.924484,12395.663253
1756813387922,usdc,31.67,withdrawal,-57.000000,12338.663253
1756813486679,usdc,31.68,deposit,2654.000000,14992.663253
1756813520919,eth,131592.98,withdrawal,-0.11025529,0.21633887
1756813677797,eth,131570.38,sell,-0.03919201,0.17714686
1756814571069,sol,8527.02,sell,-9.33200854,13.08878009
1756816773023,doge,48.23,withdrawal,-2372.51615146,8631.67843183
1756818384141,twd,1.0,withdrawal,-28907,75428999
1756823418662,doge,48.25,withdrawal,-916.04424449,7715.63418734
1756825809940,btc,3555691.03,withdrawal,-0.01382532,0.09114290
1756826931945,usdc,31.68,sell,-3140.901955,11851.761298
1756827232366,eth,131620.95,deposit,0.49081067,0.66795753
1756827686662,doge,48.32,sell,-4426.57265497,3289.06153237
1756827915559,twd,1.0,withdrawal,-23313,75719051
1756831181080,eth,131557.94,sell,-0.07259691,0.59536062
1756832872384,usdc,31.69,buy,188.949996,12040.711294
1756834269447,usdt,32.82,withdrawal,-442.000000,1866.874024
1756844419827,btc,3554151.1,withdrawal,-0.01723730,0.07390560
1756849403234,twd,1.0,withdrawal,-21430,75701184
1756856531154,eth,131532.73,withdrawal,-0.16485935,0.43050127
1756858991103,btc,3554801.14,buy,0.00738039,0.08128599
1756861916916,sol,8519.0,sell,-0.50435843,12.58442166
1756862556803,eth,131501.05,buy,0.21092592,0.64142719
1756863599611,twd,1.0,deposit,146381,75797889
1756876014623,usdc,31.67,withdrawal,-69.000000,11971.711294
1756884019222,btc,3552384.8,withdrawal,-0.00345656,0.07782943
1756885380188,usdc,31.66,sell,-5169.735233,6801.976061
1756885855118,sol,8532.58,buy,5.28940528,17.87382694
1756887873976,twd,1.0,deposit,61878,75978330
1756889758049,usdt,32.83,buy,332.450176,2199.324200
1756891874212,usdc,31.67,deposit,2956.000000,9757.976061
1756894018788,eth,131339.19,deposit,0.96827471,1.60970190
1756894635160,eth,131391.92,buy,0.01808327,1.62778517
1756897292206,doge,48.45,buy,455.46962054,3744.53115291
1756902959722,twd,1.0,withdrawal,-16263,75926709
1756905030395,usdc,31.69,buy,314.403441,10072.379502
1756906876987,sol,8542.13,buy,0.69366171,18.56748865
1756912645418,btc,3549274.31,withdrawal,-0.02867628,0.04915315
1756912840802,doge,48.57,withdrawal,-1169.01008918,2575.52106373
1756913732835,sol,8544.21,buy,4.71724968,23.28473833
1756915001492,twd,1.0,deposit,93634,75964151
1756921625401,btc,3550187.58,sell,-0.01924093,0.02991222
1756933260000,btc,3550079.89,buy,0.00934898,0.03926120
1756933733081,usdc,31.68,withdrawal,-160.000000,9912.379502
1756934912889,eth,131159.01,withdrawal,-0.50547069,1.12231448
1756935960000,doge,48.61,buy,473.26121622,3048.78227995
1756936394272,btc,3553070.44,sell,-0.01312443,0.02613677
1756937820000,doge,48.58,deposit,849.21516648,3897.99744643
1756938573891,usdc,31.7,withdrawal,-387.000000,9525.379502
1756938780000,usdc,31.7,deposit,2949.000000,12474.379502
1756943523852,btc,3552281.95,withdrawal,-0.00538811,0.02074866
1756947641905,usdc,31.69,buy,1372.340121,13846.719623
1756948354198,doge,48.7,withdrawal,-178.34684501,3719.65060142
1756954851252,eth,131177.5,buy,0.16841261,1.29072709
1756958308411,twd,1.0,withdrawal,-23841,75933473
1756961825265,btc,3553097.31,deposit,0.04159756,0.06234622
1756967441896,eth,131181.18,buy,0.05457114,1.34529823
1756970165752,sol,8566.18,withdrawal,-9.01620858,14.26852975
1756973048721,sol,8571.17,buy,5.76201852,20.03054827
1756973239443,btc,3551970.17,buy,0.00995594,0.07230216
1756978427491,sol,8575.82,sell,-1.30045443,18.73009384
1756983637965,usdc,31.7,withdrawal,-310.000000,13536.719623
1756984209487,usdt,32.84,sell,-1088.939022,1110.385178
1756985158996,usdc,31.71,deposit,1209.000000,14745.719623
1756985193160,doge,48.83,deposit,1132.11498046,4851.76558188
1756985708871,sol,8567.68,deposit,13.14395878,31.87405262
1756988593667,doge,48.76,withdrawal,-1576.47070798,3275.29487390
1756989215751,usdc,31.7,buy,653.679959,15399.399582
1756992129236,usdt,32.86,deposit,2858.000000,3968.385178
1756997451160,sol,8569.53,withdrawal,-3.14739777,28.72665485
1757008320456,usdc,31.72,buy,224.663260,15624.062842
1757009720845,sol,8575.0,buy,1.12464635,29.85130120
1757010676904,btc,3555149.26,sell,-0.00289855,0.06940361
1757012206194,doge,48.6,deposit,641.00621742,3916.30109132
1757014983376,doge,48.59,buy,447.07822602,4363.37931734
1757020216741,usdt,32.86,deposit,1609.000000,5577.385178
1757021906232,twd,1.0,deposit,67153,75906722
1757024672611,twd,1.0,withdrawal,-28727,75877995
1757028644715,btc,3556046.1,sell,-0.03011021,0.03929340
1757030951745,doge,48.59,deposit,1630.94410754,5994.32342488
1757030984353,sol,8568.95,deposit,8.87326494,38.72456614
1757035873981,btc,3558164.23,withdrawal,-0.01277555,0.02651785
1757035885687,btc,3558249.1,buy,0.00442353,0.03094138
1757038875594,eth,130932.36,deposit,0.91945804,2.26475627
1757055336785,usdt,32.87,withdrawal,-479.000000,5098.385178
1757057732302,btc,3558552.3,sell,-0.00965328,0.02128810
1757059001133,sol,8570.9,sell,-9.40361340,29.32095274
1757062693953,eth,130876.26,sell,-0.51343390,1.75132237
1757064218911,usdc,31.68,withdrawal,-355.000000,15269.062842
1757068007079,btc,3559831.24,buy,0.00219467,0.02348277
1757069555420,btc,3559176.7,buy,0.00650565,0.02998842
1757070704533,usdt,32.88,withdrawal,-326.000000,4772.385178
1757076175825,eth,130793.51,buy,0.27041856,2.02174093
1757076618213,sol,8580.69,deposit,4.65152594,33.97247868
1757082944002,eth,130821.21,sell,-0.39594309,1.62579784
1757083091859,usdt,32.87,buy,763.427064,5535.812242
1757083717876,usdc,31.66,sell,-4443.566590,10825.496252
1757084201957,doge,48.65,deposit,1452.93300516,7447.25643004
1757084268397,doge,48.64,sell,-4325.78853764,3121.46789240
1757087747640,doge,48.69,withdrawal,-128.64248246,2992.82540994
1757091876505,sol,8587.1,deposit,9.02087925,42.99335793
1757092015338,eth,130813.33,sell,-0.80689930,0.81889854
1757093787799,btc,3566878.04,buy,0.00167206,0.03166048
1757094706372,eth,130832.53,sell,-0.32464046,0.49425808
1757095921154,sol,8584.78,sell,-8.69722043,34.29613750
1757096233146,usdc,31.65,deposit,2994.000000,13819.496252
1757102244710,usdc,31.65,deposit,2728.000000,16547.496252
1757122611808,twd,1.0,withdrawal,-16264,76663380
1757127119868,usdc,31.64,deposit,2281.000000,18828.496252
1757130955140,eth,130985.33,sell,-0.20332952,0.29092856
1757134487116,btc,3572120.71,deposit,0.04700486,0.07866534
1757134491360,btc,3572223.49,sell,-0.02598228,0.05268306
1757137741252,btc,3572962.25,sell,-0.01468844,0.03799462
1757141056364,eth,130867.27,buy,0.24302516,0.53395372
1757143703652,doge,48.66,sell,-449.90309456,2542.92231538
1757144490718,eth,130943.68,sell,-0.03192361,0.50203011
1757151608402,btc,3571667.43,sell,-0.01771795,0.02027667
1757153663163,btc,3572302.1,sell,-0.00351592,0.01676075
1757155453416,doge,48.7,buy,140.69956118,2683.62187656
1757166146944,twd,1.0,deposit,61269,76959836
1757166351515,usdc,31.66,buy,1015.245813,19843.742065
1757170842804,btc,3570740.02,buy,0.00350908,0.02026983
1757172002441,doge,48.78,deposit,1102.54154528,3786.16342184
1757177455199,eth,130971.33,sell,-0.17594643,0.32608368
1757184313476,eth,130954.07,sell,-0.01093595,0.31514773
1757185825588,eth,131007.27,deposit,0.43999155,0.75513928
1757188112679,btc,3570329.7,buy,0.00382160,0.02409143
1757189323754,btc,3569070.08,buy,0.00742596,0.03151739
1757191479900,usdc,31.67,withdrawal,-350.000000,19493.742065
1757200937948,usdt,32.91,withdrawal,-267.000000,5268.812242
1757206731168,eth,131131.94,deposit,1.34813034,2.10326962
1757209904584,btc,3571258.14,withdrawal,-0.00170430,0.02981309
1757211484571,usdc,31.68,deposit,2507.000000,22000.742065
1757214338962,twd,1.0,withdrawal,-13408,76886082
1757216716198,doge,48.71,buy,896.31570669,4682.47912853
1757217960791,sol,8610.1,deposit,3.40509780,37.70123530
1757218816691,eth,131047.76,buy,0.05679398,2.16006360
1757222550299,usdc,31.68,buy,355.972151,22356.714216
1757223600299,usdc,31.69,withdrawal,-352.000000,22004.714216
1757227076129,sol,8612.83,buy,2.37947103,40.08070633
1757230869049,usdt,32.9,buy,1429.890665,6698.702907
1757242350562,eth,131185.75,deposit,0.72166700,2.88173060
1757245632932,doge,48.66,buy,251.05756077,4933.53668930
1757249282181,sol,8622.16,sell,-23.39463443,16.68607190
1757252196062,eth,131245.78,sell,-0.80229594,2.07943466
1757256511955,usdt,32.89,buy,970.496478,7669.199385
1757257200000,doge,48.71,sell,-1743.95341012,3189.58327918
1757258640000,doge,48.7,deposit,1754.42478806,4944.00806724
1757258841313,eth,131195.35,sell,-0.89179321,1.18764145
1757259382454,usdc,31.68,buy,635.825072,22640.539288
1757278795262,btc,3569856.52,withdrawal,-0.00241301,0.02740008
1757281936965,usdc,31.69,sell,-12962.425003,9678.114285
1757284466193,eth,131245.08,buy,0.22308736,1.41072881
1757284738711,twd,1.0,deposit,48144,77630527
1757284899528,sol,8645.11,deposit,7.99328003,24.67935193
1757285558923,usdc,31.71,sell,-394.448432,9283.665853
1757288555528,btc,3570801.92,withdrawal,-0.00343975,0.02396033
1757293850251,eth,131230.74,sell,-0.82498027,0.58574854
1757294634106,sol,8644.9,buy,1.04568425,25.72503618
1757300494209,usdt,32.87,buy,1337.381817,9006.581202
1757300991828,eth,131297.89,withdrawal,-0.16762310,0.41812544
1757301419699,btc,3569592.51,buy,0.00552941,0.02948974
1757302173637,btc,3569884.34,deposit,0.02605095,0.05554069
1757304668464,usdt,32.86,deposit,2386.000000,11392.581202
1757311412835,sol,8653.05,sell,-11.66117458,14.06386160
1757314015453,eth,131397.15,deposit,1.49341017,1.91153561
1757314358088,doge,48.53,deposit,304.91133562,5248.91940286
1757316295177,doge,48.54,buy,819.42420485,6068.34360771
1757321293613,btc,3569354.18,withdrawal,-0.00913076,0.04640993
1757322397839,usdc,31.72,buy,819.957863,10103.623716
1757332991508,btc,3567068.09,sell,-0.00624347,0.04016646
1757333190065,doge,48.49,withdrawal,-581.11445286,5487.22915485
1757335458086,btc,3565794.02,withdrawal,-0.01300630,0.02716016
1757335873602,twd,1.0,deposit,135182,77871138
1757338430289,btc,3563612.05,withdrawal,-0.00147230,0.02568786
1757340775819,usdt,32.89,buy,1179.042135,12571.623337
1757357302057,doge,48.53,withdrawal,-2064.03081273,3423.19834212
1757361641354,usdt,32.88,withdrawal,-327.000000,12244.623337
1757361913463,doge,48.6,withdrawal,-646.18146084,2777.01688128
1757362464209,eth,131443.42,deposit,0.91323780,2.82477341
1757365416695,usdc,31.73,withdrawal,-56.000000,10047.623716
1757368148479,eth,131355.37,deposit,1.08348918,3.90826259
1757376161981,doge,48.59,deposit,1613.50060891,4390.51749019
1757381922581,btc,3567158.09,buy,0.00721588,0.03290374
1757383821921,btc,3566988.27,buy,0.00488551,0.03778925
1757388541571,usdt,32.86,sell,-1706.529064,10538.094273
1757388655542,sol,8673.48,buy,2.35189467,16.41575627
1757389474360,usdc,31.73,deposit,959.000000,11006.623716
1757392440000,eth,131483.65,deposit,0.52733274,4.43559533
1757393460000,usdt,32.88,buy,1003.843514,11541.937787
1757395829581,usdt,32.88,withdrawal,-387.000000,11154.937787
1757396100000,sol,8683.3,deposit,6.04060890,22.45636517
1757398740000,doge,48.71,withdrawal,-459.02886404,3931.48862615
1757399100000,sol,8679.37,buy,0.88677046,23.34313563
1757399700000,sol,8684.78,deposit,13.47416885,36.81730448
1757399903854,twd,1.0,withdrawal,-29028,77755139
1757401560000,btc,3565006.8,sell,-0.01630526,0.02148399
1757402039302,twd,1.0,deposit,53906,77867173
1757402340000,eth,131398.21,buy,0.18706677,4.62266210
1757404680000,twd,1.0,withdrawal,-16882,77825711
1757406840000,usdt,32.87,sell,-3272.062591,7882.875196
1757407020000,sol,8689.74,deposit,8.50764501,45.32494949
1757409000000,sol,8688.54,deposit,7.43768694,52.76263643
1757411580000,usdc,31.76,withdrawal,-156.000000,10850.623716
1757412082369,usdc,31.75,buy,582.913585,11433.537301
1757412369459,doge,48.93,withdrawal,-350.03519255,3581.45343360
1757413260000,eth,131395.62,buy,0.22010711,4.84276921
1757415180000,btc,3567994.87,sell,-0.00334640,0.01813759
1757415262498,eth,131410.26,withdrawal,-0.19880425,4.64396496
1757416560000,usdt,32.84,deposit,1412.000000,9294.875196
1757417022449,sol,8704.39,buy,1.04759803,53.81023446
1757417280000,sol,8701.54,sell,-23.36725753,30.44297693
1757417897343,usdc,31.76,buy,1144.746002,12578.283303
1757418840000,usdt,32.84,deposit,2005.000000,11299.875196
1757421180000,sol,8698.62,withdrawal,-5.89483458,24.54814235
1757421765247,eth,131330.16,deposit,1.04845192,5.69241688
1757421900000,usdt,32.85,buy,305.311477,11605.186673
1757422140036,btc,3568494.53,withdrawal,-0.00296068,0.01517691
1757422412674,sol,8692.7,sell,-8.11240779,16.43573456
1757424240000,sol,8688.82,withdrawal,-6.39359943,10.04213513
1757426040000,usdt,32.85,withdrawal,-113.000000,11492.186673
1757427120000,sol,8688.84,buy,5.72290143,15.76503656
1757427167169,doge,49.04,deposit,1869.59443612,5451.04786972
1757428080000,usdc,31.76,deposit,2440.000000,15018.283303
1757428561870,eth,131400.55,buy,0.09479758,5.78721446
1757431944088,usdc,31.75,buy,1140.533555,16158.816858
1757435344569,usdc,31.76,deposit,678.000000,16836.816858
1757435879087,usdc,31.76,sell,-6428.848151,10407.968707
1757446597988,twd,1.0,deposit,71968,78293840
1757451285956,twd,1.0,deposit,132643,78426483
1757452199892,doge,49.1,sell,-3254.68475106,2196.36311866
1757460996491,eth,131734.1,buy,0.19195322,5.97916768
1757463094850,usdt,32.88,deposit,1512.000000,13004.186673
1757463927325,btc,3566422.98,deposit,0.02604453,0.04122144
1757474177027,usdt,32.87,deposit,1685.000000,14689.186673
1757478853504,doge,48.99,withdrawal,-673.63218236,1522.73093630
1757479189876,btc,3569470.02,sell,-0.00165142,0.03957002
1757481397124,twd,1.0,deposit,34887,78601784
1757483125287,usdt,32.89,sell,-8471.264041,6217.922632
1757483241065,sol,8697.97,withdrawal,-5.42844784,10.33658872
1757484149995,twd,1.0,deposit,64304,78944677
1757484591286,sol,8706.38,sell,-3.37211187,6.96447685
1757485928417,eth,131740.42,withdrawal,-1.60914737,4.37002031
1757491129907,usdc,31.8,sell,-4198.296621,6209.672086
1757492772178,eth,131653.59,deposit,0.99515441,5.36517472
1757496665749,btc,3572588.87,deposit,0.03148216,0.07105218
1757497925291,eth,131669.53,sell,-0.35576402,5.00941070
1757501185472,eth,131676.06,deposit,0.93013957,5.93955027
1757503127655,btc,3572185.78,sell,-0.02361066,0.04744152
1757504943387,usdt,32.89,withdrawal,-109.000000,6108.922632
1757512294368,doge,48.98,buy,640.81782262,2163.54875892
1757518204486,twd,1.0,deposit,59560,79266877
1757520820499,sol,8712.55,withdrawal,-0.85376055,6.11071630
1757524273444,twd,1.0,withdrawal,-22335,79244542
1757525635503,usdt,32.89,withdrawal,-173.000000,5935.922632
1757528041089,eth,131561.32,withdrawal,-2.09419926,3.84535101
1757531653548,sol,8712.27,sell,-2.35790569,3.75281061
1757536162805,sol,8717.02,deposit,2.07367971,5.82649032
1757539575316,btc,3570200.51,deposit,0.02807406,0.07551558
1757539783045,usdt,32.87,sell,-2998.233301,2937.689331
1757541884108,eth,131494.59,deposit,0.97582881,4.82117982
1757543626098,doge,49.07,sell,-880.21362668,1283.33513224
1757551929581,doge,49.09,sell,-484.58789617,798.74723607
1757552012399,btc,3569713.3,withdrawal,-0.01738310,0.05813248
1757554997714,usdc,31.84,sell,-1775.497530,4434.174556
1757557975398,sol,8713.75,sell,-3.45881612,2.36767420
1757559386173,doge,49.13,sell,-240.95999393,557.78724214
1757564998180,usdc,31.83,buy,1256.728413,5690.902969
1757566796681,btc,3572216.51,sell,-0.02235262,0.03577986
1757568987106,eth,131383.69,deposit,1.12502746,5.94620728
1757572606974,twd,1.0,deposit,74551,79643522
1757577640206,sol,8734.12,withdrawal,-0.63311189,1.73456231
1757580865111,usdc,31.85,withdrawal,-189.000000,5501.902969
1757585918960,sol,8735.79,deposit,7.40225270,9.13681501
1757587815681,eth,131333.48,withdrawal,-1.55529480,4.39091248
1757593390573,usdc,31.84,deposit,2907.000000,8408.902969
1757593671401,eth,131429.36,sell,-1.98016783,2.41074465
1757599770831,eth,131481.86,buy,0.11083450,2.52157915
1757601539933,btc,3577554.45,deposit,0.04745117,0.08323103
1757602343511,usdt,32.83,deposit,1237.000000,4174.689331
1757602628416,twd,1.0,deposit,122760,80011961
1757603228075,doge,49.31,deposit,2001.48019663,2559.26743877
1757603931484,sol,8736.28,deposit,6.57069813,15.70751314
1757605013130,usdt,32.83,buy,484.345328,4659.034659
1757606749515,eth,131567.78,withdrawal,-0.10981355,2.41176560
1757608184163,usdt,32.84,deposit,1339.000000,5998.034659
1757609594770,usdc,31.87,withdrawal,-213.000000,8195.902969
1757610291106,doge,49.51,deposit,2422.16175170,4981.42919047
1757614247413,usdt,32.84,buy,806.288606,6804.323265
1757615979290,usdt,32.84,deposit,2566.000000,9370.323265
1757616175014,usdc,31.85,withdrawal,-403.000000,7792.902969
1757616263579,eth,131477.97,buy,0.32461217,2.73637777
1757617593702,usdt,32.84,withdrawal,-320.000000,9050.323265
1757619548039,twd,1.0,deposit,27776,79954678
1757622921038,doge,49.49,buy,78.63985173,5060.06904220
1757625081990,usdc,31.85,deposit,2736.000000,10528.902969
1757629820133,doge,49.55,sell,-1729.07936392,3330.98967828
1757632042677,twd,1.0,deposit,37119,80073583
1757636771525,sol,8747.94,sell,-6.75375421,8.95375893
1757648236077,usdt,32.84,withdrawal,-462.000000,8588.323265
1757649622937,eth,131636.59,sell,-1.40260730,1.33377047
1757657379399,btc,3579433.35,deposit,0.01902729,0.10225832
1757657717623,sol,8755.78,buy,1.17716270,10.13092163
1757663000721,usdc,31.83,withdrawal,-402.000000,10126.902969
1757678040650,eth,131690.2,buy,0.35076376,1.68453423
1757685185664,sol,8758.23,withdrawal,-3.55823194,6.57268969
1757685346403,twd,1.0,deposit,77421,80338221
1757688062864,btc,3579357.59,withdrawal,-0.00536439,0.09689393
1757690748240,usdt,32.84,withdrawal,-310.000000,8278.323265
1757692396266,sol,8754.46,sell,-3.25102770,3.32166199
1757697320751,twd,1.0,withdrawal,-8087,80358595
1757701751663,doge,49.42,buy,787.35432453,4118.34400281
1757702783774,sol,8747.71,sell,-1.76492800,1.55673399
1757706336607,btc,3581641.49,sell,-0.00791716,0.08897677
1757709902924,usdc,31.83,buy,119.857466,10246.760435
1757710318205,twd,1.0,deposit,62951,80422612
1757711038849,usdt,32.85,withdrawal,-77.000000,8201.323265
1757714683755,doge,49.45,deposit,856.44218058,4974.78618339
1757716917978,sol,8742.41,deposit,13.03859150,14.59532549
1757721075287,usdt,32.85,deposit,797.000000,8998.323265
1757722963652,doge,49.52,withdrawal,-1791.15742800,3183.62875539
1757726732083,eth,131744.36,sell,-0.01681016,1.66772407
1757732434529,doge,49.51,buy,657.25537061,3840.88412600
1757734943079,eth,131696.06,withdrawal,-0.23303146,1.43469261
1757739001604,sol,8753.54,sell,-5.86913798,8.72618751
1757740789894,usdc,31.84,deposit,1046.000000,11292.760435
1757748076845,btc,3578875.68,withdrawal,-0.01720907,0.07176770
1757749593108,eth,131799.78,withdrawal,-0.32560389,1.10908872
1757749666382,twd,1.0,withdrawal,-10978,80432682
1757754484041,doge,49.47,sell,-1114.48919989,2726.39492611
1757754788550,doge,49.5,withdrawal,-412.75391315,2313.64101296
1757756174769,usdt,32.85,sell,-4184.044927,4814.278338
1757757271591,btc,3582198.56,sell,-0.02168614,0.05008156
1757758888824,sol,8769.52,buy,4.05010118,12.77628869
1757766525046,sol,8768.48,buy,1.18571312,13.96200181
1757766598864,eth,131923.62,withdrawal,-0.29225065,0.81683807
1757772788761,eth,131917.23,sell,-0.48357086,0.33326721
1757777952861,btc,3584056.01,buy,0.00363881,0.05372037
1757779809787,usdt,32.84,buy,293.765804,5108.044142
1757789224349,btc,3585526.7,sell,-0.00271359,0.05100678
1757793266500,twd,1.0,deposit,114091,80821962
1757795940916,btc,3586464.34,deposit,0.02972427,0.08073105
1757804086616,btc,3588061.53,sell,-0.01233165,0.06839940
1757804225769,usdt,32.84,withdrawal,-180.000000,4928.044142
1757808039462,btc,3587149.63,buy,0.00701489,0.07541429
1757808191193,btc,3588429.67,sell,-0.01936476,0.05604953
1757809680000,usdc,31.85,buy,1516.663462,12809.423897
1757810647117,twd,1.0,deposit,33422,80895655
1757811660000,twd,1.0,withdrawal,-16448,80879207
1757812020000,sol,8766.35,withdrawal,-3.80017391,10.16182790
1757812333375,doge,49.45,withdrawal,-442.74416398,1870.89684898
1757813640000,btc,3590329.13,deposit,0.01513543,0.07118496
1757814922455,usdc,31.86,sell,-105.490863,12703.933034
1757815800000,usdc,31.87,deposit,2764.000000,15467.933034
1757817780000,eth,132123.56,buy,0.14976905,0.48303626
1757818313387,usdc,31.87,buy,889.986899,16357.919933
1757818906057,usdt,32.85,buy,702.386271,5630.430413
1757825520332,sol,8767.36,withdrawal,-0.69859818,9.46322972
1757828621375,usdc,31.88,withdrawal,-497.000000,15860.919933
1757833096428,doge,49.33,sell,-566.66523234,1304.23161664
1757838103494,sol,8755.73,deposit,2.78646307,12.24969279
1757841697377,sol,8756.99,buy,3.90469727,16.15439006
1757842113736,sol,8755.18,buy,1.84747281,18.00186287
1757843507692,usdt,32.84,withdrawal,-299.000000,5331.430413
1757856946490,btc,3591475.65,deposit,0.03532960,0.10651456
1757857157853,usdt,32.84,deposit,923.000000,6254.430413
1757857637633,sol,8756.05,withdrawal,-2.67092150,15.33094137
1757863831035,usdt,32.83,withdrawal,-484.000000,5770.430413
1757866407988,eth,132341.76,withdrawal,-0.04209263,0.44094363
1757869583197,sol,8758.37,sell,-6.27392095,9.05702042
1757873119093,doge,49.44,deposit,1887.60786307,3191.83947971
1757873256694,usdc,31.86,deposit,1261.000000,17121.919933
1757874781217,sol,8755.93,deposit,7.07893337,16.13595379
1757879851719,eth,132298.71,sell,-0.09585168,0.34509195
1757881537597,twd,1.0,withdrawal,-5681,80850878
1757883676932,btc,3592131.87,deposit,0.03436862,0.14088318
1757885767015,eth,132254.07,buy,0.05350823,0.39860018
1757891103941,usdc,31.86,sell,-1454.439735,15667.480198
1757894489783,eth,132298.63,withdrawal,-0.02014422,0.37845596
1757895876090,usdt,32.83,withdrawal,-256.000000,5514.430413
1757897317530,btc,3592930.15,sell,-0.03597083,0.10491235
1757898163120,usdc,31.83,sell,-2387.180367,13280.299831
1757904112705,sol,8765.0,withdrawal,-5.37140371,10.76455008
1757904761833,usdc,31.83,withdrawal,-403.000000,12877.299831
1757906025134,btc,3593980.65,buy,0.01212405,0.11703640
1757910642131,usdt,32.84,deposit,1516.000000,7030.430413
1757912364765,usdc,31.84,buy,386.196642,13263.496473
1757916296318,eth,132292.79,withdrawal,-0.05253963,0.32591633
1757917233291,eth,132268.73,deposit,1.10884190,1.43475823
1757930901702,usdt,32.82,sell,-2577.024909,4453.405504
1757931397613,twd,1.0,withdrawal,-20254,81103810
1757942327719,eth,132277.81,withdrawal,-0.46242215,0.97233608
1757944045686,usdt,32.8,withdrawal,-211.000000,4242.405504
1757947861161,sol,8771.37,buy,2.58867252,13.35322260
1757949118146,btc,3589820.26,withdrawal,-0.03088725,0.08614915
1757959478004,doge,49.43,withdrawal,-1074.02013964,2117.81934007
1757961086369,eth,132313.05,deposit,1.16178429,2.13412037
1757965863625,eth,132272.55,deposit,1.18990073,3.32402110
1757966867921,btc,3589622.66,deposit,0.04021541,0.12636456
1757972534746,usdt,32.8,deposit,773.000000,5015.405504
1757973264978,btc,3589779.42,sell,-0.04276395,0.08360061
1757973485428,eth,132306.62,deposit,1.42837658,4.75239768
1757977431469,usdc,31.83,deposit,1723.000000,14986.496473
1757985437235,sol,8760.44,buy,0.65191241,14.00513501
1757987018736,usdc,31.84,sell,-2530.054230,12456.442243
1757988390883,twd,1.0,withdrawal,-13424,81296029
1757988580538,twd,1.0,deposit,63132,81359161
1757991452312,eth,132331.97,withdrawal,-1.06756719,3.68483049
1758000472560,btc,3590268.97,sell,-0.03694769,0.04665292
1758006468324,usdt,32.79,sell,-1305.743877,3709.661627
1758007088012,doge,49.77,buy,322.11827259,2439.93761266
1758008350667,twd,1.0,withdrawal,-27215,81491379
1758009069233,doge,49.79,buy,369.44125282,2809.37886548
1758010387945,eth,132310.2,sell,-1.18429248,2.50053801
1758016910354,twd,1.0,deposit,134261,81763941
1758026908685,sol,8764.09,sell,-4.79745630,9.20767871
1758027176377,btc,3588184.9,sell,-0.02292242,0.02373050
1758028200013,btc,3588256.96,sell,-0.01406707,0.00966343
1758028325334,doge,49.83,buy,138.97139204,2948.35025752
1758029661759,usdc,31.79,buy,124.783730,12581.225973
1758030772552,usdc,31.78,deposit,2650.000000,15231.225973
1758032027872,doge,49.82,withdrawal,-1091.64474111,1856.70551641
1758032584234,doge,49.82,buy,135.81338987,1992.51890628
1758032691990,usdt,32.78,deposit,2654.000000,6363.661627
1758034432658,twd,1.0,withdrawal,-19238,81901816
1758037224137,usdt,32.79,sell,-2154.144891,4209.516736
1758042294301,doge,49.77,buy,281.40802480,2273.92693108
1758046046382,twd,1.0,withdrawal,-26892,81931556
1758049853754,eth,132415.63,sell,-1.04635267,1.45418534
1758054038638,doge,49.75,withdrawal,-371.12056380,1902.80636728
1758054493711,sol,8773.88,buy,0.21081420,9.41849291
1758055360160,doge,49.82,buy,445.02663595,2347.83300323
1758057934782,btc,3588789.19,buy,0.00626072,0.01592415
1758060707535,usdc,31.76,buy,912.946150,16144.172123
1758063146231,eth,132306.06,buy,0.05602044,1.51020578
1758066540506,usdt,32.79,deposit,654.000000,4863.516736
1758067175091,sol,8763.94,deposit,6.19057816,15.60907107
1758069530692,usdc,31.78,buy,825.234376,16969.406499
1758069703332,usdc,31.78,deposit,1102.000000,18071.406499
1758074942961,usdt,32.79,deposit,2114.000000,6977.516736
1758081559015,usdc,31.79,buy,303.798950,18375.205449
1758082540196,btc,3587499.07,sell,-0.00545223,0.01047192
1758084353842,eth,132280.0,withdrawal,-0.23927491,1.27093087
1758084491857,eth,132281.56,withdrawal,-0.20144294,1.06948793
1758086025418,sol,8763.05,deposit,5.56916882,21.17823989
1758094157378,twd,1.0,withdrawal,-22109,81948781
1758097130074,usdc,31.77,withdrawal,-360.000000,18015.205449
1758097461913,sol,8760.02,sell,-12.50939301,8.66884688
1758097463476,usdc,31.77,buy,726.315983,18741.521432
1758100820742,doge,49.84,sell,-1369.23907890,978.59392433
1758103059905,usdt,32.79,deposit,2007.000000,8984.516736
1758103513146,sol,8766.76,deposit,4.20503931,12.87388619
1758107052847,doge,49.79,deposit,1679.88405991,2658.47798424
1758108710952,sol,8772.87,sell,-4.55598368,8.31790251
1758109839690,usdt,32.79,sell,-2769.808766,6214.707970
1758111423281,usdt,32.79,deposit,1843.000000,8057.707970
1758112238725,btc,3586257.3,sell,-0.00430677,0.00616515
1758116006983,sol,8758.48,withdrawal,-2.53277111,5.78513140
1758116548909,usdc,31.8,withdrawal,-345.000000,18396.521432
1758118487697,sol,8757.03,buy,0.65912038,6.44425178
1758125033206,twd,1.0,withdrawal,-19933,82224060
1758129924904,usdc,31.79,sell,-3800.801670,14595.719762
1758135612501,usdt,32.79,sell,-4676.670614,3381.037356
1758141548139,doge,49.89,sell,-1459.04556457,1199.43241967
1758143395627,usdc,31.78,buy,1498.026212,16093.745974
1758155519243,btc,3590528.04,withdrawal,-0.00245447,0.00371068
1758161452334,usdc,31.78,withdrawal,-145.000000,15948.745974
1758161764152,usdc,31.78,deposit,1813.000000,17761.745974
1758162041668,doge,49.98,withdrawal,-461.84046455,737.59195512
1758165646166,btc,3592043.5,sell,-0.00026273,0.00344795
1758165734668,usdc,31.78,withdrawal,-356.000000,17405.745974
1758182394149,usdt,32.81,sell,-694.019738,2687.017618
1758186234366,btc,3591571.73,sell,-0.00077983,0.00266812
1758188180870,usdt,32.82,buy,553.950362,3240.967980
1758193834161,usdc,31.78,withdrawal,-316.000000,17089.745974
1758195688089,eth,132662.93,withdrawal,-0.09438224,0.97510569
1758195838697,sol,8771.58,sell,-0.99989252,5.44435926
1758195965586,doge,50.28,withdrawal,-145.40637442,592.18558070
1758202251184,sol,8768.94,sell,-1.00233531,4.44202395
1758212731524,btc,3590787.3,buy,0.00660193,0.00927005
1758215488183,usdc,31.76,withdrawal,-386.000000,16703.745974
1758220686377,sol,8777.5,deposit,3.53096898,7.97299293
1758225037378,usdc,31.74,withdrawal,-400.000000,16303.745974
1758226860000,btc,3587707.1,buy,0.01157546,0.02084551
1758230951119,twd,1.0,deposit,116473,82600541
1758241709900,btc,3588934.71,withdrawal,-0.00456351,0.01628200
1758242284498,doge,50.34,buy,489.59885890,1081.78443960
1758252475309,sol,8775.42,sell,-4.50106940,3.47192353
1758260455859,twd,1.0,withdrawal,-8385,82607008
1758264627255,sol,8778.01,buy,1.28510252,4.75702605
1758269596194,sol,8782.62,buy,0.38388962,5.14091567
1758276979347,btc,3590520.05,sell,-0.00873170,0.00755030
1758278120964,doge,50.45,withdrawal,-206.02447628,875.75996332
1758288262648,eth,132578.25,sell,-0.08944380,0.88566189
1758292967480,eth,132637.57,withdrawal,-0.32452291,0.56113898
1758295812098,doge,50.49,sell,-277.01577157,598.74419175
1758298949635,doge,50.48,deposit,451.12173504,1049.86592679
1758299524481,usdt,32.8,deposit,1150.000000,4390.967980
1758302622162,usdt,32.8,buy,1085.614171,5476.582151
1758309868229,btc,3589133.3,sell,-0.00158528,0.00596502
1758313379309,sol,8782.16,withdrawal,-0.71651076,4.42440491
1758315884215,usdt,32.8,buy,223.888087,5700.470238
1758321445936,eth,132671.72,buy,0.25044953,0.81158851
1758327667143,btc,3590201.06,sell,-0.00198216,0.00398286
1758327923587,sol,8780.43,buy,4.82953803,9.25394294
1758328908270,twd,1.0,deposit,82004,82625774
1758331000310,doge,50.42,buy,594.13176591,1643.99769270
1758331766962,usdc,31.78,deposit,2873.000000,19176.745974
1758331840905,usdc,31.77,deposit,2901.000000,22077.745974
1758335975057,btc,3587562.77,withdrawal,-0.00140406,0.00257880
1758340421322,btc,3587774.46,buy,0.01175643,0.01433523
1758345306554,usdt,32.78,deposit,948.000000,6648.470238
1758348406396,twd,1.0,deposit,28332,82581973
1758348921423,sol,8799.05,deposit,4.63508924,13.88903218
1758349939060,btc,3589409.66,withdrawal,-0.00522112,0.00911411
1758371274073,usdc,31.78,buy,547.938409,22625.684383
1758373505488,doge,50.48,sell,-177.09023526,1466.90745744
1758374880077,doge,50.44,sell,-422.31226646,1044.59519098
1758375158071,twd,1.0,withdrawal,-5842,82588957
1758376180077,sol,8814.88,sell,-7.20473413,6.68429805
1758378020543,btc,3587379.96,buy,0.01111096,0.02022507
1758383518121,doge,50.57,buy,860.85636708,1905.45155806
1758383630482,twd,1.0,deposit,53092,82622167
1758387647866,doge,50.6,deposit,1553.79887894,3459.25043700
1758401543305,doge,50.65,deposit,1888.85237121,5348.10280821
1758408656508,doge,50.7,sell,-1729.22045217,3618.88235604
1758410389684,btc,3587776.91,deposit,0.01217654,0.03240161
1758417522643,usdc,31.79,sell,-9717.980199,12907.704184
1758418754070,eth,132622.66,buy,0.34886853,1.16045704
1758420007250,sol,8831.09,sell,-2.20015339,4.48414466
1758421709119,twd,1.0,deposit,33469,83025365
1758425087418,usdt,32.76,sell,-1252.432155,5396.038083
1758428721163,sol,8834.58,deposit,3.37050355,7.85464821
1758429585040,usdc,31.78,deposit,2903.000000,15810.704184
1758429974326,usdt,32.77,withdrawal,-109.000000,5287.038083
1758433006639,sol,8837.97,deposit,11.42421483,19.27886304
1758434237870,eth,132820.66,sell,-0.45399022,0.70646682
1758435791371,eth,132883.74,withdrawal,-0.19423223,0.51223459
1758435999755,usdt,32.78,withdrawal,-421.000000,4866.038083
1758441675418,doge,50.8,deposit,1172.56118539,4791.44354143
1758442337610,doge,50.78,buy,784.16449186,5575.60803329
1758444206503,btc,3585932.75,withdrawal,-0.01041727,0.02198434
1758451667749,usdt,32.79,deposit,2767.000000,7633.038083
1758458192674,btc,3588062.49,deposit,0.01373726,0.03572160
1758458511735,usdt,32.78,buy,752.090969,8385.129052
1758459537274,eth,132856.64,buy,0.28792344,0.80015803
1758459725581,usdt,32.79,withdrawal,-80.000000,8305.129052
1758462316845,twd,1.0,deposit,118354,83142317
1758466406168,usdt,32.8,deposit,1463.000000,9768.129052
1758470569580,btc,3588397.32,deposit,0.03581980,0.07154140
1758470758142,sol,8851.2,withdrawal,-6.43042148,12.84844156
1758471379853,usdc,31.79,buy,1249.053999,17059.758183
1758474637845,eth,132914.63,deposit,0.66566156,1.46581959
1758476316786,doge,50.76,sell,-2399.53123809,3176.07679520
1758476649818,btc,3590705.26,buy,0.00935376,0.08089516
1758478198798,usdc,31.82,sell,-7888.146958,9171.611225
1758480098059,twd,1.0,withdrawal,-7065,83434789
1758486639828,btc,3592144.08,withdrawal,-0.01030985,0.07058531
1758490031860,usdt,32.81,buy,1491.617344,11259.746396
1758493979597,sol,8849.55,sell,-4.15625386,8.69218770
1758494371133,usdt,32.81,withdrawal,-230.000000,11029.746396
1758498398477,doge,50.73,deposit,618.26050027,3794.33729547
1758505903904,sol,8851.73,deposit,12.64925520,21.34144290
1758506234440,sol,8852.02,withdrawal,-4.12562088,17.21582202
1758506292297,doge,50.83,deposit,2364.16041016,6158.49770563
1758507807980,doge,50.88,sell,-68.86362477,6089.63408086
1758515471422,eth,133094.13,withdrawal,-0.27031497,1.19550462
1758519124207,eth,133077.82,sell,-0.23062115,0.96488347
1758521815993,twd,1.0,deposit,114900,83571724
1758525664376,usdt,32.79,withdrawal,-346.000000,10683.746396
1758526884504,sol,8853.71,deposit,10.04701786,27.26283988
1758528684678,btc,3585511.12,sell,-0.02773427,0.04285104
1758531561838,eth,133057.51,sell,-0.34249852,0.62238495
1758539112326,usdc,31.81,withdrawal,-382.000000,8789.611225
1758542580000,twd,1.0,deposit,49095,83765833
1758542640000,btc,3584209.92,deposit,0.02986593,0.07271697
1758543414676,usdt,32.79,deposit,896.000000,11579.746396
1758544682912,btc,3584816.09,deposit,0.04798180,0.12069877
1758552346637,sol,8871.06,buy,2.57931563,29.84215551
1758552896160,usdc,31.8,withdrawal,-245.000000,8544.611225
1758553894811,sol,8873.63,deposit,8.81063253,38.65278804
1758554182600,btc,3586354.42,sell,-0.01180280,0.10889597
1758556210945,sol,8871.92,deposit,11.96430210,50.61709014
1758556417716,eth,133104.3,buy,0.26701553,0.88940048
1758558207321,usdt,32.78,deposit,805.000000,12384.746396
1758565596139,btc,3584575.35,withdrawal,-0.03535361,0.07354236
1758567602296,usdt,32.78,buy,768.746837,13153.493233
1758569262052,twd,1.0,deposit,86102,83810645
1758574960064,usdc,31.79,withdrawal,-321.000000,8223.611225
1758576046502,sol,8870.35,deposit,12.76389547,63.38098561
1758580400577,sol,8868.08,withdrawal,-13.97775752,49.40322809
1758581235148,usdt,32.77,sell,-3552.778292,9600.714941
1758581919779,eth,133046.98,buy,0.02277159,0.91217207
1758586947607,usdc,31.8,deposit,1985.000000,10208.611225
1758591018555,sol,8868.47,sell,-1.85693199,47.54629610
1758595084262,doge,50.84,withdrawal,-1677.47719767,4412.15688319
1758595337070,twd,1.0,deposit,63513,84004032
1758607145727,usdc,31.81,sell,-5118.357129,5090.254096
1758608202982,doge,50.85,buy,718.33965966,5130.49654285
1758613089173,sol,8873.16,buy,1.23596697,48.78226307
1758617310069,usdc,31.82,buy,598.675319,5688.929415
1758617548195,eth,132991.34,sell,-0.15306239,0.75910968
1758617938330,usdc,31.8,buy,929.598837,6618.528252
1758619504788,eth,132963.01,buy,0.02781254,0.78692222
1758622923878,doge,50.76,deposit,2333.37142482,7463.86796767
1758624631081,btc,3582349.03,buy,0.00413922,0.07768158
1758632897723,usdt,32.73,withdrawal,-83.000000,9517.714941
1758637672628,usdc,31.8,buy,539.325156,7157.853408
1758640643150,doge,50.73,withdrawal,-2311.06298397,5152.80498370
1758641736708,usdt,32.73,buy,973.828361,10491.543302
1758642187891,usdt,32.73,withdrawal,-53.000000,10438.543302
1758642205409,twd,1.0,withdrawal,-15200,84008345
1758645073740,usdc,31.81,buy,778.553032,7936.406440
1758646446078,usdt,32.73,buy,180.934895,10619.478197
1758646747943,doge,50.68,buy,741.52964268,5894.33462638
1758648930087,doge,50.69,withdrawal,-927.03430619,4967.30032019
1758651612175,sol,8888.0,buy,4.14929897,52.93156204
1758655081121,usdt,32.74,withdrawal,-149.000000,10470.478197
1758656514023,usdt,32.74,deposit,2680.000000,13150.478197
1758657102911,sol,8888.63,sell,-1.40263112,51.52893092
1758664106299,sol,8890.06,sell,-21.78606593,29.74286499
1758668436562,usdt,32.72,buy,1129.071605,14279.549802
1758671121218,sol,8886.72,buy,2.51906096,32.26192595
1758672366538,usdt,32.72,sell,-1291.860554,12987.689248
1758672890496,sol,8893.81,deposit,10.85718060,43.11910655
1758676818079,btc,3581428.04,sell,-0.01513114,0.06255044
1758679114864,eth,132824.91,deposit,0.65609116,1.44301338
1758683804173,eth,132871.52,sell,-0.50512524,0.93788814
1758686496335,eth,132886.28,deposit,0.76215148,1.70003962
1758688490631,btc,3582178.27,withdrawal,-0.00136038,0.06119006
1758688706616,btc,3581863.53,sell,-0.00825113,0.05293893
1758704080102,doge,50.77,buy,612.87048686,5580.17080705
1758705425710,twd,1.0,deposit,105696,84317727
1758709560000,doge,50.7,withdrawal,-746.00999884,4834.16080821
1758714315365,btc,3580958.69,buy,0.00845983,0.06139876
1758722356824,sol,8902.01,deposit,14.07023027,57.18933682
1758722930916,eth,132916.49,buy,0.10249841,1.80253803
1758723106229,btc,3583975.1,withdrawal,-0.01853440,0.04286436
1758725339976,usdc,31.84,deposit,1860.000000,9796.406440
1758728189006,doge,50.76,withdrawal,-144.12498611,4690.03582210
1758728701109,usdt,32.72,sell,-7537.574329,5450.114919
1758729622324,btc,3584150.74,sell,-0.02548420,0.01738016
1758731783602,usdt,32.73,deposit,1989.000000,7439.114919
1758741768084,doge,50.81,sell,-1451.36460968,3238.67121242
1758753576547,usdt,32.74,withdrawal,-224.000000,7215.114919
1758756253878,eth,132795.56,buy,0.05432813,1.85686616
1758767404969,usdt,32.72,deposit,2942.000000,10157.114919
1758770568570,btc,3586159.8,deposit,0.04750870,0.06488886
1758771551567,btc,3587067.28,withdrawal,-0.00398019,0.06090867
1758772868524,doge,50.76,sell,-59.74044110,3178.93077132
1758778813693,usdt,32.74,deposit,1548.000000,11705.114919
1758779770817,usdc,31.79,deposit,2730.000000,12526.406440
1758780167840,sol,8886.63,sell,-16.67329825,40.51603857
1758782799284,btc,3586558.01,sell,-0.02352939,0.03737928
1758783173446,sol,8892.88,withdrawal,-13.43151188,27.08452669
1758791971922,btc,3586614.57,withdrawal,-0.00628345,0.03109583
1758793064978,eth,132856.43,withdrawal,-0.71120624,1.14565992
1758800331552,usdt,32.75,withdrawal,-232.000000,11473.114919
1758807027070,doge,50.81,sell,-1873.90024076,1305.03053056
1758823387515,eth,132871.07,deposit,0.18272581,1.32838573
1758826844123,btc,3586109.24,deposit,0.04363794,0.07473377
1758827162392,sol,8889.36,sell,-9.90464757,17.17987912
1758830061981,doge,50.72,sell,-735.63699023,569.39354033
1758831676562,usdt,32.75,buy,881.366441,12354.481360
1758836169247,sol,8882.05,sell,-1.70788468,15.47199444
1758838902711,twd,1.0,deposit,46999,85167796
1758846000000,usdc,31.81,buy,1341.068263,13867.474703
1758847199409,btc,3588007.51,buy,0.00231269,0.07704646
1758847200000,sol,8890.8,buy,2.22358639,17.69558083
1758848220000,sol,8893.27,withdrawal,-3.20632913,14.48925170
1758850860000,doge,50.85,deposit,2354.95735475,2924.35089508
1758852180000,eth,132946.98,deposit,1.21141765,2.53980338
1758852645847,usdt,32.74,buy,1377.111830,13731.593190
1758853980000,eth,132943.69,sell,-0.23501320,2.30479018
1758855840000,eth,132979.01,sell,-0.79456187,1.51022831
1758856004012,twd,1.0,deposit,127453,85316330
1758857008993,usdc,31.81,withdrawal,-123.000000,13744.474703
1758859894551,eth,132893.71,sell,-0.67731079,0.83291752
1758862853086,doge,51.11,deposit,2253.27021084,5177.62110592
1758865351307,usdc,31.81,sell,-4350.011405,9394.463298
1758868159539,btc,3586515.03,sell,-0.03143634,0.04561012
1758869491364,eth,132821.06,buy,0.07517690,0.90809442
1758870875588,twd,1.0,deposit,63798,85711287
1758871814003,btc,3586437.95,withdrawal,-0.00115648,0.04445364
1758873476348,sol,8900.24,deposit,3.24268347,17.73193517
1758876419096,doge,51.14,buy,28.41404706,5206.03515298
1758878057708,eth,132957.16,buy,0.23680649,1.14490091
1758879785774,eth,132983.88,sell,-0.57293703,0.57196388
1758883849098,usdc,31.81,buy,1383.836533,10778.299831
1758885279065,btc,3586414.24,deposit,0.01541207,0.05986571
1758888198326,usdt,32.74,deposit,2527.000000,16258.593190
1758890024999,sol,8894.71,sell,-5.60244613,12.12948904
1758898520703,usdt,32.74,withdrawal,-158.000000,16100.593190
1758898752097,usdc,31.84,sell,-188.145391,10590.154440
1758912353707,btc,3586296.6,withdrawal,-0.01475660,0.04510911
1758915589886,usdc,31.83,deposit,1261.000000,11851.154440
1758919467283,doge,51.22,withdrawal,-1828.42026985,3377.61488313
1758920788856,usdt,32.74,buy,1229.128859,17329.722049
1758921203608,btc,3588110.28,buy,0.00105246,0.04616157
1758923688115,usdt,32.74,deposit,1730.000000,19059.722049
1758928339117,sol,8904.17,buy,1.85561222,13.98510126
1758934525169,usdt,32.75,buy,1094.682674,20154.404723
1758936092204,twd,1.0,withdrawal,-25515,85644432
1758937994679,btc,3590754.78,buy,0.00505082,0.05121239
1758939469615,usdc,31.79,sell,-906.514710,10944.639730
1758964450987,btc,3591553.18,withdrawal,-0.01690039,0.03431200
1758964709960,eth,133045.73,withdrawal,-0.10757875,0.46438513
1758966494459,sol,8912.75,deposit,6.33187968,20.31698094
1758966934225,doge,51.25,withdrawal,-92.62546322,3284.98941991
1758967995709,usdt,32.75,deposit,1752.000000,21906.404723
1758973052311,doge,51.21,buy,851.96765652,4136.95707643
1758973104251,eth,133096.48,deposit,0.19135120,0.65573633
1758974013434,usdt,32.74,withdrawal,-285.000000,21621.404723
1758978818917,sol,8931.25,buy,2.73380142,23.05078236
1758978991839,usdt,32.75,buy,1283.567518,22904.972241
1758979520339,doge,51.26,sell,-1545.99236906,2590.96470737
1758983736094,doge,51.28,deposit,1383.42107519,3974.38578256
1758984765648,sol,8930.71,sell,-12.04585021,11.00493215
1758986055842,eth,133111.36,withdrawal,-0.19190302,0.46383331
1758986872086,btc,3592094.08,deposit,0.03695501,0.07126701
1758995142678,doge,51.32,buy,331.08154936,4305.46733192
1758996303302,usdc,31.78,sell,-3596.298349,7348.341381
1758998117482,btc,3592747.41,withdrawal,-0.02711678,0.04415023
1759003969743,twd,1.0,deposit,102144,85931323
1759005022896,eth,133103.55,deposit,1.44341753,1.90725084
1759010047883,eth,133146.15,withdrawal,-0.66411668,1.24313416
1759017013768,usdc,31.77,buy,214.257809,7562.599190
1759021429308,sol,8945.71,sell,-2.07593252,8.92899963
1759026580005,sol,8945.46,sell,-3.58208333,5.34691630
1759028729258,twd,1.0,deposit,101433,86076562
1759031486341,usdt,32.71,withdrawal,-121.000000,22783.972241
1759040801372,eth,133394.82,withdrawal,-0.39092041,0.85221375
1759062291239,btc,3595181.08,withdrawal,-0.01374021,0.03041002
1759070417352,twd,1.0,deposit,25990,86102552
1759070697763,usdt,32.7,sell,-423.506838,22360.465403
1759073428170,sol,8945.98,withdrawal,-0.64035807,4.70655823
1759077349455,usdc,31.76,deposit,711.000000,8273.599190
1759078761231,usdc,31.76,deposit,1147.000000,9420.599190
1759083543459,usdc,31.76,withdrawal,-231.000000,9189.599190
1759084350266,sol,8944.12,deposit,6.61462656,11.32118479
1759087579750,twd,1.0,withdrawal,-27061,86089342
1759094636971,usdc,31.77,withdrawal,-207.000000,8982.599190
1759099847291,doge,51.61,withdrawal,-976.69359367,3328.77373825
1759105789705,twd,1.0,withdrawal,-12380,86076962
1759120311789,usdt,32.68,deposit,2592.000000,24952.465403
1759120493422,usdc,31.75,buy,711.988695,9694.587885
1759122100347,sol,8946.49,deposit,6.84854160,18.16972639
1759123332306,twd,1.0,withdrawal,-21541,86032812
1759126140000,sol,8948.99,withdrawal,-1.34779949,16.82192690
1759126380000,twd,1.0,deposit,61074,86093886
1759126560000,sol,8943.46,buy,2.58549060,19.40741750
1759127755594,doge,51.44,buy,879.46742549,4208.24116374
1759129020000,doge,51.4,withdrawal,-564.70550485,3643.53565889
1759129958848,eth,133178.44,sell,-0.21865179,0.63356196
1759131180000,usdt,32.67,buy,1285.809333,26238.274736
1759131600000,doge,51.38,deposit,2092.92967852,5736.46533741
1759132338440,usdt,32.67,buy,1464.981433,27703.256169
1759133160000,eth,133071.38,sell,-0.35702003,0.27654193
1759133903530,usdc,31.77,sell,-3299.443064,6395.144821
1759135680000,eth,133026.75,deposit,1.19566144,1.47220337
1759136220000,eth,133067.6,sell,-0.31203183,1.16017154
1759137350530,eth,133012.98,withdrawal,-0.30995455,0.85021699
1759138080000,eth,133071.59,sell,-0.30582061,0.54439638
1759150392048,sol,8943.67,buy,4.21705643,23.62447393
1759150787423,doge,51.36,sell,-1035.83828235,4700.62705506
1759151975329,eth,133073.17,withdrawal,-0.03879916,0.50559722
1759154382001,btc,3598052.39,sell,-0.00803141,0.02237861
1759154835544,twd,1.0,withdrawal,-27394,86216301
1759155247286,btc,3597841.65,sell,-0.01137192,0.01100669
1759155428409,eth,133059.05,sell,-0.03603921,0.46955801
1759155851942,btc,3597615.41,sell,-0.00168154,0.00932515
1759157494002,eth,133090.77,withdrawal,-0.08210718,0.38745083
1759157585318,eth,133120.01,buy,0.30944202,0.69689285
1759159756176,usdc,31.78,buy,380.333398,6775.478219
1759161912151,sol,8954.44,deposit,6.74514270,30.36961663
1759169544287,sol,8959.5,sell,-13.35407425,17.01554238
1759170203120,usdc,31.77,deposit,1973.000000,8748.478219
1759172174095,usdc,31.76,sell,-2714.659309,6033.818910
1759183964954,doge,51.74,deposit,2429.01728638,7129.64434144
1759196752611,sol,8952.88,withdrawal,-3.50321343,13.51232895
1759198430418,doge,51.77,withdrawal,-948.71253738,6180.93180406
1759198874118,eth,133010.92,deposit,0.86956056,1.56645341
1759204729226,usdt,32.61,sell,-2175.496422,25527.759747
1759208532912,sol,8947.87,buy,2.80845701,16.32078596
1759211947482,eth,132997.73,deposit,0.41654483,1.98299824
1759212649321,usdt,32.61,withdrawal,-471.000000,25056.759747
1759217875521,doge,51.84,deposit,1747.88990389,7928.82170795
1759218240204,twd,1.0,deposit,144630,86611090
1759218517014,doge,51.91,sell,-767.30122459,7161.52048336
1759221272498,doge,51.87,sell,-3531.26007124,3630.26041212
1759225856442,btc,3587838.6,buy,0.01194035,0.02126550
1759233350061,usdt,32.6,buy,1016.759640,26073.519387
1759233589123,sol,8956.64,deposit,4.12333353,20.44411949
1759233803735,usdt,32.6,deposit,614.000000,26687.519387
1759242787743,usdc,31.78,buy,56.543914,6090.362824
1759246916209,usdc,31.78,buy,1506.924957,7597.287781
1759246951600,twd,1.0,withdrawal,-21610,86686819
1759252523989,usdc,31.78,withdrawal,-226.000000,7371.287781
1759254947483,btc,3588867.5,buy,0.00251379,0.02377929
1759256779091,usdc,31.76,buy,763.779479,8135.067260
1759259575741,usdt,32.62,buy,577.813039,27265.332426
1759265593971,eth,132858.0,deposit,0.61841267,2.60141091
1759268488787,doge,51.8,deposit,360.63890772,3990.89931984
1759269878987,twd,1.0,deposit,106582,86741272
1759275694547,doge,51.82,deposit,1650.57858041,5641.47790025
1759276162460,eth,132970.51,buy,0.33052299,2.93193390
1759276779511,usdt,32.6,deposit,2164.000000,29429.332426
1759281861319,eth,133083.9,sell,-1.27347542,1.65845848
1759282166336,doge,51.83,buy,558.10763053,6199.58553078
1759284811977,usdc,31.78,deposit,1380.000000,9515.067260
1759284869406,usdt,32.59,withdrawal,-208.000000,29221.332426
1759285155119,twd,1.0,withdrawal,-9836,86828039
1759291295570,usdc,31.79,sell,-97.592651,9417.474609
1759292380221,doge,51.85,sell,-2897.18471794,3302.40081284
1759293044588,twd,1.0,deposit,77766,87059131
1759293689287,usdc,31.78,buy,991.180312,10408.654921
1759294937635,btc,3588157.05,deposit,0.01811728,0.04189657
1759296750092,eth,133176.86,buy,0.31204220,1.97050068
1759298300720,usdt,32.57,buy,1402.771760,30624.104186
1759304037694,usdt,32.57,sell,-15480.189619,15143.914567
1759304633941,eth,133299.38,buy,0.18105441,2.15155509
1759313448677,usdt,32.56,withdrawal,-198.000000,14945.914567
1759318023556,eth,133321.79,deposit,0.42557617,2.57713126
1759323145256,usdc,31.75,deposit,2162.000000,12570.654921
1759327843967,btc,3588297.69,deposit,0.01035032,0.05224689
1759343748826,btc,3588615.17,deposit,0.02401919,0.07626608
1759355277098,btc,3589158.67,buy,0.00319096,0.07945704
1759357992619,btc,3588489.19,withdrawal,-0.02086137,0.05859567
1759360717154,sol,8974.11,buy,4.84691709,25.29103658
1759365900000,eth,133180.49,buy,0.09491087,2.67204213
1759368120000,btc,3586379.67,sell,-0.01399103,0.04460464
1759368900000,btc,3587802.75,deposit,0.01823677,0.06284141
1759370196493,sol,8973.13,buy,4.89011349,30.18115007
1759370431426,eth,133129.62,buy,0.32856783,3.00060996
1759370520000,doge,52.2,withdrawal,-1228.89331444,2073.50749840
1759372620000,btc,3587026.01,withdrawal,-0.00732025,0.05552116
1759372800000,usdc,31.73,withdrawal,-112.000000,12458.654921
1759374120000,btc,3586422.55,sell,-0.02566259,0.02985857
1759374540000,doge,52.33,deposit,1208.12847830,3281.63597670
1759375390437,sol,8985.86,withdrawal,-11.91652133,18.26462874
1759375440000,btc,3587419.34,buy,0.00919293,0.03905150
1759378703005,eth,133207.05,buy,0.33395566,3.33456562
1759383727175,eth,133209.21,withdrawal,-0.29346297,3.04110265
1759384317925,usdt,32.55,sell,-8530.577890,6415.336677
1759384853233,usdc,31.72,deposit,1995.000000,14453.654921
1759396656102,sol,8988.13,sell,-5.10944593,13.15518281
1759400895611,eth,133279.21,withdrawal,-0.32504621,2.71605644
1759406380186,usdt,32.54,buy,418.974130,6834.310807
1759414124809,usdc,31.73,deposit,539.000000,14992.654921
1759415559109,btc,3585258.82,withdrawal,-0.00739599,0.03165551
1759425216095,eth,133304.5,buy,0.17238851,2.88844495
1759427837890,doge,52.41,sell,-1080.47272759,2201.16324911
1759436520578,twd,1.0,deposit,23995,87697488
1759438200454,usdt,32.54,buy,1136.025212,7970.336019
1759441942374,usdt,32.55,deposit,509.000000,8479.336019
1759442388316,sol,8972.13,buy,3.12771934,16.28290215
1759447646695,usdt,32.54,buy,1286.430043,9765.766062
1759448076212,doge,52.46,deposit,668.13022362,2869.29347273
1759450553777,sol,8979.79,withdrawal,-2.02577331,14.25712884
1759453177885,btc,3589664.03,deposit,0.02363994,0.05529545
1759458959727,usdt,32.53,withdrawal,-484.000000,9281.766062
1759463103679,usdt,32.53,withdrawal,-207.000000,9074.766062
1759465227666,doge,52.57,withdrawal,-871.32413314,1997.96933959
1759465565042,usdt,32.53,sell,-4633.762861,4441.003201
1759470913857,eth,133487.21,buy,0.02043719,2.90888214
1759473448264,eth,133475.52,deposit,1.39005942,4.29894156
1759476701460,eth,133503.22,sell,-0.44040210,3.85853946
1759479472875,eth,133567.86,deposit,0.30802246,4.16656192
1759481558946,btc,3585740.91,sell,-0.03298733,0.02230812
1759488517825,eth,133513.62,deposit,1.20446379,5.37102571
1759489331618,eth,133522.17,withdrawal,-1.29426678,4.07675893
1759489416558,btc,3585567.17,buy,0.00161029,0.02391841
1759495016997,eth,133536.04,withdrawal,-0.38843360,3.68832533
1759499995264,doge,52.77,buy,331.53917569,2329.50851528
1759501015747,twd,1.0,deposit,134648,88027073
1759505317659,usdt,32.56,withdrawal,-158.000000,4283.003201
1759506409423,doge,52.8,sell,-990.73517248,1338.77334280
1759507205359,usdt,32.56,buy,296.169885,4579.173086
1759518134314,doge,52.79,withdrawal,-453.01147474,885.76186806
1759534574602,doge,52.75,sell,-200.70661965,685.05524841
1759535138368,doge,52.7,buy,245.02202647,930.07727488
1759543516013,eth,133562.81,buy,0.16332127,3.85164660
1759545825337,doge,52.71,sell,-304.19697427,625.88030061
1759546535605,doge,52.66,buy,703.88762433,1329.76792494
1759552085021,usdt,32.57,sell,-1629.422520,2949.750566
1759552505408,usdt,32.57,deposit,1591.000000,4540.750566
1759554487418,usdc,31.78,deposit,2225.000000,17217.654921
1759554508831,doge,52.77,buy,778.15122190,2107.91914684
1759562694002,sol,9036.52,buy,4.19747927,18.45460811
1759567196531,sol,9035.11,withdrawal,-1.24610896,17.20849915
1759568609976,twd,1.0,withdrawal,-29111,87969543
1759568941921,doge,52.72,deposit,630.17889543,2738.09804227
1759570497363,sol,9036.57,deposit,2.43713889,19.64563804
1759571588450,eth,133734.99,buy,0.19806192,4.04970852
1759581410059,sol,9031.81,sell,-0.24987118,19.39576686
1759582570536,btc,3584061.7,deposit,0.00883666,0.03275507
1759582720830,btc,3584100.54,sell,-0.01060471,0.02215036
1759584010710,usdc,31.78,withdrawal,-418.000000,16799.654921
1759591945833,btc,3583394.67,sell,-0.00293418,0.01921618
1759608552499,doge,52.82,sell,-1220.50200226,1517.59604001
1759613006863,sol,9021.97,sell,-8.02200863,11.37375823
1759620136896,usdc,31.77,buy,1512.575456,18312.230377
1759620323677,eth,133867.71,sell,-1.47739179,2.57231673
1759626589259,usdc,31.78,deposit,1358.000000,19670.230377
1759635476157,usdc,31.78,withdrawal,-405.000000,19265.230377
1759636771265,usdc,31.78,deposit,1638.000000,20903.230377
1759646675297,usdt,32.59,buy,917.143290,5457.893856
1759648766873,usdc,31.77,withdrawal,-272.000000,20631.230377
1759649123545,sol,9028.07,buy,3.67743270,15.05119093
1759651056642,usdc,31.77,sell,-7369.138073,13262.092304
1759652014259,doge,52.83,deposit,1708.80185256,3226.39789257
1759653595253,doge,52.81,sell,-864.52121229,2361.87668028
1759659700622,usdc,31.78,sell,-3457.224933,9804.867371
1759660918510,twd,1.0,deposit,37315,88644257
1759669380000,doge,52.8,deposit,1034.78168542,3396.65836570
1759670100000,twd,1.0,withdrawal,-23213,88621044
1759671600000,doge,52.8,deposit,1626.81305758,5023.47142328
1759672514339,usdc,31.78,deposit,2936.000000,12740.867371
1759674300000,usdt,32.58,buy,379.441184,5837.335040
1759676304846,usdt,32.58,deposit,2755.000000,8592.335040
1759677892278,btc,3589657.97,withdrawal,-0.00518718,0.01402900
1759680171703,btc,3589243.47,sell,-0.00729311,0.00673589
1759681327943,twd,1.0,deposit,21544,88656405
1759681709223,eth,134111.09,buy,0.26224005,2.83455678
1759686963650,usdc,31.78,deposit,1141.000000,13881.867371
1759691602675,usdc,31.78,buy,522.111073,14403.978444
1759691618128,eth,134064.92,deposit,1.36962733,4.20418411
1759692182467,sol,9028.64,withdrawal,-0.68142520,14.36976573
1759695970326,eth,134073.18,deposit,0.53181479,4.73599890
1759706745675,twd,1.0,deposit,29070,88633714
1759708177844,usdt,32.59,deposit,2091.000000,10683.335040
1759714976219,doge,52.85,sell,-1128.54637336,3894.92504992
1759719881248,btc,3588553.52,buy,0.00111645,0.00785234
1759728063424,doge,52.79,sell,-2000.00288584,1894.92216408
1759742694648,doge,52.84,buy,919.43402414,2814.35618822
1759745974170,sol,9032.69,sell,-0.30693415,14.06283158
1759747141351,btc,3586927.56,buy,0.00242245,0.01027479
1759750585128,usdt,32.57,withdrawal,-302.000000,10381.335040
1759757141825,eth,134036.93,deposit,0.98289960,5.71889850
1759760653339,doge,52.86,deposit,2357.81360612,5172.16979434
1759762149314,usdc,31.76,buy,1171.397560,15575.376004
1759766828996,usdc,31.75,withdrawal,-471.000000,15104.376004
1759766924296,eth,133936.67,buy,0.15908812,5.87798662
1759768159175,eth,133957.8,withdrawal,-1.32636072,4.55162590
1759768796602,eth,133942.36,withdrawal,-1.46040106,3.09122484
1759773510787,sol,9053.52,deposit,13.20302826,27.26585984
1759775642745,doge,52.88,withdrawal,-2064.92834705,3107.24144729
1759785376509,usdc,31.76,withdrawal,-70.000000,15034.376004
1759789620354,eth,133943.49,withdrawal,-0.14062206,2.95060278
1759789883096,usdt,32.56,sell,-935.047996,9446.287044
1759793223421,eth,133946.45,sell,-1.10124733,1.84935545
1759794624903,eth,133977.21,buy,0.04593624,1.89529169
1759795929077,usdc,31.77,deposit,1112.000000,16146.376004
1759798068504,doge,53.03,buy,539.89593975,3647.13738704
1759806321063,twd,1.0,deposit,122077,88947174
1759808556534,sol,9061.87,deposit,7.09253055,34.35839039
1759809178161,btc,3588392.88,withdrawal,-0.00271109,0.00756370
1759811060987,usdc,31.78,withdrawal,-308.000000,15838.376004
1759818068136,sol,9069.35,deposit,3.13783673,37.49622712
1759820237084,usdc,31.79,deposit,2538.000000,18376.376004
1759820355662,btc,3591662.79,sell,-0.00064479,0.00691891
1759821394875,btc,3592954.17,buy,0.00740557,0.01432448
1759822593127,btc,3591585.71,buy,0.00846672,0.02279120
1759825823098,doge,52.93,buy,564.69216316,4211.82955020
1759853753232,usdt,32.56,deposit,969.000000,10415.287044
1759858912792,btc,3592332.72,buy,0.00987240,0.03266360
1759862290433,usdt,32.57,deposit,1543.000000,11958.287044
1759866016483,sol,9085.84,withdrawal,-11.96238754,25.53383958
1759866057339,doge,52.96,deposit,629.62628181,4841.45583201
1759880552071,doge,53.0,buy,421.91543209,5263.37126410
1759891345498,eth,133853.52,withdrawal,-0.67395230,1.22133939
1759893206158,usdt,32.58,sell,-4704.157074,7254.129970
1759894720204,usdt,32.58,withdrawal,-473.000000,6781.129970
1759896412600,usdt,32.59,sell,-2330.341572,4450.788398
1759898768711,doge,52.93,withdrawal,-1656.75939089,3606.61187321
1759902273602,btc,3592427.39,buy,0.01346504,0.04612864
1759902377566,usdc,31.79,sell,-7182.548764,11193.827240
1759903511630,btc,3593023.5,withdrawal,-0.00554091,0.04058773
1759909977547,usdt,32.58,buy,280.596289,4731.384687
1759910163202,twd,1.0,deposit,37346,89242122
1759920087760,doge,52.89,buy,745.91187166,4352.52374487
1759925999669,sol,9085.14,buy,3.24329658,28.77713616
1759929193543,btc,3596399.59,sell,-0.00533724,0.03525049
1759931293287,eth,133877.63,sell,-0.11328522,1.10805417
1759931790374,doge,52.99,withdrawal,-1226.90725857,3125.61648630
1759931797857,eth,133992.16,buy,0.14100895,1.24906312
1759934940000,btc,3597082.89,buy,0.00457868,0.03982917
1759935900000,eth,134058.3,sell,-0.15738508,1.09167804
1759937100000,btc,3598543.26,buy,0.00768742,0.04751659
1759937585878,usdc,31.76,buy,489.606508,11683.433748
1759938000000,twd,1.0,withdrawal,-12910,89137172
1759938747472,doge,53.09,deposit,1000.56114352,4126.17762982
1759939380000,usdc,31.77,buy,100.350232,11783.783980
1759941240000,usdt,32.57,deposit,857.000000,5588.384687
1759942620000,doge,53.14,withdrawal,-842.57855120,3283.59907862
1759953229555,doge,53.15,buy,386.77047149,3670.36955011
1759953723676,usdc,31.77,sell,-336.861390,11446.922590
1759955470464,doge,53.23,deposit,933.18435918,4603.55390929
1759962673122,doge,53.24,sell,-486.81360864,4116.74030065
1759966906524,doge,53.25,withdrawal,-1159.51301048,2957.22729017
1759970797557,twd,1.0,deposit,130114,89280163
1759973197707,btc,3595747.63,sell,-0.01163909,0.03587750
1759974943685,doge,53.2,sell,-653.43737844,2303.78991173
1759981596148,usdc,31.77,deposit,640.000000,12086.922590
1759984320969,usdc,31.76,sell,-2125.589571,9961.333019
1759987713534,eth,133730.79,withdrawal,-0.40826995,0.68340809
1759989693333,doge,53.24,deposit,1197.80443228,3501.59434401
1759997671686,sol,9111.23,buy,1.23834793,30.01548409
1760004418082,btc,3601760.54,deposit,0.04043872,0.07631622
1760005852203,usdt,32.53,deposit,1916.000000,7504.384687
1760012659623,eth,133558.24,sell,-0.06660594,0.61680215
1760012876740,sol,9114.45,buy,1.59366312,31.60914721
1760013142140,btc,3599400.08,buy,0.01005326,0.08636948
1760033071430,usdt,32.53,withdrawal,-487.000000,7017.384687
1760039170328,usdt,32.53,sell,-3365.885921,3651.498766
1760039882115,sol,9116.42,sell,-8.86456673,22.74458048
1760040395643,usdc,31.77,withdrawal,-455.000000,9506.333019
1760042717950,usdt,32.53,sell,-90.269888,3561.228878
1760045208625,eth,133673.39,sell,-0.10803494,0.50876721
1760048358149,sol,9134.75,buy,5.34957813,28.09415861
1760048722051,eth,133650.17,withdrawal,-0.02526853,0.48349868
1760057376282,eth,133709.75,withdrawal,-0.11103446,0.37246422
1760059317229,usdt,32.54,withdrawal,-161.000000,3400.228878
1760065560271,btc,3597302.87,deposit,0.01562295,0.10199243
1760065812166,btc,3596492.92,sell,-0.00124836,0.10074407
1760068706806,twd,1.0,deposit,68258,89602772
1760070366367,eth,133714.28,deposit,0.50985193,0.88231615
1760072661789,eth,133692.91,sell,-0.08604265,0.79627350
1760074212709,eth,133724.87,deposit,0.50213445,1.29840795
1760078015311,eth,133678.57,sell,-0.55023014,0.74817781
1760078795073,usdc,31.81,buy,987.802861,10494.135880
1760084581472,usdt,32.52,sell,-122.399435,3277.829443
1760085211503,usdc,31.81,withdrawal,-137.000000,10357.135880
1760087548324,usdc,31.81,buy,515.235931,10872.371811
1760087683150,usdt,32.51,sell,-67.481491,3210.347952
1760096344352,btc,3595000.06,buy,0.00500267,0.10574674
1760097211374,doge,53.54,buy,292.15148583,3793.74582984
1760099446694,twd,1.0,deposit,85890,89698462
1760102655740,eth,133621.86,sell,-0.11918297,0.62899484
1760104886289,eth,133661.91,sell,-0.10580665,0.52318819
1760105069778,doge,53.51,sell,-475.74589270,3317.99993714
1760106332933,usdc,31.81,deposit,1055.000000,11927.371811
1760107775273,usdt,32.5,buy,760.226315,3970.574267
1760111490354,eth,133678.86,buy,0.26441536,0.78760355
1760111815972,sol,9155.61,buy,3.51945337,31.61361198
1760123393842,twd,1.0,deposit,117664,89779369
1760129701718,sol,9151.57,buy,2.81762669,34.43123867
1760130852146,btc,3596106.83,sell,-0.04503371,0.06071303
1760138425133,usdc,31.82,withdrawal,-448.000000,11479.371811
1760155778504,usdc,31.82,withdrawal,-90.000000,11389.371811
1760162154520,sol,9153.0,buy,3.60915830,38.04039697
1760163994298,doge,53.43,buy,373.43680622,3691.43674336
1760166317828,doge,53.44,withdrawal,-1065.44699184,2625.98975152
1760171583240,doge,53.42,sell,-1497.47487347,1128.51487805
1760171741151,usdt,32.49,withdrawal,-252.000000,3718.574267
1760172603224,eth,133646.54,deposit,0.77560217,1.56320572
1760173282528,doge,53.49,withdrawal,-89.05104034,1039.46383771
1760188685573,usdc,31.8,withdrawal,-397.000000,10992.371811
1760192340143,eth,133676.05,sell,-0.05156198,1.51164374
1760196226234,usdt,32.48,withdrawal,-495.000000,3223.574267
1760210234335,eth,133582.79,withdrawal,-0.41921033,1.09243341
1760211263015,doge,53.37,buy,304.28667762,1343.75051533
1760215283900,usdc,31.8,sell,-1015.449982,9976.921829
1760215347485,eth,133478.39,sell,-0.09494672,0.99748669
1760217282427,doge,53.4,withdrawal,-229.32872537,1114.42178996
1760218430791,btc,3597226.91,buy,0.01265831,0.07337134
1760219526407,usdc,31.79,deposit,763.000000,10739.921829
1760225798662,sol,9157.82,sell,-15.18490999,22.85548698
1760227829081,doge,53.39,buy,571.05279159,1685.47458155
1760230135131,btc,3594486.12,buy,0.00938527,0.08275661
1760231540139,doge,53.41,sell,-734.01723974,951.45734181
1760243384108,btc,3594410.13,deposit,0.01720272,0.09995933
1760245691257,usdc,31.77,withdrawal,-326.000000,10413.921829
1760249850080,usdt,32.51,deposit,1754.000000,4977.574267
1760252928673,eth,133480.9,sell,-0.15651705,0.84096964
1760254640437,eth,133524.04,withdrawal,-0.03373817,0.80723147
1760254888458,btc,3593347.8,buy,0.00370687,0.10366620
1760256280636,eth,133521.69,withdrawal,-0.07551612,0.73171535
1760258123079,sol,9165.56,buy,1.83673528,24.69222226
1760259385912,btc,3593488.64,deposit,0.02318466,0.12685086
1760261079170,sol,9160.78,sell,-12.83826221,11.85396005
1760262077065,usdt,32.5,buy,1365.320810,6342.895077
1760263144942,usdt,32.5,deposit,1643.000000,7985.895077
1760263372467,sol,9156.44,buy,0.48404587,12.33800592
1760263798568,sol,9152.46,buy,3.70417062,16.04217654
1760265766489,usdc,31.77,deposit,1264.000000,11677.921829
1760268097829,eth,133495.67,sell,-0.27156121,0.46015414
1760268396087,btc,3595831.2,withdrawal,-0.01740724,0.10944362
1760270339275,sol,9148.85,buy,4.66119040,20.70336694
1760282056982,doge,53.38,withdrawal,-224.73569877,726.72164304
1760284747221,eth,133501.4,withdrawal,-0.05005866,0.41009548
1760291603824,sol,9159.08,withdrawal,-6.37999290,14.32337404
1760292047739,doge,53.36,buy,853.98789966,1580.70954270
1760295349235,eth,133431.58,deposit,0.51208225,0.92217773
1760301303293,twd,1.0,deposit,35398,90055739
1760301684530,doge,53.43,deposit,450.36519008,2031.07473278
1760302814590,sol,9150.58,withdrawal,-5.28883665,9.03453739
1760307272537,doge,53.49,buy,665.58193350,2696.65666628
1760307868236,usdt,32.5,sell,-931.727211,7054.167866
1760310439185,sol,9158.16,buy,5.05573775,14.09027514
1760311835552,btc,3597190.68,buy,0.00962537,0.11906899
1760312218105,doge,53.44,buy,901.42872792,3598.08539420
1760313254176,btc,3597071.05,sell,-0.04539039,0.07367860
1760317704500,doge,53.44,sell,-1930.17843295,1667.90696125
1760322560555,sol,9168.4,buy,3.01706771,17.10734285
1760323737539,usdt,32.51,sell,-3746.818834,3307.349032
1760324804071,usdt,32.5,buy,314.570272,3621.919304
1760326030388,twd,1.0,deposit,115726,90387389
1760334872221,eth,133621.57,withdrawal,-0.13144522,0.79073251
1760336051994,twd,1.0,withdrawal,-26313,90361076
1760339304433,usdc,31.77,sell,-6614.126709,5063.795120
1760340339220,btc,3598351.46,sell,-0.02692778,0.04675082
1760346493164,usdt,32.5,buy,1197.131506,4819.050810
1760348363041,btc,3599359.66,sell,-0.02510044,0.02165038
1760350080000,usdt,32.52,withdrawal,-487.000000,4332.050810
1760351603239,doge,53.52,withdrawal,-602.22266227,1065.68429898
1760352390529,eth,133706.81,withdrawal,-0.06098313,0.72974938
1760353775344,eth,133732.98,buy,0.21945323,0.94920261
1760365412217,usdc,31.77,buy,705.126872,5768.921992
1760367869225,usdt,32.51,deposit,1917.000000,6249.050810
1760372805802,btc,3598792.42,deposit,0.03248744,0.05413782
1760372938686,eth,133684.04,deposit,0.68193557,1.63113818
1760374111193,eth,133685.07,sell,-0.17018150,1.46095668
1760374376184,usdt,32.52,buy,287.678913,6536.729723
1760376148998,btc,3596151.54,deposit,0.02525292,0.07939074
1760376573749,usdc,31.79,deposit,1125.000000,6893.921992
1760389177212,usdt,32.52,deposit,2004.000000,8540.729723
1760389441394,btc,3594254.34,buy,0.00078537,0.08017611
1760393078745,btc,3595567.97,buy,0.00030410,0.08048021
1760396402794,usdc,31.78,deposit,2986.000000,9879.921992
1760397770386,usdc,31.79,deposit,2823.000000,12702.921992
1760403019200,eth,133696.65,buy,0.17584220,1.63679888
1760404817468,usdc,31.78,deposit,2196.000000,14898.921992
1760405253567,usdc,31.78,withdrawal,-381.000000,14517.921992
1760406305958,usdt,32.49,withdrawal,-292.000000,8248.729723
1760408715829,usdc,31.78,withdrawal,-65.000000,14452.921992
1760423270364,doge,53.48,withdrawal,-284.68176024,781.00253874
1760424219884,usdt,32.49,deposit,2873.000000,11121.729723
1760424546243,usdt,32.5,sell,-2953.219095,8168.510628
1760427492812,eth,133629.36,buy,0.08282592,1.71962480
1760430280276,usdc,31.8,withdrawal,-487.000000,13965.921992
1760433654481,btc,3601233.88,deposit,0.04996177,0.13044198
1760436311290,doge,53.57,deposit,2126.56585585,2907.56839459
1760440890272,btc,3603091.22,deposit,0.03159152,0.16203350
1760440980735,sol,9182.43,sell,-5.42599903,11.68134382
1760442622735,usdt,32.51,buy,1227.610634,9396.121262
1760443411289,doge,53.61,withdrawal,-689.45957145,2218.10882314
1760444970021,twd,1.0,withdrawal,-23570,90725002
1760445321437,usdt,32.51,withdrawal,-177.000000,9219.121262
1760446623626,eth,133555.75,withdrawal,-0.02832208,1.69130272
1760455924139,eth,133576.21,withdrawal,-0.35470768,1.33659504
1760456176041,doge,53.61,withdrawal,-383.83137972,1834.27744342
1760456256189,usdc,31.79,buy,1043.369767,15009.291759
1760458576491,doge,53.63,sell,-211.55035681,1622.72708661
1760461645862,eth,133590.73,deposit,0.39418182,1.73077686
1760464336376,sol,9191.48,withdrawal,-4.36803746,7.31330636
1760466197011,eth,133588.34,sell,-0.93728211,0.79349475
1760470690027,eth,133652.61,buy,0.04343714,0.83693189
1760472626126,eth,133688.5,deposit,0.57567555,1.41260744
1760477723715,sol,9192.11,sell,-2.96968976,4.34361660
1760477901125,btc,3602692.34,buy,0.01120146,0.17323496
1760480720983,eth,133701.94,sell,-0.83649290,0.57611454
1760500263230,eth,133703.36,withdrawal,-0.10655679,0.46955775
1760503784135,usdt,32.54,sell,-1613.485482,7605.635780
1760505532961,usdt,32.54,sell,-958.134014,6647.501766
1760505825157,usdt,32.53,deposit,2948.000000,9595.501766
1760507751624,eth,133754.74,sell,-0.21194884,0.25760891
1760510487392,sol,9193.6,sell,-1.61929403,2.72432257
1760517703738,doge,53.59,sell,-647.41291345,975.31417316
1760524050147,eth,133765.45,withdrawal,-0.02727184,0.23033707
1760524667382,sol,9195.78,deposit,12.35744037,15.08176294
1760524909610,sol,9198.48,deposit,5.00882366,20.09058660
1760530880605,twd,1.0,withdrawal,-14275,91068701
1760539055540,doge,53.74,withdrawal,-358.28978739,617.02438577
1760539282385,eth,133801.72,withdrawal,-0.04672369,0.18361338
1760539758710,btc,3603082.04,buy,0.01162464,0.18485960
1760545877894,eth,133853.69,withdrawal,-0.05609063,0.12752275
1760546566747,doge,53.72,sell,-231.39445438,385.62993139
1760546617717,eth,133792.68,buy,0.14004172,0.26756447
1760546797757,btc,3605975.11,deposit,0.01648488,0.20134448
1760548579320,sol,9198.92,sell,-8.29831931,11.79226729
1760549223890,eth,133854.78,deposit,1.11438678,1.38195125
1760549557137,usdc,31.82,withdrawal,-427.000000,14582.291759
1760552551182,sol,9204.34,buy,2.31954973,14.11181702
1760558494550,doge,53.79,deposit,1291.00921926,1676.63915065
1760560614890,usdc,31.83,buy,381.577391,14963.869150
1760562055977,sol,9202.14,buy,1.48045361,15.59227063
1760563337577,twd,1.0,withdrawal,-18324,91031403
1760566658365,usdc,31.85,withdrawal,-420.000000,14543.869150
1760571196932,btc,3604971.12,sell,-0.03848888,0.16285560
1760571559589,doge,53.76,withdrawal,-425.64413333,1250.99501732
1760573677237,btc,3604413.28,sell,-0.00753330,0.15532230
1760573744141,sol,9222.79,withdrawal,-6.05804354,9.53422709
1760576075732,usdc,31.84,withdrawal,-360.000000,14183.869150
1760580851048,sol,9228.15,deposit,13.01143319,22.54566028
1760583899417,usdt,32.48,deposit,2458.000000,12053.501766
1760586345187,btc,3604174.99,sell,-0.08647593,0.06884637
1760596353996,sol,9222.7,deposit,8.37058278,30.91624306
1760605540695,btc,3603492.31,withdrawal,-0.02514130,0.04370507
1760607344665,usdc,31.85,withdrawal,-416.000000,13767.869150
1760608180425,twd,1.0,deposit,27545,91536527
1760614099944,doge,53.94,withdrawal,-178.55317935,1072.44183797
1760614337663,btc,3604465.88,buy,0.00563841,0.04934348
1760615310146,sol,9229.13,buy,0.90874620,31.82498926
1760627827927,doge,53.94,sell,-449.10706259,623.33477538
1760630143768,sol,9235.44,buy,3.25839572,35.08338498
1760639052300,usdt,32.51,sell,-3263.884754,8789.617012
1760640234543,sol,9235.38,deposit,9.64905549,44.73244047
1760645167962,usdt,32.5,withdrawal,-163.000000,8626.617012
1760651185096,eth,133861.68,withdrawal,-0.27804810,1.10390315
1760656441439,sol,9237.56,sell,-14.39257555,30.33986492
1760657879367,sol,9241.82,deposit,7.93704448,38.27690940
1760659238281,usdc,31.86,buy,849.378822,14617.247972
1760666906634,sol,9243.55,withdrawal,-5.90411238,32.37279702
1760667183419,usdt,32.5,sell,-2741.140432,5885.476580
1760668846441,eth,133942.55,sell,-0.46989839,0.63400476
1760669279449,btc,3611464.02,withdrawal,-0.00254585,0.04679763
1760676576840,sol,9252.72,deposit,8.25843199,40.63122901
1760685667083,btc,3611734.55,buy,0.00758573,0.05438336
1760687295030,sol,9248.44,withdrawal,-15.77887588,24.85235313
1760687920605,usdc,31.85,withdrawal,-446.000000,14171.247972
1760690529796,eth,133768.67,withdrawal,-0.03461808,0.59938668
1760702449069,usdc,31.84,deposit,2657.000000,16828.247972
1760705165263,doge,53.95,withdrawal,-122.73576752,500.59900786
1760706211102,sol,9254.19,deposit,3.66694015,28.51929328
1760706727566,usdt,32.49,withdrawal,-88.000000,5797.476580
1760708280000,usdc,31.83,buy,1402.410865,18230.658837
1760708868939,btc,3614493.08,withdrawal,-0.01262558,0.04175778
1760715006043,btc,3614565.04,buy,0.00138684,0.04314462
1760715752842,usdt,32.49,buy,1038.915944,6836.392524
1760719884489,eth,133749.19,withdrawal,-0.13249888,0.46688780
1760720542056,doge,53.9,deposit,249.29655620,749.89556406
1760724620950,usdt,32.49,deposit,720.000000,7556.392524
1760727489567,usdc,31.84,withdrawal,-276.000000,17954.658837
1760730757548,eth,133722.43,buy,0.18498168,0.65186948
1760742150200,usdt,32.49,sell,-49.068177,7507.324347
1760748059448,usdt,32.49,sell,-4265.293754,3242.030593
1760776485463,usdc,31.85,buy,681.230723,18635.889560
1760779366574,btc,3617531.92,deposit,0.04045503,0.08359965
1760787870117,usdc,31.84,buy,1239.301427,19875.190987
1760791057659,usdt,32.46,sell,-1471.332820,1770.697773
1760795331160,usdt,32.46,deposit,951.000000,2721.697773
1760796753550,usdt,32.46,buy,815.225679,3536.923452
1760797131028,sol,9269.21,sell,-6.11505028,22.40424300
1760798222724,eth,133847.86,withdrawal,-0.24031782,0.41155166
1760800480197,usdt,32.44,deposit,1420.000000,4956.923452
1760801756237,usdt,32.43,withdrawal,-284.000000,4672.923452
1760804588226,doge,54.03,sell,-44.66897345,705.22659061
1760805621413,btc,3614575.72,sell,-0.04172307,0.04187658
1760814431438,twd,1.0,withdrawal,-6996,92033672
1760814802929,btc,3616254.79,sell,-0.00067379,0.04120279
1760814860976,doge,54.05,withdrawal,-218.49900302,486.72758759
1760816226873,btc,3616385.3,buy,0.01097430,0.05217709
1760817623641,sol,9287.98,buy,1.32809497,23.73233797
1760818188763,twd,1.0,withdrawal,-8852,91975234
1760819639902,btc,3615104.57,withdrawal,-0.01114199,0.04103510
1760820276713,usdt,32.44,buy,164.276416,4837.199868
1760821693263,usdc,31.79,withdrawal,-167.000000,19708.190987
1760825097264,doge,54.0,deposit,732.38074404,1219.10833163
1760828623726,eth,134095.21,sell,-0.03601233,0.37553933
1760831311391,eth,134098.25,deposit,1.18359694,1.55913627
1760832419714,btc,3617208.75,buy,0.00744904,0.04848414
1760837931576,eth,134039.94,deposit,1.06290259,2.62203886
1760839254440,usdc,31.8,buy,722.998688,20431.189675
1760842326203,usdt,32.44,deposit,956.000000,5793.199868
1760842329340,usdt,32.44,buy,679.618079,6472.817947
1760847420000,usdt,32.44,deposit,1294.000000,7766.817947
1760848320000,doge,53.98,deposit,372.13202597,1591.24035760
1760852612160,btc,3616036.29,sell,-0.01548733,0.03299681
1760853722226,usdt,32.42,buy,551.027843,8317.845790
1760863765945,eth,134167.85,sell,-1.41789207,1.20414679
1760868035828,eth,134159.6,deposit,1.45421263,2.65835942
1760872108899,eth,134179.04,buy,0.06515355,2.72351297
1760874274839,btc,3614670.56,deposit,0.04395692,0.07695373
1760874716355,usdc,31.77,buy,328.519525,20759.709200
1760875025642,usdc,31.78,withdrawal,-462.000000,20297.709200
1760876148811,usdt,32.42,sell,-2013.306197,6304.539593
1760881833301,sol,9310.7,deposit,12.03442190,35.76675987
1760882904269,eth,134248.68,sell,-1.30387553,1.41963744
1760886456159,btc,3612525.86,withdrawal,-0.00224539,0.07470834
1760887086644,usdc,31.79,withdrawal,-337.000000,19960.709200
1760888429202,doge,53.95,withdrawal,-439.82331579,1151.41704181
1760888879542,usdt,32.41,deposit,1736.000000,8040.539593
1760890305999,doge,53.97,buy,341.51651672,1492.93355853
1760893773318,doge,54.02,sell,-511.22783235,981.70572618
1760901198548,twd,1.0,withdrawal,-22780,92338663
1760904669995,usdt,32.42,buy,946.612171,8987.151764
1760905973961,usdt,32.42,deposit,1658.000000,10645.151764
1760907720044,sol,9314.62,deposit,3.75580435,39.52256422
1760909113019,usdc,31.76,withdrawal,-153.000000,19807.709200
1760911742196,sol,9316.7,withdrawal,-11.14329303,28.37927119
1760913230147,sol,9312.66,deposit,2.84037793,31.21964912
1760913585164,sol,9310.14,buy,2.45802645,33.67767557
1760913967356,eth,134076.68,withdrawal,-0.16840439,1.25123305
1760914442018,usdt,32.42,buy,1059.580561,11704.732325
1760915102659,doge,54.1,deposit,675.42842840,1657.13415458
1760915707141,eth,134057.16,withdrawal,-0.05608344,1.19514961
1760917411409,btc,3609735.58,sell,-0.02624193,0.04846641
1760921571373,usdc,31.73,withdrawal,-477.000000,19330.709200
1760921885747,eth,134097.17,withdrawal,-0.37823176,0.81691785
1760924155526,usdt,32.41,deposit,501.000000,12205.732325
1760924210904,usdc,31.73,withdrawal,-284.000000,19046.709200
1760932890394,usdt,32.41,withdrawal,-357.000000,11848.732325
1760936629308,eth,134016.16,deposit,1.48136025,2.29827810
1760938625765,sol,9315.55,buy,0.44306544,34.12074101
1760939245762,eth,133950.81,buy,0.09758875,2.39586685
1760946080553,doge,54.16,buy,246.88976477,1904.02391935
1760959432647,eth,133952.26,deposit,0.47774518,2.87361203
1760962102723,usdt,32.41,buy,972.839447,12821.571772
1760964913521,doge,54.2,sell,-528.08918349,1375.93473586
1760967216452,usdc,31.74,buy,1211.566378,20258.275578
1760968564343,usdc,31.74,sell,-1880.171784,18378.103794
1760969172341,sol,9309.07,deposit,3.08361260,37.20435361
1760971753253,usdt,32.42,sell,-1295.254177,11526.317595
1760976780233,eth,133902.19,withdrawal,-0.45199698,2.42161505
1760977528306,twd,1.0,withdrawal,-15469,92359723
1760981469104,usdc,31.71,sell,-1094.736527,17283.367267
1760982560981,btc,3609963.78,withdrawal,-0.01720634,0.03126007
1760983478803,sol,9311.01,deposit,3.38053844,40.58489205
1760987502572,sol,9311.41,withdrawal,-13.21904677,27.36584528
1760988130181,doge,54.2,sell,-801.02300188,574.91173398
1760990429843,sol,9312.82,sell,-1.92658004,25.43926524
1760994849625,eth,133869.76,sell,-0.58732650,1.83428855
1760997353437,usdc,31.69,withdrawal,-363.000000,16920.367267
1761003868274,usdc,31.69,buy,1525.735512,18446.102779
1761006797708,usdc,31.68,withdrawal,-115.000000,18331.102779
1761007769948,doge,54.24,deposit,1727.75631487,2302.66804885
1761008752360,usdc,31.68,buy,757.308192,19088.410971
1761016344999,btc,3607745.59,sell,-0.01015089,0.02110918
1761018679188,twd,1.0,deposit,103355,92602054
1761021534710,twd,1.0,deposit,147794,92749848
1761022320297,sol,9318.78,sell,-2.91302728,22.52623796
1761023598413,sol,9317.75,buy,4.57037610,27.09661406
1761024032478,usdc,31.68,sell,-8618.951528,10469.459443
1761028785904,doge,54.16,buy,502.51631818,2805.18436703
1761036501144,sol,9325.18,buy,4.21220948,31.30882354
1761036592656,doge,54.21,sell,-796.28127868,2008.90308835
1761050950806,doge,54.18,sell,-498.81861676,1510.08447159
1761051313131,usdc,31.69,sell,-543.130548,9926.328895
1761056877203,sol,9324.2,deposit,11.54690351,42.85572705
1761064511839,eth,134020.02,withdrawal,-0.45850274,1.37578581
1761077425966,twd,1.0,deposit,25334,93053670
1761080643915,sol,9325.05,buy,2.64034791,45.49607496
1761086640439,sol,9325.86,sell,-18.54219342,26.95388154
1761087456922,btc,3610418.09,sell,-0.00132122,0.01978796
1761090608128,doge,54.39,sell,-532.07107397,978.01339762
1761097085832,doge,54.44,withdrawal,-292.90748484,685.10591278
1761103514810,usdt,32.4,sell,-4577.724476,6948.593119
1761103651218,sol,9326.31,buy,1.32043624,28.27431778
1761106048262,twd,1.0,withdrawal,-24813,93346870
1761106300422,eth,134211.96,withdrawal,-0.08865927,1.28712654
1761119467750,doge,54.45,buy,336.54680477,1021.65271755
1761120667454,btc,3613210.56,buy,0.01061691,0.03040487
1761122425941,btc,3614365.52,deposit,0.04137610,0.07178097
1761122649176,doge,54.44,buy,337.88466021,1359.53737776
1761123242765,usdc,31.77,sell,-1883.355085,8042.973810
1761123524845,twd,1.0,withdrawal,-7223,93324408
1761124408404,doge,54.47,deposit,776.85162845,2136.38900621
1761124457981,btc,3613402.69,buy,0.00225860,0.07403957
1761125926047,btc,3614539.28,withdrawal,-0.02863563,0.04540394
1761128388919,sol,9339.49,buy,2.08212559,30.35644337
1761134623132,eth,134132.54,withdrawal,-0.41234624,0.87478030
1761137636257,eth,134123.25,sell,-0.52354648,0.35123382
1761139844981,doge,54.46,buy,643.30815937,2779.69716558
1761141218159,sol,9335.46,deposit,4.39959710,34.75604047
1761144330499,sol,9335.16,deposit,2.51478475,37.27082522
1761144549097,eth,134091.04,withdrawal,-0.03037132,0.32086250
1761145094839,usdc,31.77,withdrawal,-328.000000,7714.973810
1761147349555,usdc,31.77,sell,-2977.840029,4737.133781
1761149755482,twd,1.0,deposit,140664,93567260
1761150150768,usdc,31.78,sell,-111.523190,4625.610591
1761152794938,usdc,31.77,sell,-2556.944642,2068.665949
1761158466338,eth,133997.45,deposit,0.65015656,0.97101906
1761160334399,doge,54.62,buy,613.42859082,3393.12575640
1761168169073,doge,54.64,sell,-257.44002719,3135.68572921
1761175003516,doge,54.61,deposit,2462.41692453,5598.10265374
1761175760725,usdc,31.81,sell,-393.969221,1674.696728
1761177724343,usdc,31.81,deposit,2669.000000,4343.696728
1761190174107,eth,134107.22,buy,0.25356429,1.22458335
1761194515559,twd,1.0,deposit,50390,93661526
1761195775103,sol,9335.22,withdrawal,-2.12938804,35.14143718
1761197520364,eth,134037.1,deposit,0.80001629,2.02459964
1761202133099,usdc,31.82,buy,683.984637,5027.681365
1761211123503,btc,3614165.69,withdrawal,-0.00312723,0.04227671
1761213369585,usdc,31.83,sell,-2787.850795,2239.830570
1761217430635,usdc,31.83,sell,-292.852601,1946.977969
1761223500000,usdc,31.83,buy,113.419165,2060.397134
1761223560000,usdt,32.43,withdrawal,-134.000000,6814.593119
1761224820000,twd,1.0,deposit,23699,93757920
1761225960000,usdt,32.43,withdrawal,-78.000000,6736.593119
1761226920000,eth,133941.87,sell,-0.90605367,1.11854597
1761227880000,eth,133992.97,sell,-0.66233272,0.45621325
1761228480000,usdc,31.85,sell,-599.511370,1460.885764
1761231180000,eth,133958.75,buy,0.35714417,0.81335742
1761232260000,usdt,32.44,sell,-3046.308548,3690.284571
1761232770599,sol,9347.1,withdrawal,-4.52453849,30.61689869
1761233880000,sol,9351.28,withdrawal,-1.53791263,29.07898606
1761235020000,doge,54.89,withdrawal,-175.63231785,5422.47033589
1761235140000,eth,133971.78,deposit,0.60919564,1.42255306
1761237180000,doge,54.81,withdrawal,-542.65223834,4879.81809755
1761239414471,eth,134007.97,buy,0.12860817,1.55116123
1761240282109,doge,54.87,deposit,2335.03910876,7214.85720631
1761240590548,doge,54.82,buy,181.29096976,7396.14817607
1761245656490,btc,3611325.92,withdrawal,-0.01234973,0.02992698
1761248918730,usdc,31.84,sell,-365.051688,1095.834076
1761250275327,usdt,32.42,deposit,1110.000000,4800.284571
1761258725867,btc,3612037.19,sell,-0.01026838,0.01965860
1761261168169,usdc,31.85,sell,-58.945340,1036.888736
1761266648631,usdt,32.43,sell,-1755.741867,3044.542704
1761270926358,doge,55.0,buy,398.50327324,7794.65144931
1761271670801,sol,9358.57,withdrawal,-2.13026897,26.94871709
1761272196342,eth,133917.17,deposit,0.53464214,2.08580337
1761282374197,eth,133966.99,buy,0.01783259,2.10363596
1761297909244,eth,133918.27,withdrawal,-0.29843966,1.80519630
1761300272810,usdc,31.86,deposit,553.000000,1589.888736
1761301060597,doge,55.06,withdrawal,-919.05512690,6875.59632241
1761303536576,usdt,32.43,sell,-1136.469005,1908.073699
1761305216449,eth,133882.17,withdrawal,-0.27149265,1.53370365
1761306328251,eth,133931.44,withdrawal,-0.12910002,1.40460363
1761315417564,btc,3616772.0,sell,-0.00063817,0.01902043
1761316872272,eth,133925.2,sell,-0.14094484,1.26365879
1761318356224,doge,55.02,sell,-4093.34043558,2782.25588683
1761320182038,eth,134000.09,withdrawal,-0.25620980,1.00744899
1761324758265,usdt,32.41,buy,133.422679,2041.496378
1761326520091,doge,55.13,deposit,745.54110192,3527.79698875
1761332259547,btc,3618131.74,withdrawal,-0.00508520,0.01393523
1761334598879,doge,55.19,sell,-918.86372553,2608.93326322
1761343221775,usdt,32.41,withdrawal,-280.000000,1761.496378
1761343684082,sol,9363.46,sell,-6.84186105,20.10685604
1761346561487,sol,9366.54,sell,-0.25382521,19.85303083
1761349191133,doge,55.22,withdrawal,-273.56404608,2335.36921714
1761350970330,usdc,31.83,buy,437.424714,2027.313450
1761359556194,sol,9379.41,withdrawal,-3.74348579,16.10954504
1761366630091,eth,134003.58,buy,0.21042200,1.21787099
1761366792254,eth,134043.39,withdrawal,-0.07509076,1.14278023
1761384761339,usdc,31.84,sell,-879.627372,1147.686078
1761392414947,usdc,31.84,withdrawal,-195.000000,952.686078
1761397193280,sol,9388.92,sell,-8.58885715,7.52068789
1761397500000,eth,134092.75,withdrawal,-0.18824189,0.95453834
1761398940000,twd,1.0,withdrawal,-8994,94547744
1761399960000,twd,1.0,deposit,49068,94596812
1761400932735,doge,55.06,sell,-1005.38248740,1329.98672974
1761402180000,usdc,31.85,withdrawal,-185.000000,767.686078
1761403297821,twd,1.0,withdrawal,-20085,94632080
1761404760000,sol,9388.55,deposit,8.14090993,15.66159782
1761406320000,sol,9383.83,buy,2.66072966,18.32232748
1761406620000,sol,9387.42,sell,-8.32257122,9.99975626
1761407182494,usdc,31.86,buy,1245.324980,2013.011058
1761410307362,usdc,31.85,buy,1136.424860,3149.435918
1761417007122,usdt,32.41,sell,-953.249506,808.246872
1761422826383,usdt,32.4,buy,1296.796028,2105.042900
1761423432727,doge,55.14,buy,243.27151767,1573.25824741
1761434536121,usdt,32.4,buy,1314.270009,3419.312909
1761434846906,usdt,32.4,sell,-1474.366011,1944.946898
1761435209253,btc,3625966.13,withdrawal,-0.00277956,0.01115567
1761438649966,doge,55.16,deposit,2416.44037552,3989.69862293
1761444116918,usdt,32.41,sell,-504.874058,1440.072840
1761446531025,twd,1.0,withdrawal,-27569,94578830
1761446590950,sol,9389.78,withdrawal,-2.02857945,7.97117681
1761446756487,btc,3626203.55,buy,0.00326187,0.01441754
1761447551822,usdt,32.41,buy,1497.581048,2937.653888
1761447696107,sol,9381.24,buy,4.19419792,12.16537473
1761460150695,usdc,31.84,buy,956.197741,4105.633659
1761464114001,sol,9385.23,sell,-2.96618168,9.19919305
1761464853419,sol,9381.95,deposit,9.51869303,18.71788608
1761471123644,usdc,31.86,deposit,1590.000000,5695.633659
1761476035748,twd,1.0,withdrawal,-14938,94461566
1761493150109,usdt,32.41,sell,-1014.966713,1922.687175
1761496585230,btc,3632087.93,sell,-0.00691432,0.00750322
1761498881660,doge,55.12,buy,317.62452422,4307.32314715
1761501710083,btc,3634688.39,buy,0.00652191,0.01402513
1761502246012,btc,3634642.53,buy,0.00186287,0.01588800
1761503088121,usdc,31.86,buy,1477.581549,7173.215208
1761506678633,eth,133807.29,sell,-0.44940467,0.50513367
1761511758404,eth,133814.63,deposit,0.10514020,0.61027387
1761511764561,usdc,31.87,withdrawal,-269.000000,6904.215208
1761512305989,eth,133810.12,withdrawal,-0.12654714,0.48372673
1761513496230,usdt,32.4,sell,-983.409127,939.278048
1761513529972,usdc,31.87,buy,912.864157,7817.079365
1761515120633,sol,9408.17,deposit,14.80326302,33.52114910
1761519600559,btc,3639613.56,sell,-0.00602625,0.00986175
1761519665139,eth,133752.34,buy,0.15747723,0.64120396
1761523333528,btc,3640444.63,buy,0.01147970,0.02134145
1761527606003,sol,9416.65,buy,3.98293629,37.50408539
1761537068648,btc,3642362.38,buy,0.00983755,0.03117900
1761539389357,usdt,32.41,withdrawal,-436.000000,503.278048
1761540980792,doge,55.24,sell,-530.09532291,3777.22782424
1761548772143,eth,133865.16,withdrawal,-0.13412782,0.50707614
1761560356133,sol,9408.21,sell,-6.25996580,31.24411959
1761564231434,eth,133848.23,buy,0.02354164,0.53061778
1761566427390,usdt,32.39,deposit,2777.000000,3280.278048
1761570793322,btc,3645552.64,deposit,0.01735059,0.04852959
1761583329084,twd,1.0,withdrawal,-24121,94434063
1761590643749,btc,3645288.74,sell,-0.02001815,0.02851144
1761600759305,sol,9420.43,withdrawal,-5.73267512,25.51144447
1761601211476,eth,133878.13,buy,0.20304487,0.73366265
1761611475066,usdc,31.85,sell,-4284.294336,3532.785029
1761614763629,usdt,32.37,withdrawal,-255.000000,3025.278048
1761616064859,btc,3644846.06,deposit,0.03603130,0.06454274
1761616485069,usdt,32.38,withdrawal,-73.000000,2952.278048
1761624442206,sol,9431.66,sell,-1.32419414,24.18725033
1761626233717,eth,133939.1,sell,-0.05129088,0.68237177
1761629923519,eth,133978.48,sell,-0.24551693,0.43685484
1761636890314,doge,55.43,withdrawal,-869.51638608,2907.71143816
1761639228552,eth,133964.27,deposit,0.88802385,1.32487869
1761640952190,doge,55.42,buy,375.09557317,3282.80701133
1761643659483,twd,1.0,withdrawal,-6726,94641068
1761645411764,eth,133944.56,sell,-0.55757237,0.76730632
1761645460074,sol,9429.15,withdrawal,-7.35039822,16.83685211
1761650040000,doge,55.44,sell,-282.43640208,3000.37060925
1761652440000,btc,3641021.84,withdrawal,-0.00394617,0.06059657
1761652620000,usdt,32.36,sell,-773.063419,2179.214629
1761656189542,usdt,32.36,withdrawal,-215.000000,1964.214629
1761656562661,btc,3642262.96,sell,-0.02085272,0.03974385
1761668127470,eth,133940.24,sell,-0.40191373,0.36539259
1761668601828,btc,3643388.6,deposit,0.04024150,0.07998535
1761668837835,twd,1.0,deposit,47200,94933410
1761672056467,sol,9430.39,sell,-0.58067265,16.25617946
1761675641979,doge,55.6,deposit,2216.42104194,5216.79165119
1761676118295,eth,133972.43,deposit,0.64551068,1.01090327
1761677011789,eth,133963.66,buy,0.31217027,1.32307354
1761681015729,eth,133919.13,withdrawal,-0.25726245,1.06581109
1761682093132,usdt,32.34,withdrawal,-203.000000,1761.214629
1761682285338,sol,9444.69,buy,2.99108264,19.24726210
1761683449528,usdc,31.87,deposit,2208.000000,5740.785029
1761685369651,twd,1.0,deposit,26514,94895330
1761685428271,eth,133839.65,deposit,0.58571904,1.65153013
1761688321873,sol,9438.66,buy,2.28588413,21.53314623
1761690285083,sol,9434.26,buy,2.41045163,23.94359786
1761690872593,sol,9438.76,deposit,13.58711519,37.53071305
1761699874138,sol,9444.21,deposit,6.09226575,43.62297880
1761700606315,eth,133891.45,withdrawal,-0.60262977,1.04890036
1761704928202,twd,1.0,withdrawal,-5270,94845744
1761706281225,sol,9448.98,sell,-10.34589809,33.27708071
1761706565930,doge,55.76,withdrawal,-749.42973883,4467.36191236
1761711051322,eth,133943.87,deposit,0.26185889,1.31075925
1761715302256,usdc,31.87,deposit,2200.000000,7940.785029
1761716117680,btc,3636274.68,deposit,0.01768534,0.09767069
1761716879648,usdc,31.86,withdrawal,-469.000000,7471.785029
1761720049751,usdt,32.3,buy,750.215226,2511.429855
1761727042649,usdt,32.3,sell,-627.499266,1883.930589
1761729312996,eth,133964.74,deposit,0.52748757,1.83824682
1761731239479,usdt,32.31,buy,872.061607,2755.992196
1761735306493,twd,1.0,withdrawal,-13091,94898271
1761735929724,eth,134019.46,withdrawal,-0.28426772,1.55397910
1761741233673,usdt,32.29,sell,-350.530444,2405.461752
1761743231531,doge,55.92,withdrawal,-406.08064451,4061.28126785
1761745417467,sol,9455.73,sell,-6.14848439,27.12859632
1761746398849,doge,56.02,buy,829.19675430,4890.47802215
1761746859724,usdt,32.27,buy,1032.729450,3438.191202
1761750778675,sol,9446.4,sell,-7.17132582,19.95727050
1761765029941,usdc,31.85,sell,-1633.464363,5838.320666
1761769594935,eth,133954.66,buy,0.34882361,1.90280271
1761770669816,eth,133983.42,sell,-0.95639107,0.94641164
1761772739652,sol,9440.45,sell,-4.26506008,15.69221042
1761775059779,doge,56.1,deposit,1692.50303390,6582.98105605
1761776867641,eth,133972.95,deposit,0.65256286,1.59897450
1761778921044,doge,56.07,buy,547.36078982,7130.34184587
1761784569959,usdt,32.28,buy,452.973844,3891.165046
1761785810676,btc,3644094.51,sell,-0.03783178,0.05983891
1761793819775,usdc,31.83,sell,-163.460618,5674.860048
1761795512433,eth,134082.66,sell,-0.63309083,0.96588367
1761804969901,eth,134137.22,buy,0.11449808,1.08038175
1761808670588,btc,3643732.06,deposit,0.01524718,0.07508609
1761810995910,usdt,32.29,deposit,2860.000000,6751.165046
1761812507039,twd,1.0,deposit,88243,95384923
1761818468525,eth,134056.92,deposit,0.15840589,1.23878764
1761822461651,usdt,32.28,withdrawal,-404.000000,6347.165046
1761824568240,usdt,32.28,buy,1216.046087,7563.211133
1761837728976,doge,56.11,deposit,725.24490886,7855.58675473
1761846625139,usdt,32.28,deposit,2238.000000,9801.211133
1761846961684,btc,3643405.82,deposit,0.00854759,0.08363368
1761848967154,sol,9464.85,sell,-5.56315283,10.12905759
1761852078027,sol,9463.76,withdrawal,-3.78480645,6.34425114
1761861484093,usdt,32.28,deposit,1550.000000,11351.211133
1761865621320,usdt,32.29,sell,-3870.503711,7480.707422
1761869324799,btc,3642728.99,deposit,0.01594769,0.09958137
1761870554016,btc,3643301.56,buy,0.00152842,0.10110979
1761871734551,usdc,31.83,sell,-747.460438,4927.399610
1761873237101,twd,1.0,withdrawal,-13325,95528196
1761875619044,doge,56.17,withdrawal,-2108.08459985,5747.50215488
1761881017838,btc,3645878.0,withdrawal,-0.01975922,0.08135057
1761890495846,eth,134083.46,buy,0.29447154,1.53325918
1761899391672,btc,3647061.91,buy,0.00114389,0.08249446
1761903562210,twd,1.0,withdrawal,-20857,95463683
1761905190178,btc,3649305.79,buy,0.00380079,0.08629525
1761911772716,usdc,31.83,deposit,2409.000000,7336.399610
1761915636744,usdc,31.83,deposit,2543.000000,9879.399610
1761918241673,sol,9479.59,deposit,9.40259642,15.74684756
1761918842245,usdc,31.82,sell,-3873.941695,6005.457915
1761920086098,doge,56.16,withdrawal,-869.49210566,4878.01004922
1761921176663,usdc,31.82,sell,-2323.200292,3682.257623
1761933804694,doge,56.19,withdrawal,-662.81196287,4215.19808635
1761937380000,btc,3650684.69,buy,0.00702877,0.09332402
1761938100000,usdc,31.81,deposit,2441.000000,6123.257623
1761938580000,eth,134006.48,buy,0.14007350,1.67333268
1761940080000,doge,56.28,withdrawal,-672.95214677,3542.24593958
1761942780000,sol,9475.09,deposit,6.17037624,21.91722380
1761944160000,eth,134044.15,deposit,0.27414870,1.94748138
1761946140000,sol,9474.29,buy,0.54525392,22.46247772
1761948480000,eth,134082.91,buy,0.09921382,2.04669520
1761952965011,twd,1.0,withdrawal,-24593,95559532
1761957501019,eth,134180.35,deposit,0.69628316,2.74297836
1761961799736,usdt,32.33,sell,-2131.440862,5349.266560
1761964361213,sol,9469.51,deposit,7.84802954,30.31050726
1761965321298,btc,3647951.34,sell,-0.02278920,0.07053482
1761965807142,usdc,31.82,buy,1138.838506,7262.096129
1761974999196,btc,3648275.59,sell,-0.02123737,0.04929745
1761975279153,usdt,32.32,deposit,1967.000000,7316.266560
1761981048223,doge,56.15,withdrawal,-1101.03397678,2441.21196280
1761982730690,doge,56.12,deposit,1009.49559516,3450.70755796
1761983051462,usdt,32.34,deposit,874.000000,8190.266560
1761983439919,sol,9464.88,deposit,6.42043333,36.73094059
1761985055252,eth,134328.36,withdrawal,-0.35263460,2.39034376
1761987370626,usdt,32.35,withdrawal,-452.000000,7738.266560
1761988666246,usdt,32.34,buy,1526.452612,9264.719172
1761995772697,usdc,31.82,buy,1543.144866,8805.240995
1762003546302,usdc,31.82,buy,549.763108,9355.004103
1762010831218,doge,56.04,deposit,1987.27413156,5437.98168952
1762014339629,sol,9480.43,withdrawal,-6.80428587,29.92665472
1762015687985,usdc,31.81,deposit,1756.000000,11111.004103
1762016345923,doge,55.97,withdrawal,-1514.94130830,3923.04038122
1762018579742,btc,3656361.94,buy,0.01271488,0.06201233
1762019456639,twd,1.0,withdrawal,-21266,95569109
1762021554972,twd,1.0,withdrawal,-15269,95553840
1762024103394,btc,3654821.61,deposit,0.02444361,0.08645594
1762025108264,usdc,31.81,deposit,2211.000000,13322.004103
1762025552288,sol,9481.09,withdrawal,-5.29367471,24.63298001
1762025896039,eth,134401.72,withdrawal,-0.62098383,1.76935993
1762029771468,usdt,32.35,withdrawal,-333.000000,8931.719172
1762032882989,doge,56.09,deposit,1188.01795890,5111.05834012
1762034626387,btc,3654485.08,sell,-0.01791570,0.06854024
1762035935749,btc,3655623.68,buy,0.00798761,0.07652785
1762038446724,usdc,31.84,withdrawal,-149.000000,13173.004103
1762042035750,usdt,32.35,withdrawal,-95.000000,8836.719172
1762044565736,usdc,31.85,deposit,1074.000000,14247.004103
1762047010879,usdt,32.35,deposit,1028.000000,9864.719172
1762047751360,sol,9503.32,sell,-8.50713495,16.12584506
1762047832896,eth,134569.02,withdrawal,-0.69680500,1.07255493
1762056694853,doge,55.94,deposit,2103.93615334,7214.99449346
1762056917055,eth,134582.39,buy,0.32940285,1.40195778
1762059013305,btc,3656239.84,sell,-0.02006936,0.05645849
1762069551962,doge,56.04,sell,-1698.00711848,5516.98737498
1762076593523,btc,3656454.9,sell,-0.00517879,0.05127970
1762077629173,sol,9495.17,sell,-5.68168858,10.44415648
1762081696589,eth,134720.43,withdrawal,-0.45889950,0.94305828
1762082714544,twd,1.0,deposit,28627,95896672
1762082961624,btc,3659111.4,withdrawal,-0.00514559,0.04613411
1762083799540,usdt,32.36,sell,-3137.840463,6726.878709
1762086921255,usdc,31.84,withdrawal,-110.000000,14137.004103
1762088128286,eth,134745.5,sell,-0.35002017,0.59303811
1762088239711,eth,134747.2,withdrawal,-0.15123471,0.44180340
1762095338501,sol,9513.51,buy,1.97636505,12.42052153
1762095800191,eth,134679.35,buy,0.28120485,0.72300825
1762097216545,doge,56.09,buy,217.88120872,5734.86858370
1762098868653,usdc,31.82,withdrawal,-457.000000,13680.004103
1762105132201,doge,56.15,deposit,1883.37185855,7618.24044225
1762105716121,usdc,31.81,withdrawal,-141.000000,13539.004103
1762108802538,usdc,31.82,deposit,1846.000000,15385.004103
1762117763316,btc,3658787.26,deposit,0.01039198,0.05652609
1762119314139,btc,3659819.26,deposit,0.02158371,0.07810980
1762120861304,usdc,31.8,withdrawal,-350.000000,15035.004103
1762123147335,btc,3660313.57,sell,-0.00832871,0.06978109
1762126702268,usdt,32.37,buy,695.725777,7422.604486
1762130368310,eth,134714.23,deposit,1.13924286,1.86225111
1762134132959,btc,3656827.24,withdrawal,-0.01867840,0.05110269
1762135203758,btc,3655486.45,withdrawal,-0.00221287,0.04888982
1762135774694,twd,1.0,deposit,119294,96103742
1762139412151,sol,9543.05,sell,-5.83293306,6.58758847
1762141681799,eth,134780.11,sell,-0.59605457,1.26619654
1762148627896,usdt,32.36,sell,-3258.177689,4164.426797
1762150657456,usdt,32.35,deposit,530.000000,4694.426797
1762152117967,sol,9532.18,buy,3.02097059,9.60855906
1762152905472,doge,56.09,buy,289.58731795,7907.82776020
1762156446480,sol,9534.83,withdrawal,-1.78248685,7.82607221
1762156620129,sol,9530.29,deposit,12.19268858,20.01876079
1762162617679,doge,56.08,deposit,1041.92996558,8949.75772578
1762163018271,sol,9539.29,buy,0.34154825,20.36030904
1762172471757,btc,3651617.7,withdrawal,-0.00119033,0.04769949
1762179346286,eth,134678.26,deposit,0.89713914,2.16333568
1762186955504,usdc,31.84,sell,-3665.618218,11369.385885
1762194789267,eth,134678.78,sell,-0.50942638,1.65390930
1762195809982,doge,56.11,sell,-3690.32614566,5259.43158012
1762203478421,twd,1.0,deposit,113499,96802767
1762206791378,eth,134756.6,withdrawal,-0.34321822,1.31069108
1762209746778,sol,9528.52,buy,4.66559934,25.02590838
1762209781851,sol,9529.05,sell,-5.99500613,19.03090225
1762216506141,doge,56.19,withdrawal,-1660.71954956,3598.71203056
1762216755856,twd,1.0,withdrawal,-29235,96786202
1762219286392,usdt,32.33,withdrawal,-188.000000,4506.426797
1762221070236,usdt,32.33,buy,244.172280,4750.599077
1762225555396,doge,56.17,withdrawal,-244.87764445,3353.83438611
1762226140163,btc,3656940.8,sell,-0.00821010,0.03948939
1762230323979,doge,56.17,sell,-222.91308319,3130.92130292
1762232039474,usdt,32.32,withdrawal,-431.000000,4319.599077
1762232998923,btc,3657718.71,deposit,0.00997386,0.04946325
1762244083860,btc,3657086.85,buy,0.00571878,0.05518203
1762249830529,usdt,32.32,buy,1017.115738,5336.714815
1762250785831,sol,9512.91,sell,-8.92293879,10.10796346
1762255122020,btc,3657843.05,withdrawal,-0.02021497,0.03496706
1762259440128,usdc,31.85,buy,1092.829653,12462.215538
1762261625095,btc,3657475.25,deposit,0.02630634,0.06127340
1762262403973,usdc,31.84,deposit,930.000000,13392.215538
1762266504275,sol,9512.58,buy,1.11794629,11.22590975
1762269804767,eth,134929.16,withdrawal,-0.11473760,1.19595348
1762273755143,sol,9510.33,buy,5.01130726,16.23721701
1762274447805,sol,9512.15,buy,3.04794971,19.28516672
1762275826933,sol,9513.79,sell,-7.67810987,11.60705685
1762279384562,sol,9515.84,buy,5.10981404,16.71687089
1762279458432,doge,56.3,sell,-469.40651274,2661.51479018
1762279569128,usdt,32.32,deposit,1220.000000,6556.714815
1762281760869,usdc,31.85,sell,-792.689582,12599.525956
1762283896108,usdt,32.33,sell,-429.834700,6126.880115
1762284053186,usdc,31.86,buy,711.166456,13310.692412
1762289397646,btc,3661380.78,buy,0.01043507,0.07170847
1762290396062,twd,1.0,withdrawal,-14506,96744481
1762294620999,eth,135243.89,sell,-0.68209104,0.51386244
1762295305280,btc,3661990.92,sell,-0.01263087,0.05907760
1762297283329,usdc,31.84,buy,901.945242,14212.637654
1762298940000,eth,135306.61,withdrawal,-0.06595181,0.44791063
1762301460000,eth,135299.34,buy,0.25814281,0.70605344
1762302032127,sol,9513.3,buy,1.78588482,18.50275571
1762303500000,doge,56.41,sell,-1072.32202670,1589.19276348
1762303627883,btc,3664197.47,withdrawal,-0.01591752,0.04316008
1762304997421,btc,3662819.63,sell,-0.01850879,0.02465129
1762305180000,usdt,32.31,withdrawal,-136.000000,5990.880115
1762306891040,btc,3664950.84,sell,-0.00870429,0.01594700
1762315588172,eth,135279.93,sell,-0.14875287,0.55730057
1762317219951,twd,1.0,deposit,123104,97105767
1762322665779,twd,1.0,withdrawal,-11045,97094722
1762322713461,doge,56.46,sell,-399.10437123,1190.08839225
1762322784999,eth,135269.61,buy,0.35811016,0.91541073
1762324918585,btc,3667200.28,buy,0.00620517,0.02215217
1762332275192,usdc,31.84,withdrawal,-499.000000,13713.637654
1762333184156,sol,9513.33,buy,1.84290671,20.34566242
1762335309240,doge,56.5,deposit,462.59238217,1652.68077442
1762335610039,usdc,31.84,withdrawal,-384.000000,13329.637654
1762338350755,btc,3665749.53,buy,0.01099836,0.03315053
1762339943711,usdc,31.84,sell,-1704.954107,11624.683547
1762344635675,sol,9515.81,sell,-7.47540042,12.87026200
1762347260529,btc,3666435.06,sell,-0.01626783,0.01688270
1762350044664,btc,3666754.88,withdrawal,-0.00505758,0.01182512
1762370644938,usdt,32.28,buy,103.847579,6094.727694
1762377980323,usdc,31.85,buy,944.233941,12568.917488
1762380124795,btc,3665126.56,sell,-0.00265454,0.00917058
1762385448633,sol,9521.16,deposit,12.98779819,25.85806019
1762389842043,sol,9523.87,buy,0.29497519,26.15303538
1762393337849,doge,56.47,sell,-53.68048906,1599.00028536
1762394570134,eth,135305.08,buy,0.30498565,1.22039638
1762398331199,btc,3669412.95,deposit,0.02126599,0.03043657
1762399025018,btc,3668496.99,buy,0.00694061,0.03737718
1762402491168,usdt,32.26,deposit,855.000000,6949.727694
1762409631558,eth,135235.47,withdrawal,-0.37145287,0.84894351
1762410501992,eth,135261.12,buy,0.08308581,0.93202932
1762412663270,sol,9520.72,sell,-9.69951178,16.45352360
1762413025252,usdt,32.26,withdrawal,-51.000000,6898.727694
1762420398886,usdt,32.27,withdrawal,-101.000000,6797.727694
1762430674329,doge,56.32,buy,79.51054829,1678.51083365
1762432475177,sol,9523.31,withdrawal,-4.53218728,11.92133632
1762443666805,btc,3674303.94,withdrawal,-0.00229229,0.03508489
1762446003421,usdt,32.29,deposit,669.000000,7466.727694
1762447995359,twd,1.0,withdrawal,-26894,97132810
1762450298924,btc,3672829.51,withdrawal,-0.01384305,0.02124184
1762451914892,usdt,32.3,withdrawal,-409.000000,7057.727694
1762453966849,sol,9524.08,deposit,4.17297025,16.09430657
1762460575773,sol,9523.7,deposit,13.12388841,29.21819498
1762467478658,eth,135367.81,deposit,1.40981732,2.34184664
1762473719852,usdc,31.84,withdrawal,-241.000000,12327.917488
1762482679360,usdt,32.31,deposit,2169.000000,9226.727694
1762487442381,twd,1.0,withdrawal,-22590,97110220
1762490019085,eth,135309.69,buy,0.07190526,2.41375190
1762490542243,sol,9527.43,buy,1.78882159,31.00701657
1762492158197,eth,135255.69,deposit,0.63815398,3.05190588
1762493310458,usdc,31.85,buy,383.230026,12711.147514
1762494298913,sol,9527.43,withdrawal,-2.45506357,28.55195300
1762495939864,usdt,32.3,buy,217.274102,9444.001796
1762505851298,eth,135222.68,withdrawal,-0.60051450,2.45139138
1762508287819,btc,3672069.66,sell,-0.01144886,0.00979298
1762510522391,usdc,31.85,withdrawal,-388.000000,12323.147514
1762516060866,eth,135258.6,buy,0.29576601,2.74715739
1762517927209,usdc,31.86,withdrawal,-299.000000,12024.147514
1762518676169,usdc,31.86,sell,-5864.613328,6159.534186
1762527613512,usdc,31.85,buy,1171.172941,7330.707127
1762533177874,eth,135352.66,buy,0.24330011,2.99045750
1762534023075,btc,3669779.53,buy,0.00627359,0.01606657
1762539650375,sol,9519.28,withdrawal,-3.34560279,25.20635021
1762540706365,usdt,32.31,withdrawal,-125.000000,9319.001796
1762549497462,eth,135345.61,deposit,0.82119425,3.81165175
1762550627934,usdt,32.3,deposit,2181.000000,11500.001796
1762557041514,btc,3670536.88,sell,-0.00341997,0.01264660
1762560249756,sol,9514.72,buy,3.87753662,29.08388683
1762567132939,sol,9510.79,deposit,9.22881092,38.31269775
1762577487490,twd,1.0,withdrawal,-15607,97119880
1762578272468,usdt,32.3,deposit,2841.000000,14341.001796
1762583918829,eth,135407.84,sell,-0.87814207,2.93350968
1762585307659,btc,3667352.3,sell,-0.00755924,0.00508736
1762586806965,usdc,31.82,deposit,2077.000000,9407.707127
1762591154058,btc,3668285.3,deposit,0.01590428,0.02099164
1762592668347,doge,56.43,withdrawal,-422.33937048,1256.17146317
1762592970442,btc,3667991.12,buy,0.00888814,0.02987978
1762597587122,usdt,32.27,sell,-7105.777571,7235.224225
1762598016174,eth,135375.31,deposit,1.04449870,3.97800838
1762603180857,btc,3669753.31,sell,-0.01517913,0.01470065
1762613107493,sol,9530.56,deposit,11.86421091,50.17690866
1762631253724,usdt,32.29,buy,474.311058,7709.535283
1762636497688,twd,1.0,withdrawal,-27162,97476467
1762640716513,doge,56.49,sell,-68.05527620,1188.11618697
1762641012757,usdc,31.85,buy,187.563157,9595.270284
1762641327609,usdc,31.85,sell,-3268.353736,6326.916548
1762644936046,eth,135362.1,buy,0.34970220,4.32771058
1762645536137,btc,3669916.86,sell,-0.00088454,0.01381611
1762646355667,twd,1.0,withdrawal,-14087,97520261
1762654417018,twd,1.0,deposit,135969,97656230
1762658764454,eth,135375.95,deposit,1.04512208,5.37283266
1762661097735,usdt,32.27,deposit,2718.000000,10427.535283
1762662251202,usdt,32.26,buy,883.600943,11311.136226
1762663328315,doge,56.44,buy,110.57176978,1298.68795675
1762664415875,usdc,31.85,buy,1563.485891,7890.402439
1762671002203,usdc,31.85,buy,1382.174799,9272.577238
1762672619758,doge,56.42,withdrawal,-277.01671235,1021.67124440
1762674120000,btc,3668346.63,buy,0.00085832,0.01467443
1762676100000,twd,1.0,withdrawal,-6988,97517520
1762677540000,btc,3668814.78,withdrawal,-0.00348583,0.01118860
1762678036597,usdt,32.26,deposit,1669.000000,12980.136226
1762678269910,btc,3670426.0,withdrawal,-0.00419110,0.00699750
1762679546578,usdt,32.26,deposit,2067.000000,15047.136226
1762686733175,sol,9545.53,buy,4.93493859,55.11184725
1762693979035,btc,3671512.03,sell,-0.00202260,0.00497490
1762698601201,usdt,32.27,buy,397.606276,15444.742502
1762700464365,usdc,31.84,deposit,596.000000,9868.577238
1762704336603,usdc,31.83,deposit,1424.000000,11292.577238
1762705234747,eth,135359.91,buy,0.29072633,5.66355899
1762705534872,doge,56.6,buy,674.84172283,1696.51296723
1762711800221,sol,9550.84,deposit,6.74244278,61.85429003
1762721236983,doge,56.64,withdrawal,-446.02744501,1250.48552222
1762721605804,sol,9551.42,withdrawal,-7.28045768,54.57383235
1762724188922,sol,9554.79,buy,0.48977853,55.06361088
1762733500725,btc,3675186.98,sell,-0.00170428,0.00327062
1762733565383,doge,56.72,sell,-198.50993536,1051.97558686
1762742567338,btc,3674668.95,buy,0.00185950,0.00513012
1762744617693,btc,3675790.04,withdrawal,-0.00122299,0.00390713
1762745895413,sol,9562.6,sell,-2.33866248,52.72494840
1762747922975,eth,135206.74,buy,0.21115941,5.87471840
1762751114913,btc,3676285.21,sell,-0.00087734,0.00302979
1762759772941,doge,56.81,sell,-448.43575917,603.53982769
1762766483461,sol,9566.01,buy,3.18823565,55.91318405
1762768571516,eth,135144.91,withdrawal,-1.35424987,4.52046853
1762773501071,btc,3676967.48,buy,0.00118029,0.00421008
1762774257000,eth,135142.24,buy,0.18468493,4.70515346
1762777030219,usdt,32.21,buy,546.753956,15991.496458
1762780064088,twd,1.0,withdrawal,-8025,97330548
1762781886409,doge,56.9,sell,-159.54579956,443.99402813
1762794230245,sol,9579.18,buy,1.67181406,57.58499811
1762800958739,usdt,32.23,buy,609.268093,16600.764551
1762801931632,sol,9583.35,withdrawal,-14.36388551,43.22111260
1762805720530,eth,135252.62,buy,0.33417694,5.03933040
1762809067855,eth,135309.26,sell,-1.18513721,3.85419319
1762811076670,eth,135258.21,sell,-0.43299055,3.42120264
1762817036040,usdc,31.86,sell,-1171.710298,10120.866940
1762821328975,sol,9582.57,withdrawal,-3.07337503,40.14773757
1762825021868,twd,1.0,withdrawal,-19503,97495530
1762825154220,eth,135199.66,buy,0.12762637,3.54882901
1762826459361,btc,3677495.97,deposit,0.03240434,0.03661442
1762831650763,usdt,32.22,buy,371.070960,16971.835511
1762846608400,eth,135249.6,buy,0.29801587,3.84684488
1762851652313,twd,1.0,withdrawal,-18928,97407086
1762855058372,doge,57.1,withdrawal,-100.91640891,343.07761922
1762855279657,usdt,32.22,deposit,2535.000000,19506.835511
1762857468071,twd,1.0,withdrawal,-9619,97397467
1762858057701,sol,9594.46,buy,1.26247006,41.41020763
1762859594963,doge,57.25,deposit,1911.19878328,2254.27640250
1762864198739,doge,57.3,deposit,1561.75720670,3816.03360920
1762868631721,btc,3679887.22,deposit,0.04167326,0.07828768
1762869933806,eth,135282.77,deposit,0.82605234,4.67289722
1762872000673,sol,9603.12,buy,4.85021594,46.26042357
1762873834010,usdc,31.83,buy,549.019101,10669.886041
1762877957389,btc,3681693.52,sell,-0.01561532,0.06267236
1762878866971,usdc,31.81,deposit,2356.000000,13025.886041
1762881369830,doge,57.24,deposit,1649.40848034,5465.44208954
1762882000269,usdt,32.24,withdrawal,-500.000000,19006.835511
1762891775893,usdt,32.25,deposit,629.000000,19635.835511
1762894252019,btc,3684366.69,buy,0.01198186,0.07465422
1762897570633,doge,57.26,deposit,1929.77209611,7395.21418565
1762898430746,btc,3684756.0,buy,0.00982490,0.08447912
1762902093413,usdc,31.8,sell,-648.612519,12377.273522
1762908563730,btc,3683509.27,buy,0.00409849,0.08857761
1762909573163,eth,135344.31,withdrawal,-0.48424813,4.18864909
1762917762809,usdt,32.23,deposit,2116.000000,21751.835511
1762919904240,usdt,32.24,deposit,1054.000000,22805.835511
1762922337028,sol,9582.34,buy,1.32970056,47.59012413
1762928015886,usdt,32.24,sell,-6769.252311,16036.583200
1762928966031,btc,3685372.86,withdrawal,-0.01983755,0.06874006
1762929492992,sol,9587.62,withdrawal,-11.98633521,35.60378892
1762929572646,usdt,32.24,deposit,583.000000,16619.583200
1762930007005,eth,135407.27,sell,-1.91349434,2.27515475
1762930027158,btc,3689060.47,deposit,0.01310038,0.08184044
1762931996086,sol,9601.23,deposit,9.56452540,45.16831432
1762940854460,btc,3689515.42,deposit,0.03332441,0.11516485
1762942684577,usdc,31.81,deposit,964.000000,13341.273522
1762946941268,usdt,32.22,withdrawal,-400.000000,16219.583200
1762952971820,eth,135534.33,sell,-0.97804116,1.29711359
1762954913420,usdc,31.79,deposit,2606.000000,15947.273522
1762959140245,btc,3689599.59,buy,0.01059029,0.12575514
1762962017267,usdt,32.22,sell,-6183.954561,10035.628639
1762966868528,usdc,31.8,withdrawal,-179.000000,15768.273522
1762968633529,usdc,31.8,sell,-3806.126158,11962.147364
1762969331624,doge,57.6,buy,410.00562110,7805.21980675
1762969391593,doge,57.58,withdrawal,-1834.54276693,5970.67703982
1762969560000,usdt,32.21,sell,-2180.082373,7855.546266
1762970280000,btc,3688867.66,sell,-0.06054555,0.06520959
1762970880000,usdt,32.23,deposit,1353.000000,9208.546266
1762971300000,usdt,32.23,buy,715.248964,9923.795230
1762971386942,usdt,32.22,buy,179.963062,10103.758292
1762972080000,btc,3689469.66,buy,0.01211499,0.07732458
1762975089502,usdt,32.23,withdrawal,-73.000000,10030.758292
1762975137287,usdt,32.22,buy,1298.519886,11329.278178
1762978800372,twd,1.0,withdrawal,-25185,98311746
1762979740491,twd,1.0,withdrawal,-11157,98300589
1762983999884,usdc,31.8,sell,-4169.658432,7792.488932
1762984120153,btc,3688813.71,withdrawal,-0.02808308,0.04924150
1762986693858,btc,3688348.96,buy,0.00148374,0.05072524
1762994678985,eth,135734.4,buy,0.15888325,1.45599684
1762997239487,btc,3690180.04,buy,0.01085585,0.06158109
1762997432430,btc,3691096.48,deposit,0.00528146,0.06686255
1763003294147,doge,57.89,buy,448.81593226,6419.49297208
1763004566737,usdc,31.8,deposit,2253.000000,10045.488932
1763006487795,eth,135704.0,withdrawal,-0.07555536,1.38044148
1763016799781,doge,57.94,deposit,410.24589265,6829.73886473
1763018588974,usdc,31.79,withdrawal,-88.000000,9957.488932
1763019764621,twd,1.0,withdrawal,-18611,98321479
1763022337268,doge,57.97,buy,609.22992605,7438.96879078
1763022346106,sol,9636.18,deposit,10.59471484,55.76302916
1763022608976,eth,135692.17,deposit,1.18912393,2.56956541
1763025301572,sol,9642.79,withdrawal,-12.66325101,43.09977815
1763026891576,btc,3689793.94,buy,0.01060756,0.07747011
1763027804367,doge,58.03,withdrawal,-2889.71476884,4549.25402194
1763044931819,btc,3689368.56,deposit,0.04379896,0.12126907
1763045159216,sol,9645.14,sell,-5.85793668,37.24184147
1763048098204,btc,3690853.51,deposit,0.04154108,0.16281015
1763049562691,btc,3690045.79,deposit,0.03849351,0.20130366
1763049658189,btc,3688935.5,sell,-0.11359978,0.08770388
1763049859103,sol,9656.43,deposit,4.03763826,41.27947973
1763050714357,twd,1.0,withdrawal,-8259,98714327
1763051484782,usdt,32.22,withdrawal,-485.000000,10844.278178
1763051621736,usdc,31.81,deposit,1967.000000,11924.488932
1763051794496,sol,9657.36,buy,0.49516828,41.77464801
1763052990330,doge,58.04,withdrawal,-1374.67451913,3174.57950281
1763061944038,usdt,32.22,sell,-4700.057512,6144.220666
1763067745346,twd,1.0,withdrawal,-5080,98855910
1763075193570,eth,135589.54,sell,-0.12610996,2.44345545
1763075254357,doge,58.11,withdrawal,-534.42553212,2640.15397069
1763081737517,eth,135651.15,deposit,0.10992823,2.55338368
1763083438612,eth,135646.0,deposit,1.10032406,3.65370774
1763084574398,btc,3688085.06,withdrawal,-0.00852927,0.07917461
1763086874640,usdt,32.22,sell,-2199.677537,3944.543129
1763088245334,eth,135517.51,withdrawal,-0.21713203,3.43657571
1763092214088,usdc,31.8,buy,1566.158782,13490.647714
1763092422922,btc,3688726.25,buy,0.00399804,0.08317265
1763092714979,usdc,31.79,withdrawal,-239.000000,13251.647714
1763099532551,doge,58.07,deposit,1114.05766907,3754.21163976
1763105500665,usdc,31.77,deposit,2622.000000,15873.647714
1763107609688,doge,58.08,buy,567.01584916,4321.22748892
1763110550453,sol,9673.8,sell,-8.16959805,33.60504996
1763114300504,doge,58.1,withdrawal,-103.02834421,4218.19914471
1763115817804,usdt,32.22,sell,-1361.566183,2582.976946
1763116163370,eth,135676.82,sell,-1.88802275,1.54855296
1763116364277,usdt,32.22,sell,-1165.588303,1417.388643
1763116684274,eth,135721.25,sell,-0.15273324,1.39581972
1763116967911,usdc,31.75,withdrawal,-302.000000,15571.647714
1763122037630,usdc,31.75,deposit,2631.000000,18202.647714
1763122789852,usdc,31.74,buy,637.224394,18839.872108
1763126501053,sol,9679.76,buy,2.22353661,35.82858657
1763126858654,btc,3692761.63,buy,0.00391088,0.08708353
1763130097971,btc,3693718.86,sell,-0.03068086,0.05640267
1763130579155,usdc,31.75,withdrawal,-260.000000,18579.872108
1763131208229,sol,9679.42,withdrawal,-5.34165188,30.48693469
1763131873675,sol,9677.19,withdrawal,-8.51637932,21.97055537
1763138098404,sol,9680.45,buy,0.71591979,22.68647516
1763138229791,btc,3696439.63,withdrawal,-0.01967504,0.03672763
1763138263444,btc,3697649.87,deposit,0.00913406,0.04586169
1763141216321,usdc,31.73,withdrawal,-436.000000,18143.872108
1763141939287,eth,135805.84,sell,-0.30814504,1.08767468
1763150818660,sol,9686.56,buy,1.47461209,24.16108725
1763154171985,btc,3700075.33,sell,-0.00714516,0.03871653
1763154409827,usdc,31.75,sell,-7733.630493,10410.241615
1763155220582,usdt,32.17,deposit,2627.000000,4044.388643
1763156477546,doge,58.33,buy,606.35074334,4824.54988805
1763157612709,usdt,32.18,buy,63.965046,4108.353689
1763157755542,doge,58.33,buy,290.84190707,5115.39179512
1763157834383,doge,58.35,withdrawal,-691.87689993,4423.51489519
1763161845758,usdc,31.74,sell,-4524.387115,5885.854500
1763170880091,eth,135723.86,withdrawal,-0.14807996,0.93959472
1763174180841,doge,58.38,sell,-1656.12858436,2767.38631083
1763178219937,sol,9700.32,deposit,5.17745891,29.33854616
1763179143831,doge,58.37,withdrawal,-282.58940325,2484.79690758
1763180824948,btc,3705141.85,deposit,0.03562030,0.07433683
1763186558331,doge,58.37,sell,-639.45843682,1845.33847076
1763186684238,eth,135930.4,deposit,1.28954877,2.22914349
1763188904132,usdc,31.73,deposit,1775.000000,7660.854500
1763190589171,eth,135984.84,withdrawal,-0.19033205,2.03881144
1763191365650,doge,58.33,withdrawal,-525.66933009,1319.66914067
1763193488205,sol,9720.32,deposit,10.09120593,39.42975209
1763194960841,eth,135943.73,withdrawal,-0.76703805,1.27177339
1763196202860,btc,3704993.83,withdrawal,-0.02804979,0.04628704
1763196913629,btc,3705923.47,withdrawal,-0.01113629,0.03515075
1763201808016,usdt,32.14,sell,-213.794705,3894.558984
1763203405637,doge,58.42,buy,748.09514682,2067.76428749
1763205811687,usdt,32.14,buy,348.135815,4242.694799
1763209331522,sol,9715.64,deposit,2.70075889,42.13051098
1763215027495,usdc,31.73,sell,-1950.204763,5710.649737
1763215953669,twd,1.0,withdrawal,-20215,99850333
1763218125905,eth,136016.07,withdrawal,-0.11454720,1.15722619
1763218477456,doge,58.51,withdrawal,-678.41506837,1389.34921912
1763219487106,btc,3702319.28,withdrawal,-0.01042431,0.02472644
1763220032200,twd,1.0,withdrawal,-26769,99823564
1763230219680,btc,3701815.82,withdrawal,-0.00198199,0.02274445
1763242796145,usdt,32.14,deposit,2274.000000,6516.694799
1763244127336,sol,9713.28,withdrawal,-5.63684976,36.49366122
1763249615395,usdt,32.14,sell,-415.081413,6101.613386
1763254023937,twd,1.0,withdrawal,-6723,99830181
1763257776794,usdt,32.12,buy,870.028788,6971.642174
1763258150822,eth,136014.32,deposit,0.78662874,1.94385493
1763264936447,btc,3699857.32,buy,0.00901460,0.03175905
1763265763460,usdc,31.74,buy,187.551409,5898.201146
1763268773369,eth,136124.23,withdrawal,-0.15310469,1.79075024
1763273040715,usdt,32.13,withdrawal,-425.000000,6546.642174
1763273232697,usdt,32.12,withdrawal,-92.000000,6454.642174
1763276464082,twd,1.0,deposit,49962,99812889
1763276473473,eth,136096.23,sell,-0.26522974,1.52552050
1763277878830,usdc,31.75,sell,-404.999952,5493.201194
1763280063985,twd,1.0,deposit,58271,99920117
1763290560710,usdt,32.11,sell,-2306.304624,4148.337550
1763292344826,doge,58.61,buy,103.25240348,1492.60162260
1763292588489,doge,58.61,deposit,1437.22103638,2929.82265898
1763292847128,usdt,32.13,sell,-2241.121419,1907.216131
1763294644470,twd,1.0,withdrawal,-24297,100035830
1763296079295,usdt,32.12,sell,-60.747818,1846.468313
1763296380000,doge,58.69,sell,-663.40155626,2266.42110272
1763296640607,doge,58.65,sell,-350.89214650,1915.52895622
1763298256543,doge,58.64,buy,108.20976558,2023.73872180
1763298600000,eth,136143.6,deposit,0.36200411,1.88752461
1763301818565,doge,58.61,deposit,1629.12523555,3652.86395735
1763319931707,sol,9728.03,deposit,6.65339343,43.14705465
1763326516111,btc,3698916.79,deposit,0.03996261,0.07172166
1763330161808,eth,136226.24,buy,0.33381695,2.22134156
1763331556903,eth,136174.38,withdrawal,-0.64283800,1.57850356
1763333060575,sol,9734.11,sell,-15.76356372,27.38349093
1763334739753,btc,3699236.87,sell,-0.00160757,0.07011409
1763336739672,btc,3698409.1,deposit,0.03935695,0.10947104
1763343702229,doge,58.62,withdrawal,-1326.05945058,2326.80450677
1763345868872,btc,3701019.54,buy,0.00292964,0.11240068
1763351182647,usdt,32.08,sell,-199.883481,1646.584832
1763354229328,doge,58.63,withdrawal,-863.80420363,1463.00030314
1763358628059,twd,1.0,withdrawal,-29746,100170686
1763362514951,btc,3702283.24,withdrawal,-0.02809917,0.08430151
1763365192991,doge,58.68,deposit,843.49480639,2306.49510953
1763369104697,eth,136317.87,deposit,0.27216487,1.85066843
1763377098554,doge,58.64,sell,-1190.53371641,1115.96139312
1763378332406,btc,3702613.47,buy,0.00599715,0.09029866
1763388807218,sol,9746.72,buy,1.56813668,28.95162761
1763389020946,usdt,32.11,buy,711.018961,2357.603793
1763394546933,eth,136483.59,deposit,0.11907855,1.96974698
1763394826682,btc,3705230.34,buy,0.00364077,0.09393943
1763396151600,usdc,31.79,buy,444.757622,5937.958816
1763399203245,sol,9752.78,sell,-2.52086207,26.43076554
1763401908039,usdc,31.79,withdrawal,-230.000000,5707.958816
1763402019389,eth,136557.8,buy,0.08325886,2.05300584
1763406229506,usdt,32.11,withdrawal,-263.000000,2094.603793
1763406980190,doge,58.69,withdrawal,-83.86818792,1032.09320520
1763409671937,eth,136691.56,sell,-0.51099568,1.54201016
1763412845214,eth,136663.61,buy,0.33628193,1.87829209
1763414119255,eth,136680.45,withdrawal,-0.49596130,1.38233079
1763415790485,usdc,31.82,sell,-1451.203202,4256.755614
1763416837168,eth,136739.69,sell,-0.61080165,0.77152914
1763423136875,usdt,32.13,withdrawal,-138.000000,1956.603793
1763423561437,usdt,32.13,sell,-808.754796,1147.848997
1763425436977,btc,3704448.13,withdrawal,-0.00933041,0.08460902
1763425536612,usdt,32.13,deposit,2060.000000,3207.848997
1763425627626,eth,136654.95,withdrawal,-0.10679856,0.66473058
1763428004325,usdc,31.81,deposit,2291.000000,6547.755614
1763428724328,eth,136661.22,sell,-0.27877999,0.38595059
1763430955366,sol,9751.3,sell,-4.38463971,22.04612583
1763430992176,eth,136643.42,buy,0.16439122,0.55034181
1763433701106,usdc,31.82,buy,1394.540361,7942.295975
1763441124122,sol,9752.49,deposit,7.56203444,29.60816027
1763451368499,eth,136609.73,withdrawal,-0.17941295,0.37092886
1763452179903,usdt,32.13,sell,-666.931074,2540.917923
1763454696195,twd,1.0,withdrawal,-21732,100359055
1763459935924,usdt,32.13,sell,-1313.032088,1227.885835
1763464784742,doge,58.89,buy,410.64234898,1442.73555418
1763467515512,sol,9751.27,sell,-0.77134151,28.83681876
1763468533778,eth,136783.56,withdrawal,-0.04799230,0.32293656
1763473044784,eth,136737.04,deposit,0.66066727,0.98360383
1763474955763,usdc,31.8,buy,1270.584941,9212.880916
1763482813560,doge,58.88,deposit,678.19021481,2120.92576899
1763483206392,usdt,32.16,deposit,553.000000,1780.885835
1763487560782,sol,9756.53,sell,-1.28360091,27.55321785
1763489396363,btc,3703543.71,buy,0.00344911,0.08805813
1763496741851,usdc,31.82,deposit,1040.000000,10252.880916
1763499902265,usdc,31.82,deposit,2734.000000,12986.880916
1763504894172,usdt,32.17,buy,815.551786,2596.437621
1763505436988,eth,136764.72,buy,0.10855137,1.09215520
1763506487812,usdc,31.8,deposit,1190.000000,14176.880916
1763509864121,btc,3701651.19,sell,-0.03090760,0.05715053
1763510645701,eth,136746.23,buy,0.32309124,1.41524644
1763519343289,btc,3701029.54,withdrawal,-0.01529707,0.04185346
1763520918513,usdt,32.16,deposit,2695.000000,5291.437621
1763521220887,eth,136760.93,deposit,1.03603205,2.45127849
1763522540521,btc,3702722.62,deposit,0.02792117,0.06977463
1763527360445,btc,3701683.33,buy,0.01077162,0.08054625
1763528282691,usdt,32.18,buy,675.823804,5967.261425
1763530753262,eth,136736.08,sell,-0.22807063,2.22320786
1763534785730,doge,59.22,buy,22.52899467,2143.45476366
1763541196890,btc,3700417.29,sell,-0.01733687,0.06320938
1763545252315,btc,3700105.85,deposit,0.01577353,0.07898291
1763546667477,doge,59.27,buy,127.67876860,2271.13353226
1763557688655,sol,9786.13,withdrawal,-8.35681107,19.19640678
1763558658518,btc,3701190.81,sell,-0.02286911,0.05611380
1763558831625,sol,9786.59,deposit,13.85802698,33.05443376
1763560778799,usdc,31.8,buy,464.632474,14641.513390
1763567031879,eth,136653.45,withdrawal,-0.39315305,1.83005481
1763570573207,sol,9786.97,withdrawal,-0.53227207,32.52216169
1763579672957,usdt,32.2,sell,-841.636075,5125.625350
1763584848292,usdt,32.2,buy,1463.280309,6588.905659
1763588126940,sol,9794.24,withdrawal,-1.88206339,30.64009830
1763589866606,usdt,32.2,withdrawal,-217.000000,6371.905659
1763591202985,btc,3707351.01,buy,0.01025677,0.06637057
1763593560346,doge,59.32,buy,314.70654991,2585.84008217
1763593978735,eth,136646.07,deposit,1.36915514,3.19920995
1763596198384,twd,1.0,withdrawal,-7403,100383627
1763600258036,twd,1.0,withdrawal,-20907,100362720
1763604475371,doge,59.4,buy,807.76315778,3393.60323995
1763604648708,usdt,32.2,deposit,2866.000000,9237.905659
1763605643845,usdt,32.2,sell,-5050.130911,4187.774748
1763607642743,sol,9795.61,deposit,8.25340974,38.89350804
1763610198240,sol,9791.69,withdrawal,-15.18795235,23.70555569
1763616816939,eth,136543.41,sell,-0.07413483,3.12507512
1763616867520,doge,59.4,buy,484.93120085,3878.53444080
1763619815764,usdc,31.79,sell,-7270.798585,7370.714805
1763620929471,doge,59.36,sell,-707.40721041,3171.12723039
1763627519853,sol,9799.86,deposit,9.22950734,32.93506303
1763635974690,btc,3702422.0,withdrawal,-0.02317411,0.04319646
1763636298986,btc,3702419.79,deposit,0.03625518,0.07945164
1763637561342,btc,3703244.84,withdrawal,-0.01862888,0.06082276
1763638379283,eth,136624.1,withdrawal,-0.60264531,2.52242981
1763638444682,btc,3705601.0,withdrawal,-0.01903008,0.04179268
1763650264940,usdt,32.17,sell,-1026.380074,3161.394674
1763650478974,usdt,32.17,buy,1032.383393,4193.778067
1763662410984,usdt,32.16,buy,1097.858651,5291.636718
1763668735387,sol,9801.88,withdrawal,-1.71376610,31.22129693
1763669889576,twd,1.0,deposit,61729,100758005
1763674218217,doge,59.43,withdrawal,-276.71314970,2894.41408069
1763675271312,usdc,31.82,sell,-3157.559044,4213.155761
1763676327173,btc,3702421.5,buy,0.00821579,0.05000847
1763688027892,eth,136596.59,sell,-1.47608023,1.04634958
1763688357549,eth,136601.24,buy,0.07465492,1.12100450
1763691729210,sol,9797.49,withdrawal,-9.56061389,21.66068304
1763696661919,usdt,32.16,sell,-1302.857536,3988.779182
1763698928236,btc,3704006.19,withdrawal,-0.01589307,0.03411540
1763703961629,usdc,31.86,deposit,2679.000000,6892.155761
1763706352483,btc,3705228.56,withdrawal,-0.00117363,0.03294177
1763706462030,doge,59.67,deposit,856.82858975,3751.24267044
1763707543230,usdc,31.86,withdrawal,-466.000000,6426.155761
1763708968533,sol,9790.97,buy,3.94671055,25.60739359
1763711056107,btc,3703856.43,withdrawal,-0.00769529,0.02524648
1763711640000,sol,9790.91,deposit,7.54990862,33.15730221
1763712060000,eth,136439.19,buy,0.27719196,1.39819646
1763712262358,btc,3705677.65,buy,0.00463589,0.02988237
1763714340000,usdt,32.17,buy,1543.147119,5531.926301
1763715540000,btc,3705517.52,sell,-0.00632375,0.02355862
1763715721737,usdc,31.86,sell,-1049.752740,5376.403021
1763715780000,eth,136576.14,deposit,1.03891864,2.43711510
1763716477924,doge,59.62,withdrawal,-1061.19824085,2690.04442959
1763716620000,eth,136630.97,deposit,1.12636721,3.56348231
1763717580000,btc,3707611.79,buy,0.00411906,0.02767768
1763718660000,eth,136697.61,buy,0.21766877,3.78115108
1763722374834,usdt,32.16,deposit,2435.000000,7966.926301
1763724152589,eth,136633.8,withdrawal,-0.67680683,3.10434425
1763725923213,usdt,32.16,buy,1255.846969,9222.773270
1763728152251,doge,59.72,buy,274.29240450,2964.33683409
1763729200454,sol,9787.08,sell,-18.86361160,14.29369061
1763733757056,eth,136610.19,buy,0.03801812,3.14236237
1763737976166,doge,59.65,deposit,1832.85440496,4797.19123905
1763754543442,sol,9786.01,buy,2.49018629,16.78387690
1763754674584,btc,3706035.79,sell,-0.00544365,0.02223403
1763756309258,sol,9781.6,sell,-4.66201597,12.12186093
1763759857310,usdc,31.86,buy,824.194829,6200.597850
1763768110463,btc,3707472.74,buy,0.00230422,0.02453825
1763771772262,doge,59.69,buy,166.27937755,4963.47061660
1763773073665,usdc,31.86,sell,-3078.136985,3122.460865
1763778952473,twd,1.0,deposit,100749,101248100
1763781252313,usdt,32.11,withdrawal,-278.000000,8944.773270
1763782730472,usdc,31.87,sell,-974.908788,2147.552077
1763785400360,sol,9777.54,withdrawal,-4.23244836,7.88941257
1763788264496,eth,136686.46,buy,0.08887684,3.23123921
1763795313944,eth,136638.87,sell,-1.89944016,1.33179905
1763796837065,usdc,31.86,buy,1003.306669,3150.858746
1763797623791,usdt,32.12,sell,-1039.610498,7905.162772
1763803387024,sol,9783.47,deposit,6.44275172,14.33216429
1763810949159,usdc,31.84,buy,48.040140,3198.898886
1763816444895,btc,3707287.6,sell,-0.00655972,0.01797853
1763818359479,usdc,31.83,sell,-1564.347227,1634.551659
1763821631165,sol,9783.61,buy,0.58599467,14.91815896
1763824183571,usdt,32.13,withdrawal,-404.000000,7501.162772
1763828257646,eth,136498.23,buy,0.18793542,1.51973447
1763831335563,usdc,31.83,withdrawal,-260.000000,1374.551659
1763834817582,usdt,32.13,deposit,2464.000000,9965.162772
1763838303658,eth,136534.72,buy,0.10077782,1.62051229
1763842370357,btc,3709796.29,deposit,0.04891961,0.06689814
1763842893364,sol,9778.62,deposit,13.12635925,28.04451821
1763847886657,usdt,32.11,sell,-3317.658021,6647.504751
1763850152225,eth,136472.43,deposit,0.96409463,2.58460692
1763850223306,usdt,32.1,deposit,1836.000000,8483.504751
1763861494030,doge,59.74,withdrawal,-116.35198483,4847.11863177
1763864672627,usdc,31.84,deposit,1053.000000,2427.551659
1763870581187,sol,9775.58,deposit,10.80555060,38.85006881
1763873910905,btc,3706248.11,sell,-0.03019465,0.03670349
1763875809262,btc,3705952.72,sell,-0.01724527,0.01945822
1763877969787,doge,59.8,buy,641.62386234,5488.74249411
1763879649714,usdc,31.85,withdrawal,-73.000000,2354.551659
1763880520456,eth,136396.32,buy,0.23370892,2.81831584
1763881950151,sol,9777.4,sell,-6.34543716,32.50463165
1763884931334,usdt,32.11,buy,1215.834193,9699.338944
1763892298408,sol,9785.6,deposit,12.84241861,45.34705026
1763896856347,eth,136275.9,buy,0.34533435,3.16365019
1763905497914,doge,59.79,withdrawal,-728.78364644,4759.95884767
1763906592413,usdt,32.12,withdrawal,-91.000000,9608.338944
1763909124703,usdt,32.12,deposit,2840.000000,12448.338944
1763918199900,eth,136226.07,deposit,1.08104294,4.24469313
1763924372124,usdc,31.86,deposit,964.000000,3318.551659
1763928055737,usdc,31.85,withdrawal,-128.000000,3190.551659
1763928094512,usdc,31.84,withdrawal,-132.000000,3058.551659
1763932035001,sol,9796.31,sell,-9.14926154,36.19778872
1763934234773,doge,59.76,withdrawal,-496.56048167,4263.39836600
1763935497642,eth,136215.93,deposit,0.42142137,4.66611450
1763936200429,usdc,31.83,sell,-244.588895,2813.962764
1763940813176,usdc,31.83,buy,1557.611096,4371.573860
1763945458837,doge,59.72,withdrawal,-1055.85334554,3207.54502046
1763947058565,eth,136288.89,deposit,1.46877858,6.13489308
1763951870779,doge,59.71,deposit,1229.56534705,4437.11036751
1763952278477,usdt,32.14,sell,-1236.338940,11212.000004
1763957042357,usdc,31.85,sell,-1767.812089,2603.761771
1763957354821,usdc,31.84,buy,780.319212,3384.080983
1763959348333,doge,59.84,buy,527.57813891,4964.68850642
1763960872226,sol,9797.81,withdrawal,-9.38978397,26.80800475
1763961790816,usdc,31.85,deposit,2788.000000,6172.080983
1763962042203,usdc,31.86,buy,1025.692982,7197.773965
1763970899723,twd,1.0,deposit,125579,101923804
1763970969648,usdc,31.85,sell,-2215.511008,4982.262957
1763972128630,usdt,32.1,deposit,1657.000000,12869.000004
1763972487251,sol,9805.33,buy,3.65973177,30.46773652
1763974991823,sol,9806.25,withdrawal,-6.81282051,23.65491601
1763975837868,usdc,31.84,deposit,1624.000000,6606.262957
1763987680698,usdt,32.09,withdrawal,-202.000000,12667.000004
1763988796470,btc,3713772.73,sell,-0.00524970,0.01420852
1763991572930,sol,9817.86,withdrawal,-6.12123214,17.53368387
1764000885154,usdt,32.08,buy,553.857135,13220.857139
1764008818383,eth,136312.13,buy,0.29358102,6.42847410
1764008868987,usdc,31.85,sell,-3266.700062,3339.562895
1764009868887,eth,136394.62,withdrawal,-2.56992484,3.85854926
1764015809994,sol,9817.11,sell,-7.07872466,10.45495921
1764016822110,usdt,32.06,sell,-3732.525981,9488.331158
1764019767772,sol,9821.26,withdrawal,-0.92646948,9.52848973
1764030961552,twd,1.0,withdrawal,-25181,102188217
1764032942910,usdc,31.87,buy,235.208986,3574.771881
1764039837648,usdc,31.87,deposit,2299.000000,5873.771881
1764054500262,usdt,32.06,buy,407.505148,9895.836306
1764066989703,usdt,32.05,buy,304.773086,10200.609392
1764072226670,usdt,32.06,buy,444.063305,10644.672697
1764075954127,doge,60.05,sell,-844.33718571,4120.35132071
1764077810720,doge,60.03,deposit,2245.47706338,6365.82838409
1764077977027,btc,3718324.42,withdrawal,-0.00312736,0.01108116
1764086554041,sol,9834.9,sell,-5.47986280,4.04862693
1764088354035,twd,1.0,withdrawal,-22324,102225925
1764089541205,eth,136393.32,sell,-0.78353213,3.07501713
1764092221770,btc,3717352.32,withdrawal,-0.00401046,0.00707070
1764093420000,btc,3716740.1,withdrawal,-0.00100428,0.00606642
1764095040000,sol,9832.97,deposit,4.16357273,8.21219966
1764095348706,btc,3714226.52,withdrawal,-0.00118456,0.00488186
1764096780000,eth,136374.87,deposit,0.90343265,3.97844978
1764098575361,doge,60.1,sell,-1127.45905538,5238.36932871
1764109082686,btc,3714960.41,withdrawal,-0.00170278,0.00317908
1764109617669,btc,3716191.66,buy,0.00414377,0.00732285
1764113766939,btc,3715255.29,deposit,0.00707670,0.01439955
1764116392136,twd,1.0,deposit,52500,102437650
1764122800737,twd,1.0,deposit,47723,102485373
1764123029886,sol,9846.17,sell,-3.08272418,5.12947548
1764123231819,sol,9842.61,buy,1.97956543,7.10904091
1764129066918,usdt,32.05,deposit,2075.000000,12719.672697
1764130921954,twd,1.0,deposit,46212,102542454
1764132709576,btc,3716306.85,deposit,0.02830922,0.04270877
1764132797942,usdt,32.04,deposit,2710.000000,15429.672697
1764137967611,eth,136579.76,buy,0.10872702,4.08717680
1764141606712,usdt,32.04,buy,1287.266852,16716.939549
1764148269673,sol,9850.48,deposit,12.29682470,19.40586561
1764150949915,usdc,31.86,deposit,2962.000000,8835.771881
1764154917684,usdt,32.05,withdrawal,-89.000000,16627.939549
1764162280245,eth,136667.96,withdrawal,-0.12832898,3.95884782
1764164032534,usdc,31.84,deposit,2520.000000,11355.771881
1764170293012,usdt,32.05,buy,49.579279,16677.518828
1764173240593,doge,59.98,deposit,1718.60239291,6956.97172162
1764174893711,usdt,32.06,buy,754.795179,17432.314007
1764176724557,usdc,31.83,withdrawal,-196.000000,11159.771881
1764178602863,sol,9851.64,deposit,4.86721690,24.27308251
1764179003330,doge,59.95,deposit,1720.08635558,8677.05807720
1764181021052,sol,9857.77,buy,3.19730776,27.47039027
1764182455991,eth,136660.55,deposit,1.13048446,5.08933228
1764190504097,eth,136668.74,deposit,0.15185876,5.24119104
1764191174711,btc,3722885.13,buy,0.00042034,0.04312911
1764193604098,doge,59.91,withdrawal,-1703.54527858,6973.51279862
1764195889360,eth,136646.17,sell,-2.54194254,2.69924850
1764197239824,doge,59.99,buy,286.15994818,7259.67274680
1764198263764,sol,9843.33,withdrawal,-10.66443671,16.80595356
1764205031927,btc,3723769.02,buy,0.00434155,0.04747066
1764205992681,usdt,32.09,sell,-9520.237656,7912.076351
1764209567241,eth,136657.19,buy,0.07130764,2.77055614
1764215208569,btc,3724972.45,buy,0.01009073,0.05756139
1764218744005,btc,3725095.82,sell,-0.01854335,0.03901804
1764221322349,sol,9847.5,buy,0.93603916,17.74199272
1764226882056,btc,3724566.81,buy,0.00826279,0.04728083
1764229654453,doge,60.1,withdrawal,-2682.95038200,4576.72236480
1764236416622,twd,1.0,withdrawal,-26257,103002503
1764237989543,usdt,32.11,deposit,2381.000000,10293.076351
1764239233988,twd,1.0,withdrawal,-15795,102986708
1764239883309,btc,3723385.26,withdrawal,-0.01064989,0.03663094
1764240474264,usdc,31.85,buy,900.078023,12059.849904
1764243238325,usdt,32.1,deposit,1631.000000,11924.076351
1764249940751,usdc,31.84,buy,56.513474,12116.363378
1764256140000,sol,9851.67,withdrawal,-5.94640027,11.79559245
1764257664092,twd,1.0,deposit,114406,103070645
1764258559308,sol,9848.83,sell,-2.93119305,8.86439940
1764261475635,usdt,32.08,sell,-5973.544714,5950.531637
1764262359568,sol,9850.45,deposit,6.41813907,15.28253847
1764265811117,btc,3721562.67,sell,-0.01872471,0.01790623
1764267258203,usdc,31.83,sell,-2352.788691,9763.574687
1764273844616,usdc,31.83,withdrawal,-173.000000,9590.574687
1764277434312,usdc,31.83,withdrawal,-132.000000,9458.574687
1764278692995,usdc,31.83,withdrawal,-274.000000,9184.574687
1764290038405,usdc,31.83,sell,-1187.158054,7997.416633
1764290128021,usdt,32.06,buy,591.829246,6542.360883
1764290745473,eth,136803.73,buy,0.01046537,2.78102151
1764298872921,btc,3726942.78,withdrawal,-0.00318866,0.01471757
1764303392757,twd,1.0,withdrawal,-29943,103423141
1764305994187,usdc,31.81,deposit,2993.000000,10990.416633
1764312255330,sol,9875.38,buy,2.13001190,17.41255037
1764312825469,sol,9871.49,sell,-1.21661612,16.19593425
1764313245583,usdt,32.08,sell,-3603.917920,2938.442963
1764315912414,sol,9875.24,withdrawal,-2.14798654,14.04794771
1764320199170,eth,136694.48,sell,-0.55557936,2.22544215
1764331994712,btc,3726959.76,withdrawal,-0.00288161,0.01183596
1764334198838,doge,60.33,deposit,508.96153650,5085.68390130
1764335413431,btc,3727880.1,deposit,0.00878518,0.02062114
1764335477275,sol,9866.98,deposit,9.06069761,23.10864532
1764339159887,sol,9868.8,deposit,4.75597986,27.86462518
1764342555098,btc,3731013.52,sell,-0.00331165,0.01730949
1764346757819,doge,60.26,sell,-1675.97205679,3409.71184451
1764349847089,eth,136756.9,sell,-0.34894477,1.87649738
1764362330913,sol,9863.35,deposit,12.84357804,40.70820322
1764366993358,sol,9864.51,buy,3.59921865,44.30742187
1764367760288,eth,136671.24,buy,0.03193962,1.90843700
1764368510634,usdt,32.07,sell,-642.234887,2296.208076
1764370852316,twd,1.0,deposit,117988,103865464
1764376608570,sol,9857.36,buy,4.00520765,48.31262952
1764378159726,eth,136513.88,withdrawal,-0.34592953,1.56250747
1764380098397,btc,3728993.55,withdrawal,-0.00501788,0.01229161
1764380871081,eth,136474.34,sell,-0.82508449,0.73742298
1764384851620,usdt,32.08,sell,-1018.550101,1277.657975
1764386217482,eth,136553.13,buy,0.34767116,1.08509414
1764390273124,sol,9859.63,deposit,11.91169095,60.22432047
1764393709899,sol,9856.37,buy,3.78230056,64.00662103
1764394163446,eth,136606.98,withdrawal,-0.40821472,0.67687942
1764396425085,sol,9849.37,sell,-37.59125966,26.41536137
1764408244205,usdc,31.78,buy,790.919657,11781.336290
1764418682230,eth,136696.82,deposit,1.25160233,1.92848175
1764419455756,usdt,32.07,deposit,1278.000000,2555.657975
1764429692946,sol,9859.11,buy,1.20593847,27.62129984
1764431247829,sol,9859.18,buy,0.74149879,28.36279863
1764431568778,btc,3732391.75,sell,-0.00470553,0.00758608
1764434822842,sol,9859.5,withdrawal,-8.35298156,20.00981707
1764435811146,twd,1.0,withdrawal,-28398,104201584
1764451166374,eth,136758.93,buy,0.25203680,2.18051855
1764451319834,usdc,31.75,deposit,1533.000000,13314.336290
1764455249669,usdt,32.07,buy,1151.682947,3707.340922
1764458117187,eth,136765.26,buy,0.15503047,2.33554902
1764458673456,sol,9861.75,deposit,13.08609379,33.09591086
1764458880130,sol,9859.22,buy,4.23382561,37.32973647
1764464272364,btc,3729788.4,withdrawal,-0.00251886,0.00506722
1764466157481,usdt,32.05,withdrawal,-233.000000,3474.340922
1764466882266,usdc,31.77,withdrawal,-426.000000,12888.336290
1764473473565,usdt,32.05,withdrawal,-220.000000,3254.340922
1764476075312,usdc,31.78,sell,-6085.292920,6803.043370
1764481236280,usdc,31.77,buy,906.592139,7709.635509
1764482263656,usdt,32.06,buy,1432.190030,4686.530952
1764483963297,btc,3731762.92,sell,-0.00243542,0.00263180
1764484904011,usdt,32.06,sell,-2222.330149,2464.200803
1764484934556,usdc,31.76,deposit,2489.000000,10198.635509
1764486809681,sol,9887.31,buy,3.77020188,41.09993835
1764489261425,eth,136855.27,buy,0.08078013,2.41632915
1764492665115,usdt,32.05,sell,-395.846571,2068.354232
1764496380259,usdt,32.05,withdrawal,-289.000000,1779.354232
1764498219676,usdt,32.05,deposit,1691.000000,3470.354232
1764499537401,doge,60.24,deposit,1888.93905905,5298.65090356
1764500262637,btc,3736777.99,buy,0.00252189,0.00515369
1764501090335,eth,136878.36,deposit,0.53503088,2.95136003
1764506871928,doge,60.22,withdrawal,-837.26414249,4461.38676107
1764509545225,usdt,32.06,buy,301.216405,3771.570637
1764510019202,twd,1.0,deposit,137978,104349505
1764513217444,usdc,31.73,buy,1368.535390,11567.170899
1764515776344,usdt,32.05,withdrawal,-465.000000,3306.570637
1764518575578,doge,60.33,sell,-2373.52441194,2087.86234913
1764522086894,doge,60.37,withdrawal,-538.43302816,1549.42932097
1764530431944,sol,9917.67,buy,4.94369387,46.04363222
1764531635865,doge,60.4,buy,197.25031067,1746.67963164
1764534761263,usdc,31.71,withdrawal,-143.000000,11424.170899
1764535580775,usdt,32.07,withdrawal,-305.000000,3001.570637
1764537689360,usdt,32.07,deposit,2620.000000,5621.570637
1764537746198,doge,60.45,withdrawal,-667.60299610,1079.07663554
1764544046794,sol,9919.58,buy,0.45959004,46.50322226
1764544639895,usdc,31.71,withdrawal,-425.000000,10999.170899
1764545660417,eth,136942.55,deposit,0.66120246,3.61256249
1764552597806,twd,1.0,withdrawal,-9885,104373888
1764553972183,doge,60.45,buy,752.11524617,1831.19188171
1764559230070,doge,60.41,buy,562.13522091,2393.32710262
1764561103402,btc,3732011.13,sell,-0.00162883,0.00352486
1764561876396,eth,136968.39,sell,-1.84287316,1.76968933
1764562624910,usdt,32.08,sell,-1654.478008,3967.092629
1764563391041,twd,1.0,withdrawal,-10659,104595381
1764568026883,sol,9906.33,buy,4.42993097,50.93315323
1764570732054,sol,9902.25,sell,-7.02341689,43.90973634
1764571020063,doge,60.6,deposit,708.69636690,3102.02346952
1764572953115,eth,137019.85,buy,0.26543516,2.03512449
1764573193304,doge,60.57,withdrawal,-607.63913562,2494.38433390
1764573667081,doge,60.61,sell,-942.50131704,1551.88301686
1764575330819,doge,60.66,buy,461.95839797,2013.84141483
1764576696309,usdt,32.08,buy,1403.390606,5370.483235
1764585360729,doge,60.68,deposit,1736.20061713,3750.04203196
1764585845164,doge,60.65,deposit,1608.95935197,5359.00138393
1764593267026,btc,3732574.38,buy,0.00246909,0.00599395
1764595271595,eth,137204.59,buy,0.05243727,2.08756176
1764595394736,usdt,32.08,sell,-2413.454677,2957.028558
1764597670708,btc,3730993.8,withdrawal,-0.00213984,0.00385411
1764599875990,sol,9922.56,buy,4.83646529,48.74620163
1764602690882,btc,3732600.29,withdrawal,-0.00135008,0.00250403
1764603992223,usdt,32.08,withdrawal,-463.000000,2494.028558
1764604814464,btc,3730376.37,withdrawal,-0.00100041,0.00150362
1764605904355,eth,137170.74,sell,-0.63658989,1.45097187
1764607069946,doge,60.73,buy,606.49806050,5965.49944443
1764608090807,usdt,32.1,deposit,2102.000000,4596.028558
1764611444481,doge,60.77,buy,636.98365287,6602.48309730
1764613501173,usdt,32.1,withdrawal,-100.000000,4496.028558
1764616413751,usdc,31.73,buy,1219.133973,12218.304872
1764616930197,sol,9924.28,buy,0.62295748,49.36915911
1764619958286,twd,1.0,deposit,129263,104677962
1764623160090,twd,1.0,deposit,72407,104750369
1764623532236,usdc,31.71,withdrawal,-136.000000,12082.304872
1764626267514,eth,137272.43,buy,0.31479731,1.76576918
1764626565600,eth,137335.66,withdrawal,-0.32176852,1.44400066
1764633650238,sol,9929.81,sell,-28.50051705,20.86864206
1764634544666,sol,9931.37,buy,0.31371875,21.18236081
1764642113949,eth,137366.06,deposit,0.23593942,1.67994008
1764642730554,usdt,32.1,withdrawal,-154.000000,4342.028558
1764646635654,usdc,31.71,deposit,1408.000000,13490.304872
1764651160530,eth,137409.19,buy,0.25650866,1.93644874
1764651588146,usdt,32.1,deposit,2052.000000,6394.028558
1764654120000,usdt,32.1,deposit,1844.000000,8238.028558
1764654840000,twd,1.0,deposit,113113,105064911
1764656279009,sol,9935.24,buy,4.61656913,25.79892994
1764660122077,doge,60.86,deposit,1056.00610520,7658.48920250
1764662279576,usdt,32.1,withdrawal,-235.000000,8003.028558
1764666368495,usdt,32.1,deposit,1912.000000,9915.028558
1764679046757,eth,137382.84,withdrawal,-0.07390528,1.86254346
1764685292391,usdc,31.75,buy,244.007957,13734.312829
1764691570487,btc,3729635.05,buy,0.00968923,0.01119285
1764693483634,btc,3729225.0,withdrawal,-0.00108567,0.01010718
1764696514931,usdc,31.77,buy,1302.060362,15036.373191
1764700286007,btc,3731295.2,deposit,0.04265945,0.05276663
1764700494078,usdt,32.11,sell,-1057.701014,8857.327544
1764701888266,eth,137205.16,buy,0.01096980,1.87351326
1764703469310,usdc,31.79,buy,1463.922736,16500.295927
1764705425323,sol,9925.97,sell,-9.88874256,15.91018738
1764708354213,doge,60.91,buy,103.33485583,7761.82405833
1764710763165,eth,137142.92,sell,-1.11191471,0.76159855
1764711430189,usdt,32.12,deposit,2589.000000,11446.327544
1764714092575,eth,137105.89,sell,-0.13612865,0.62546990
1764715077459,sol,9924.31,buy,4.68132014,20.59150752
1764715571502,usdt,32.12,withdrawal,-270.000000,11176.327544
1764722982361,usdc,31.8,sell,-3279.866663,13220.429264
1764726538842,eth,137125.18,buy,0.26208587,0.88755577
1764726740098,doge,60.92,withdrawal,-2675.59866014,5086.22539819
1764739796424,eth,137220.0,deposit,0.32944924,1.21700501
1764754166063,doge,60.83,deposit,2341.60990380,7427.83530199
1764755462492,eth,137247.6,withdrawal,-0.14058537,1.07641964
1764757007255,usdc,31.77,withdrawal,-233.000000,12987.429264
1764757130996,btc,3735899.18,withdrawal,-0.01770313,0.03506350
1764758290942,doge,60.83,buy,427.65552181,7855.49082380
1764761313602,usdc,31.75,buy,990.881390,13978.310654
1764772588622,eth,137329.05,deposit,1.40689282,2.48331246
1764773659646,usdt,32.11,sell,-3222.082691,7954.244853
1764776238425,twd,1.0,withdrawal,-27248,105223355
1764777001472,usdc,31.76,sell,-5352.674359,8625.636295
1764777637340,twd,1.0,deposit,133718,105527084
1764780391434,eth,137284.92,sell,-0.82206654,1.66124592
1764780593210,doge,60.86,withdrawal,-1517.75936762,6337.73145618
1764787328992,sol,9919.71,sell,-3.86568345,16.72582407
1764790521178,sol,9918.97,withdrawal,-0.61378214,16.11204193
1764790564753,eth,137367.76,withdrawal,-0.55892410,1.10232182
1764790886470,usdc,31.76,deposit,1667.000000,10292.636295
1764791501171,usdc,31.77,withdrawal,-483.000000,9809.636295
1764792865763,btc,3738446.59,deposit,0.03782199,0.07288549
1764793849772,sol,9917.76,buy,1.40960744,17.52164937
1764798807960,usdt,32.15,withdrawal,-294.000000,7660.244853
1764800240062,btc,3738277.21,withdrawal,-0.00849884,0.06438665
1764802276603,doge,60.89,buy,315.36284451,6653.09430069
1764803226461,twd,1.0,withdrawal,-5479,105639626
1764810071873,sol,9928.69,buy,3.42181913,20.94346850
1764810268966,usdc,31.76,buy,1030.211732,10839.848027
1764812413072,usdc,31.76,deposit,2267.000000,13106.848027
1764812751705,doge,60.9,withdrawal,-1032.22106560,5620.87323509
1764815014767,doge,60.9,sell,-262.76747898,5358.10575611
1764816553955,eth,137325.49,deposit,0.91657507,2.01889689
1764817470613,usdt,32.14,deposit,2592.000000,10252.244853
1764823288492,usdt,32.14,sell,-2223.865543,8028.379310
1764830098271,btc,3738138.15,sell,-0.03533296,0.02905369
1764840157383,doge,60.83,buy,528.13420146,5886.23995757
1764840346971,doge,60.84,deposit,2324.91891039,8211.15886796
1764844365983,twd,1.0,withdrawal,-19093,105741262
1764845803186,doge,60.89,sell,-1390.82385356,6820.33501440
1764848408618,doge,60.86,buy,817.93894733,7638.27396173
1764854254548,eth,137300.29,withdrawal,-0.48315773,1.53573916
1764856608461,sol,9946.72,buy,5.00632046,25.94978896
1764863806933,usdc,31.73,buy,565.579442,13672.427469
1764880099167,usdt,32.14,deposit,572.000000,8600.379310
1764884856542,usdt,32.14,deposit,2064.000000,10664.379310
1764885731770,doge,60.83,deposit,1546.90277535,9185.17673708
1764892640445,usdt,32.14,withdrawal,-430.000000,10234.379310
1764898055708,twd,1.0,deposit,98378,105806798
1764901135268,usdt,32.15,deposit,1891.000000,12125.379310
1764905632423,usdt,32.15,withdrawal,-377.000000,11748.379310
1764906268046,usdc,31.71,sell,-525.458771,13146.968698
1764906412470,eth,137335.06,buy,0.09156005,1.62729921
1764907080000,usdc,31.71,withdrawal,-153.000000,12993.968698
1764907500000,usdt,32.16,buy,302.967386,12051.346696
1764910020000,usdt,32.15,deposit,1028.000000,13079.346696
1764912180000,usdt,32.15,deposit,1283.000000,14362.346696
1764914760000,btc,3744240.78,deposit,0.02012486,0.04917855
1764916072745,sol,9960.73,sell,-0.77025642,25.17953254
1764916944131,eth,137366.15,buy,0.10444985,1.73174906
1764917138012,btc,3744117.29,withdrawal,-0.00386842,0.04531013
1764917340000,btc,3743007.25,withdrawal,-0.01003281,0.03527732
1764918360000,btc,3742208.27,deposit,0.04302635,0.07830367
1764919800000,eth,137358.78,buy,0.14217089,1.87391995
1764920760000,usdc,31.69,withdrawal,-150.000000,12843.968698
1764921465783,btc,3742262.34,buy,0.00047460,0.07877827
1764921757060,doge,60.93,withdrawal,-1337.08121589,7848.09552119
1764922320000,usdt,32.1,deposit,2519.000000,16881.346696
1764923640000,usdt,32.1,deposit,2914.000000,19795.346696
1764924780000,usdc,31.67,deposit,995.000000,13838.968698
1764925380000,sol,9961.6,buy,0.38414041,25.56367295
1764927139352,eth,137509.06,sell,-0.77547217,1.09844778
1764927434197,sol,9961.63,deposit,9.95677658,35.52044953
1764937140274,btc,3742275.78,withdrawal,-0.00391551,0.07486276
1764937149795,twd,1.0,withdrawal,-10175,105865797
1764937471204,btc,3744094.13,sell,-0.04364185,0.03122091
1764939654740,usdc,31.66,sell,-5404.597980,8434.370718
1764947929686,btc,3745371.5,deposit,0.02349046,0.05471137
1764950467631,eth,137575.8,sell,-0.04929905,1.04914873
1764951548334,sol,9948.48,deposit,9.61719187,45.13764140
1764954273729,usdc,31.68,sell,-4591.975980,3842.394738
1764954511860,btc,3749389.59,buy,0.00709294,0.06180431
1764954625672,twd,1.0,withdrawal,-7769,106318212
1764954990738,btc,3747150.4,withdrawal,-0.00557503,0.05622928
1764957360061,twd,1.0,deposit,25474,106343686
1764962924054,twd,1.0,withdrawal,-5756,106337930
1764966237908,doge,61.03,buy,537.88405157,8385.97957276
1764967202985,twd,1.0,withdrawal,-5099,106300003
1764967282866,sol,9947.53,sell,-3.96086543,41.17677597
1764970189687,eth,137484.46,sell,-0.62663184,0.42251689
1764972027453,usdt,32.07,deposit,2869.000000,22664.346696
1764986576251,usdt,32.08,withdrawal,-336.000000,22328.346696
1764988838691,btc,3747865.61,sell,-0.00781840,0.04841088
1764989600499,doge,61.14,buy,407.12436335,8793.10393611
1765002235856,doge,61.17,sell,-2541.71970761,6251.38422850
1765003009762,sol,9936.56,deposit,5.52759101,46.70436698
1765003898744,twd,1.0,withdrawal,-5830,106579606
1765004401956,usdt,32.07,deposit,1849.000000,24177.346696
1765022469460,doge,61.22,withdrawal,-2298.09575159,3953.28847691
1765025579248,doge,61.19,sell,-167.15811631,3786.13036060
1765026477762,sol,9932.86,deposit,11.56760718,58.27197416
1765028842773,usdc,31.71,withdrawal,-122.000000,3720.394738
1765028950834,usdt,32.05,withdrawal,-161.000000,24016.346696
1765030379956,sol,9929.43,sell,-18.62921845,39.64275571
1765033363139,usdt,32.04,withdrawal,-285.000000,23731.346696
1765037973364,usdt,32.04,buy,1192.912842,24924.259538
1765039184207,twd,1.0,deposit,132565,106869155
1765039289815,btc,3750497.16,sell,-0.01627550,0.03213538
1765041672736,doge,61.41,withdrawal,-134.72225304,3651.40810756
1765043578687,usdt,32.05,sell,-11223.853215,13700.406323
1765048965954,usdc,31.72,sell,-1628.252821,2092.141917
1765054666887,twd,1.0,withdrawal,-22023,107319577
1765056483439,eth,137395.87,withdrawal,-0.14101990,0.28149699
1765059811867,usdt,32.07,withdrawal,-213.000000,13487.406323
1765059823205,usdt,32.06,deposit,546.000000,14033.406323
1765062515839,sol,9947.1,deposit,2.35726762,42.00002333
1765069032705,doge,61.41,buy,238.23699651,3889.64510407
1765071046679,eth,137377.53,sell,-0.07365696,0.20784003
1765072060711,doge,61.39,withdrawal,-415.13664436,3474.50845971
1765078101513,usdc,31.7,sell,-148.107981,1944.033936
1765084106644,eth,137318.6,withdrawal,-0.02034699,0.18749304
1765088625111,sol,9947.36,sell,-7.98042252,34.01960081
1765092979797,sol,9945.53,sell,-16.16283824,17.85676257
1765093090814,usdc,31.68,sell,-463.941083,1480.092853
1765094527225,eth,137258.02,deposit,0.60917788,0.79667092
1765096060612,usdt,32.09,deposit,2821.000000,16854.406323
1765101206158,doge,61.46,withdrawal,-960.52574378,2513.98271593
1765101483320,doge,61.41,sell,-985.15355925,1528.82915668
1765104046154,twd,1.0,withdrawal,-17201,107617894
1765104354797,usdc,31.68,buy,665.071484,2145.164337
1765107112087,doge,61.3,buy,65.54844793,1594.37760461
1765107716015,doge,61.28,withdrawal,-163.22260026,1431.15500435
1765108042832,usdt,32.07,deposit,1968.000000,18822.406323
1765110526405,sol,9938.03,buy,0.55194208,18.40870465
1765111429329,usdt,32.06,withdrawal,-334.000000,18488.406323
1765114151983,usdt,32.05,sell,-5327.105924,13161.300399
1765129383667,sol,9934.58,sell,-3.20980957,15.19889508
1765129648914,twd,1.0,deposit,148112,107938076
1765131116657,doge,61.18,sell,-649.80598396,781.34902039
1765136007636,doge,61.22,buy,472.29988062,1253.64890101
1765137572170,eth,137230.93,withdrawal,-0.21444480,0.58222612
1765143932564,sol,9937.88,deposit,14.15758742,29.35648250
1765144790921,usdt,32.07,deposit,2196.000000,15357.300399
1765147618584,usdt,32.06,deposit,2975.000000,18332.300399
1765150538579,twd,1.0,deposit,54451,108003369
1765157202269,usdc,31.69,withdrawal,-364.000000,1781.164337
1765158217731,usdc,31.69,deposit,2020.000000,3801.164337
1765159415373,twd,1.0,withdrawal,-6963,107996406
1765162481898,eth,137358.7,sell,-0.15365640,0.42856972
1765168497698,usdc,31.68,sell,-419.392738,3381.771599
1765174444574,doge,61.33,buy,484.14064696,1737.78954797
1765174635940,eth,137398.67,deposit,1.11333298,1.54190270
1765190244223,eth,137463.51,deposit,1.00954521,2.55144791
1765192009632,eth,137454.81,buy,0.17538085,2.72682876
1765194233818,doge,61.38,deposit,645.98143010,2383.77097807
1765198261360,usdc,31.67,withdrawal,-180.000000,3201.771599
1765203680776,usdt,32.01,deposit,2167.000000,20499.300399
1765203890750,usdc,31.69,buy,995.163137,4196.934736
1765204801321,sol,9937.54,buy,1.07990410,30.43638660
1765205448699,sol,9942.83,withdrawal,-7.96741201,22.46897459
1765208467048,btc,3762755.28,deposit,0.02343994,0.05557532
1765213958389,usdc,31.66,withdrawal,-248.000000,3948.934736
1765215157503,eth,137339.13,withdrawal,-0.29445646,2.43237230
1765216010782,usdc,31.66,sell,-2043.476898,1905.457838
1765217152737,btc,3761963.48,deposit,0.02598466,0.08155998
1765219940591,usdt,32.03,withdrawal,-212.000000,20287.300399
1765224096554,usdt,32.02,deposit,2307.000000,22594.300399
1765225882633,usdc,31.67,buy,528.092193,2433.550031
1765228010117,btc,3766032.91,deposit,0.04667435,0.12823433
1765228755134,btc,3765004.35,buy,0.00594435,0.13417868
1765231101761,sol,9951.32,withdrawal,-3.17453164,19.29444295
1765240077808,sol,9952.39,deposit,2.03624745,21.33069040
1765241614683,usdt,32.02,buy,593.546272,23187.846671
1765241951784,eth,137416.34,buy,0.06576186,2.49813416
1765249198626,eth,137466.08,deposit,0.50590295,3.00403711
1765251370203,sol,9959.02,sell,-0.91859839,20.41209201
1765254461933,sol,9962.64,buy,0.33353434,20.74562635
1765255550780,eth,137417.91,deposit,0.46920096,3.47323807
1765255856663,usdt,32.03,buy,864.068793,24051.915464
1765259977112,usdc,31.6,deposit,1459.000000,3892.550031
1765262944140,sol,9964.3,buy,3.66635695,24.41198330
1765263293475,sol,9963.01,sell,-6.76939850,17.64258480
1765265787618,usdc,31.59,buy,188.092171,4080.642202
1765265844358,doge,61.62,sell,-248.62583428,2135.14514379
1765269838000,sol,9967.66,sell,-6.26329178,11.37929302
1765274408362,eth,137462.9,buy,0.36163118,3.83486925
1765275592527,eth,137455.93,deposit,1.38741289,5.22228214
1765275966574,eth,137437.81,withdrawal,-0.73050751,4.49177463
1765276658803,usdt,32.06,buy,709.094076,24761.009540
1765276923950,doge,61.51,buy,651.11863799,2786.26378178
1765279525692,twd,1.0,withdrawal,-23535,107877113
1765281957640,btc,3762198.91,sell,-0.04285499,0.09132369
1765286701246,usdt,32.07,buy,1156.901681,25917.911221
1765296109458,sol,9988.07,sell,-6.76129354,4.61799948
1765296568502,sol,9985.54,deposit,2.33191472,6.94991420
1765298715119,twd,1.0,deposit,137496,108206270
1765301921137,twd,1.0,deposit,70053,108276323
1765303620000,sol,9989.16,deposit,8.54203546,15.49194966
1765303713065,usdc,31.57,deposit,2434.000000,6514.642202
1765304103900,twd,1.0,deposit,133532,108409855
1765305660000,btc,3759427.18,sell,-0.03742209,0.05390160
1765307580000,sol,10001.96,buy,3.51553640,19.00748606
1765309680000,sol,10006.86,buy,0.63752516,19.64501122
1765314993236,twd,1.0,deposit,53992,108562990
1765315689132,btc,3756817.81,buy,0.00546174,0.05936334
1765316886569,doge,61.85,sell,-957.04367296,1829.22010882
1765318829127,sol,10000.56,buy,4.45972615,24.10473737
1765318937995,twd,1.0,deposit,122747,108679810
1765321298735,btc,3754830.09,buy,0.00915867,0.06852201
1765324756571,usdt,32.06,withdrawal,-54.000000,25863.911221
1765324957165,btc,3756445.43,deposit,0.00996397,0.07848598
1765327446493,usdt,32.07,buy,150.317487,26014.228708
1765332422654,eth,137582.65,buy,0.26040397,4.75217860
1765335424297,usdc,31.6,buy,288.334710,6802.976912
1765335898014,sol,10015.78,buy,0.15012602,24.25486339
1765340220888,eth,137677.88,buy,0.26360441,5.01578301
1765340953232,usdc,31.58,sell,-1525.841296,5277.135616
1765346915155,btc,3754941.33,withdrawal,-0.02484652,0.05363946
1765347091957,usdt,32.06,buy,784.082854,26798.311562
1765350819697,usdc,31.58,deposit,2412.000000,7689.135616
1765352945076,usdc,31.59,deposit,1364.000000,9053.135616
1765355128729,sol,10005.76,buy,2.99069716,27.24556055
1765359453365,twd,1.0,withdrawal,-20692,108530294
1765373671862,sol,10001.22,deposit,7.46328705,34.70884760
1765378001850,twd,1.0,withdrawal,-15900,108514394
1765379529127,usdt,32.05,deposit,817.000000,27615.311562
1765381629732,btc,3751050.64,withdrawal,-0.01889815,0.03474131
1765389340981,btc,3752097.06,withdrawal,-0.00928386,0.02545745
1765390425659,btc,3753123.61,buy,0.00350876,0.02896621
1765393535681,eth,137493.94,sell,-2.72070033,2.29508268
1765395849879,btc,3754499.5,withdrawal,-0.01023786,0.01872835
1765404687991,doge,62.07,sell,-691.53854950,1137.68155932
1765406689921,twd,1.0,deposit,139294,109057520
1765406949490,sol,10022.02,buy,1.61183703,36.32068463
1765408045001,usdc,31.58,buy,578.458334,9631.593950
1765415566633,doge,62.07,withdrawal,-328.39523493,809.28632439
1765416895983,twd,1.0,withdrawal,-6391,109016704
1765418768099,twd,1.0,deposit,56137,109072841
1765422116872,btc,3751955.03,deposit,0.04931830,0.06804665
1765423337099,sol,10027.1,deposit,4.68493992,41.00562455
1765430874415,sol,10027.35,buy,3.49962933,44.50525388
1765433364061,usdt,32.07,deposit,1155.000000,28770.311562
1765437012165,sol,10028.02,withdrawal,-16.72751724,27.77773664
1765440057480,sol,10031.36,buy,0.93440942,28.71214606
1765441152164,usdc,31.6,deposit,1616.000000,11247.593950
1765441997491,usdc,31.59,buy,1069.383501,12316.977451
1765442250362,usdc,31.59,sell,-297.309116,12019.668335
1765443908646,btc,3751501.22,buy,0.00138424,0.06943089
1765444371918,sol,10042.36,withdrawal,-7.15768935,21.55445671
1765444920987,usdt,32.05,sell,-16565.082550,12205.229012
1765448747993,eth,137658.16,buy,0.24473809,2.53982077
1765453482586,usdc,31.59,withdrawal,-402.000000,11617.668335
1765453932927,usdc,31.59,sell,-5126.207838,6491.460497
1765457634560,btc,3749923.27,deposit,0.04669857,0.11612946
1765460000396,usdt,32.04,deposit,1562.000000,13767.229012
1765461350663,doge,62.11,deposit,1629.53474785,2438.82107224
1765463558508,usdc,31.59,deposit,2303.000000,8794.460497
1765471505026,eth,137751.3,sell,-1.15884694,1.38097383
1765471555039,twd,1.0,withdrawal,-29793,109787831
1765472023214,usdc,31.58,withdrawal,-484.000000,8310.460497
1765474984203,eth,137846.26,buy,0.07343843,1.45441226
1765475250682,eth,137853.5,deposit,0.57723943,2.03165169
1765477219132,eth,137830.59,deposit,1.45802303,3.48967472
1765479417810,usdc,31.55,deposit,1348.000000,9658.460497
1765481468503,sol,10057.04,sell,-1.81411370,19.74034301
1765481721228,usdt,32.03,withdrawal,-489.000000,13278.229012
1765487370069,doge,62.09,sell,-469.25430345,1969.56676879
1765488603301,sol,10057.01,deposit,10.74012792,30.48047093
1765490676762,btc,3753919.56,buy,0.00484729,0.12097675
1765492451659,usdt,32.04,sell,-2305.764297,10972.464715
1765495299164,usdt,32.03,sell,-521.168292,10451.296423
1765495964101,usdt,32.04,buy,1050.642515,11501.938938
1765503168515,doge,62.14,withdrawal,-313.60971984,1655.95704895
1765506868613,usdt,32.06,withdrawal,-266.000000,11235.938938
1765509419564,eth,138013.03,withdrawal,-1.04660579,2.44306893
1765510102797,twd,1.0,withdrawal,-29766,109834038
1765511728719,eth,138026.37,buy,0.07307105,2.51613998
1765515364079,sol,10055.76,withdrawal,-6.38626847,24.09420246
1765517343225,doge,62.24,withdrawal,-53.63301859,1602.32403036
1765522021896,usdt,32.07,withdrawal,-480.000000,10755.938938
1765525391672,twd,1.0,deposit,66213,109890166
1765529369972,sol,10055.15,withdrawal,-0.90436653,23.18983593
1765530313776,usdt,32.06,sell,-4065.366230,6690.572708
1765533904128,twd,1.0,deposit,58499,110078981
1765534640584,btc,3762442.86,buy,0.00398071,0.12495746
1765537476815,usdc,31.52,deposit,2133.000000,11791.460497
1765538793670,sol,10062.41,deposit,12.47671701,35.66655294
1765541111070,usdt,32.06,sell,-1747.775875,4942.796833
1765541680826,usdt,32.06,buy,112.607239,5055.404072
1765543684423,doge,62.4,deposit,330.12974035,1932.45377071
1765551160219,btc,3761804.46,buy,0.00960946,0.13456692
1765554065087,doge,62.4,sell,-1015.22719263,917.22657808
1765557391872,doge,62.37,sell,-402.07911569,515.14746239
1765563548135,btc,3759680.56,buy,0.00027779,0.13484471
1765565689306,sol,10069.18,deposit,13.35334077,49.01989371
1765567452025,usdt,32.08,buy,949.676962,6005.081034
1765582922881,twd,1.0,withdrawal,-26347,110110858
1765594295885,usdt,32.08,deposit,668.000000,6673.081034
1765596231641,usdt,32.09,deposit,1427.000000,8100.081034
1765597836826,usdt,32.09,sell,-4296.317504,3803.763530
1765598550956,twd,1.0,withdrawal,-21765,110226975
1765599152569,twd,1.0,deposit,30115,110257090
1765600596796,eth,138162.27,sell,-1.06486475,1.45127523
1765605334575,usdt,32.1,withdrawal,-54.000000,3749.763530
1765607819059,usdc,31.52,withdrawal,-436.000000,11355.460497
1765608773731,usdc,31.52,deposit,1176.000000,12531.460497
1765619145848,usdc,31.52,withdrawal,-325.000000,12206.460497
1765624276711,doge,62.66,deposit,548.44335361,1063.59081600
1765625088021,usdc,31.51,buy,1355.328593,13561.789090
1765625592622,eth,138110.5,sell,-0.30487930,1.14639593
1765626052206,usdt,32.09,sell,-1099.144741,2650.618789
1765630481248,eth,138160.86,withdrawal,-0.39036834,0.75602759
1765633440000,twd,1.0,deposit,111539,110550426
1765635660000,btc,3764719.98,sell,-0.05998968,0.07485503
1765638180000,usdc,31.51,sell,-6084.772773,7477.016317
1765638780000,doge,62.73,sell,-191.08414156,872.50667444
1765638832550,btc,3765455.01,deposit,0.01576302,0.09061805
1765639920000,doge,62.76,buy,65.96748537,938.47415981
1765641949372,eth,138224.52,buy,0.23379344,0.98982103
1765641960000,doge,62.73,sell,-159.90099690,778.57316291
1765642527182,doge,62.73,withdrawal,-127.50432510,651.06883781
1765643820000,usdc,31.52,withdrawal,-88.000000,7389.016317
1765646280000,twd,1.0,deposit,21222,110974801
1765647720000,eth,138238.95,deposit,0.13154357,1.12136460
1765649640000,eth,138183.1,buy,0.31722754,1.43859214
1765651320000,usdc,31.52,deposit,2648.000000,10037.016317
1765653520163,usdt,32.1,sell,-578.357766,2072.261023
1765654068899,sol,10098.36,buy,4.20038895,53.22028266
1765654587936,sol,10098.0,buy,4.19075287,57.41103553
1765656680464,sol,10101.84,withdrawal,-9.31305782,48.09797771
1765656811961,btc,3769066.93,buy,0.00178564,0.09240369
1765657584328,btc,3769962.52,sell,-0.02738242,0.06502127
1765658998247,doge,62.91,sell,-120.42683032,530.64200749
1765659100618,eth,138247.72,sell,-0.41041238,1.02817976
1765663922839,btc,3769583.49,deposit,0.04322530,0.10824657
1765664237035,eth,138252.43,deposit,0.71732571,1.74550547
1765678139111,sol,10094.21,sell,-16.53324009,31.56473762
1765679970786,btc,3770286.26,deposit,0.03431414,0.14256071
1765682647308,usdt,32.05,sell,-130.469199,1941.791824
1765698663154,usdt,32.05,deposit,593.000000,2534.791824
1765699252373,eth,138213.28,deposit,1.27165505,3.01716052
1765699976479,doge,62.9,deposit,2170.70203188,2701.34403937
1765708639495,usdc,31.55,deposit,1571.000000,11608.016317
1765715364875,eth,138292.99,sell,-0.74641610,2.27074442
1765715446240,twd,1.0,withdrawal,-27998,111271907
1765722591189,sol,10108.16,deposit,11.18238210,42.74711972
1765722778841,sol,10111.85,buy,2.48227643,45.22939615
1765724583611,sol,10111.91,sell,-15.64730986,29.58208629
1765727989375,doge,62.82,buy,653.82870401,3355.17274338
1765734974330,sol,10108.55,sell,-15.83063464,13.75145165
1765738523436,eth,138520.07,withdrawal,-0.42239636,1.84834806
1765739519122,usdt,32.05,deposit,2943.000000,5477.791824
1765741562533,usdt,32.04,buy,211.845986,5689.637810
1765744881657,usdt,32.04,deposit,1767.000000,7456.637810
1765747437192,usdt,32.03,sell,-904.044419,6552.593391
1765758870648,btc,3766392.32,deposit,0.04720431,0.18976502
1765760970604,usdt,32.03,deposit,979.000000,7531.593391
1765766911412,btc,3766228.64,withdrawal,-0.01788137,0.17188365
1765766957165,btc,3766814.88,deposit,0.03769054,0.20957419
1765769403338,usdt,32.05,deposit,2468.000000,9999.593391
1765770421929,sol,10105.51,withdrawal,-0.79323741,12.95821424
1765777029291,sol,10110.88,sell,-1.71176622,11.24644802
1765779435241,usdc,31.58,buy,1255.028732,12863.045049
1765779788205,eth,138515.56,deposit,0.50417006,2.35251812
1765785794571,usdc,31.57,buy,422.588170,13285.633219
1765787725550,doge,63.08,withdrawal,-862.18038174,2492.99236164
1765787836271,btc,3770415.59,withdrawal,-0.08171727,0.12785692
1765789511497,twd,1.0,withdrawal,-11191,111499288
1765802098772,btc,3771109.65,buy,0.00380804,0.13166496
1765802646915,usdc,31.55,buy,754.514462,14040.147681
1765808745354,usdc,31.56,withdrawal,-186.000000,13854.147681
1765809390596,sol,10107.59,withdrawal,-3.84470965,7.40173837
1765812933304,eth,138566.63,withdrawal,-0.55737689,1.79514123
1765813515406,eth,138528.57,buy,0.20379765,1.99893888
1765816376360,sol,10108.38,deposit,5.64886630,13.05060467
1765816773513,doge,63.11,deposit,1974.89557672,4467.88793836
1765818536025,usdt,32.03,buy,1358.786108,11358.379499
1765823906509,usdc,31.57,withdrawal,-173.000000,13681.147681
1765825681489,sol,10112.34,withdrawal,-2.90658682,10.14401785
1765827377020,doge,63.21,withdrawal,-1171.08707437,3296.80086399
1765832332479,doge,63.19,deposit,2171.51272064,5468.31358463
1765839102518,eth,138584.18,buy,0.32371283,2.32265171
1765839784098,btc,3771487.85,buy,0.00960717,0.14127213
1765846049912,eth,138562.3,buy,0.28734555,2.60999726
1765846512553,usdc,31.58,deposit,2377.000000,16058.147681
1765847760969,btc,3770222.1,buy,0.01194868,0.15322081
1765847857778,btc,3769086.76,deposit,0.02392145,0.17714226
1765849405653,sol,10115.54,withdrawal,-1.53734228,8.60667557
1765850728876,usdt,32.03,withdrawal,-235.000000,11123.379499
1765856015282,usdt,32.04,withdrawal,-477.000000,10646.379499
1765862324100,doge,63.06,buy,711.38781626,6179.70140089
1765865416900,eth,138528.57,sell,-0.16491995,2.44507731
1765866676759,usdc,31.59,sell,-9440.656596,6617.491085
1765872237196,sol,10111.14,sell,-3.53006051,5.07661506
1765872352989,sol,10110.29,withdrawal,-0.66119477,4.41542029
1765874249721,sol,10107.96,sell,-2.26139933,2.15402096
1765878619831,doge,63.23,sell,-2276.15950077,3903.54190012
1765879171581,sol,10111.55,deposit,12.68823741,14.84225837
1765879690621,usdt,32.05,sell,-1906.610688,8739.768811
1765882384300,eth,138670.46,deposit,0.88488936,3.32996667
1765894503564,doge,63.19,withdrawal,-453.36770019,3450.17419993
1765895913219,twd,1.0,withdrawal,-16206,111747009
1765896952861,doge,63.28,buy,520.35525148,3970.52945141
1765897718285,usdc,31.6,deposit,1505.000000,8122.491085
1765899517438,usdc,31.59,withdrawal,-495.000000,7627.491085
1765901580348,btc,3772611.87,withdrawal,-0.01023682,0.16690544
1765903671246,usdc,31.59,deposit,1341.000000,8968.491085
1765907760000,btc,3775143.55,sell,-0.05960433,0.10730111
1765908600000,btc,3775577.41,withdrawal,-0.03723105,0.07007006
1765909560000,usdt,32.05,sell,-3798.206900,4941.561911
1765911440792,twd,1.0,deposit,31398,112092236
1765912313549,btc,3776866.16,deposit,0.02256787,0.09263793
1765912675829,twd,1.0,withdrawal,-21734,112070502
1765914022223,usdt,32.07,sell,-739.518500,4202.043411
1765927316404,sol,10117.12,sell,-1.42929652,13.41296185
1765929424292,usdt,32.08,deposit,1743.000000,5945.043411
1765933876324,usdc,31.58,buy,382.291281,9350.782366
1765935470907,doge,63.23,withdrawal,-951.80395130,3018.72550011
1765948419640,twd,1.0,withdrawal,-29732,112066871
1765959452030,eth,138740.35,withdrawal,-1.06758863,2.26237804
1765959744428,btc,3775168.61,withdrawal,-0.03368484,0.05895309
1765959956180,usdc,31.57,withdrawal,-350.000000,9000.782366
1765969525767,btc,3776005.52,buy,0.00195717,0.06091026
1765989295410,twd,1.0,deposit,73638,112133119
1765996440669,btc,3776031.33,buy,0.00520713,0.06611739
1765997387478,usdc,31.55,deposit,1894.000000,10894.782366
1766001525021,usdt,32.06,sell,-560.040837,5385.002574
1766007999179,sol,10121.0,withdrawal,-4.19174474,9.22121711
1766014126531,usdc,31.54,buy,386.888071,11281.670437
1766015365118,sol,10122.11,withdrawal,-2.91895245,6.30226466
1766016967696,doge,63.35,withdrawal,-749.95842869,2268.76707142
1766020802112,sol,10129.91,sell,-2.78910790,3.51315676
1766022335055,sol,10129.15,buy,4.02050788,7.53366464
1766025030651,usdt,32.04,deposit,2475.000000,7860.002574
1766026167532,btc,3775121.74,deposit,0.03414457,0.10026196
1766027424828,btc,3774956.2,deposit,0.04235926,0.14262122
1766027573964,btc,3774526.58,withdrawal,-0.03672161,0.10589961
1766027659615,eth,138829.29,sell,-1.11436070,1.14801734
1766029710276,usdt,32.04,buy,151.781265,8011.783839
1766034685838,sol,10117.45,withdrawal,-2.71825596,4.81540868
1766037539631,doge,63.46,withdrawal,-60.18881884,2208.57825258
1766038382700,sol,10113.0,buy,3.27863198,8.09404066
1766040143065,twd,1.0,withdrawal,-24082,112199342
1766041112410,eth,138917.55,buy,0.34784036,1.49585770
1766043978804,doge,63.58,deposit,1564.88624521,3773.46449779
1766045893219,doge,63.58,deposit,750.77203775,4524.23653554
1766046719143,usdc,31.53,buy,396.246556,11677.916993
1766046743633,usdt,32.03,withdrawal,-89.000000,7922.783839
1766055275730,btc,3782302.36,deposit,0.03604636,0.14194597
1766058224831,usdc,31.51,deposit,947.000000,12624.916993
1766059697526,twd,1.0,deposit,27717,112166243
1766063120341,usdc,31.51,deposit,2483.000000,15107.916993
1766075389291,doge,63.71,withdrawal,-1489.17756898,3035.05896656
1766079385120,sol,10125.92,sell,-1.01811905,7.07592161
1766087520827,doge,63.76,withdrawal,-850.11565490,2184.94331166
1766092057390,usdc,31.52,deposit,2747.000000,17854.916993
1766092924202,doge,63.74,buy,586.32904253,2771.27235419
1766093762862,btc,3779849.53,deposit,0.01306040,0.15500637
1766099350172,sol,10120.71,buy,2.91296467,9.98888628
1766103072528,usdt,32.05,sell,-4281.326937,3641.456902
1766103571228,eth,139019.45,deposit,0.39379793,1.88965563
1766106246332,doge,63.84,deposit,2174.30278145,4945.57513564
1766107238891,btc,3779513.52,buy,0.01234610,0.16735247
1766108016713,sol,10110.5,withdrawal,-2.85208158,7.13680470
1766112617066,doge,63.92,buy,218.28670987,5163.86184551
1766122240389,doge,63.87,sell,-1609.02978146,3554.83206405
1766126719809,doge,63.88,withdrawal,-308.16204148,3246.67002257
1766133199432,eth,139128.4,buy,0.33696127,2.22661690
1766137077936,doge,63.9,withdrawal,-235.78163973,3010.88838284
1766137771569,sol,10118.14,sell,-2.19239956,4.94440514
1766140797642,twd,1.0,deposit,37830,112302200
1766151118319,sol,10111.94,buy,1.15015803,6.09456317
1766152844575,eth,139065.97,deposit,1.16305565,3.38967255
1766155649146,doge,63.9,deposit,2126.57535324,5137.46373608
1766161349304,sol,10118.72,buy,3.38999740,9.48456057
1766174084664,doge,63.96,deposit,2104.67943095,7242.14316703
1766178896148,twd,1.0,withdrawal,-20568,112235699
1766180880000,sol,10120.17,withdrawal,-2.49363305,6.99092752
1766181786547,doge,63.9,buy,532.52228159,7774.66544862
1766188671341,doge,63.86,withdrawal,-1057.10164894,6717.56379968
1766189643110,eth,139039.33,withdrawal,-0.80935324,2.58031931
1766197949576,doge,63.87,withdrawal,-196.58747789,6520.97632179
1766198938945,usdc,31.54,sell,-8187.854200,9667.062793
1766206182783,doge,63.84,buy,51.21629938,6572.19262117
1766206585596,doge,63.87,deposit,2431.00312150,9003.19574267
1766208133511,usdc,31.54,sell,-4504.853735,5162.209058
1766209517035,twd,1.0,deposit,75439,112674156
1766213989229,btc,3778001.09,deposit,0.01871945,0.18607192
1766214480121,eth,139026.32,buy,0.31050362,2.89082293
1766218662544,doge,63.94,withdrawal,-84.32394672,8918.87179595
1766224608130,eth,139048.57,sell,-0.43626965,2.45455328
1766224965495,eth,139079.2,deposit,0.33677028,2.79132356
1766226111135,twd,1.0,deposit,97053,112788703
1766232535165,doge,63.91,deposit,1587.41756197,10506.28935792
1766232743231,twd,1.0,withdrawal,-25258,112763445
1766237835393,eth,139274.12,sell,-0.52622678,2.26509678
1766242810376,usdt,32.02,sell,-1849.183120,1792.273782
1766244776198,sol,10140.35,deposit,5.42954766,12.42047518
1766246110964,eth,139297.83,withdrawal,-0.89021489,1.37488189
1766247065460,sol,10141.86,buy,0.81777148,13.23824666
1766247860618,eth,139276.3,withdrawal,-0.21517905,1.15970284
1766253464931,twd,1.0,deposit,88622,112976270
1766255030273,doge,64.01,sell,-1171.66366908,9334.62568884
1766263416817,usdc,31.55,sell,-1060.927017,4101.282041
1766270093367,twd,1.0,deposit,62199,113146941
1766272961147,usdc,31.55,buy,1032.614901,5133.896942
1766273418761,eth,139249.79,sell,-0.19974783,0.95995501
1766275866851,usdt,32.01,deposit,1507.000000,3299.273782
1766280055010,sol,10142.68,buy,3.94094880,17.17919546
1766280801388,usdt,32.02,withdrawal,-271.000000,3028.273782
1766280960847,sol,10144.88,withdrawal,-4.77021572,12.40897974
1766284829757,sol,10149.05,withdrawal,-2.30284154,10.10613820
1766288254095,sol,10149.36,withdrawal,-2.07579054,8.03034766
1766289967770,sol,10145.85,sell,-2.50331533,5.52703233
1766290219000,usdc,31.56,sell,-2735.014473,2398.882469
1766291155646,usdc,31.55,sell,-396.346348,2002.536121
1766291835707,doge,63.85,sell,-4690.80488947,4643.82079937
1766294237994,sol,10149.92,buy,0.96955181,6.49658414
1766295660415,btc,3782829.4,deposit,0.02125644,0.20732836
1766312750830,sol,10148.55,deposit,11.73227627,18.22886041
1766317725886,btc,3781890.88,buy,0.00841913,0.21574749
1766320982968,doge,63.87,deposit,2237.23894253,6881.05974190
1766325569918,usdc,31.55,buy,1082.906281,3085.442402
1766330479758,usdt,31.97,withdrawal,-112.000000,2916.273782
1766331938134,eth,139259.1,buy,0.15481323,1.11476824
1766333476285,eth,139239.04,deposit,0.39640826,1.51117650
1766337842305,doge,63.88,sell,-181.69301877,6699.36672313
1766338278838,usdc,31.55,withdrawal,-159.000000,2926.442402
1766339179489,doge,63.87,deposit,1883.23326580,8582.59998893
1766341182216,usdc,31.54,buy,753.341012,3679.783414
1766341575451,sol,10147.52,buy,2.80436428,21.03322469
1766354044275,btc,3786957.53,buy,0.00303140,0.21877889
1766355065918,eth,139288.14,sell,-0.52719388,0.98398262
1766366313271,sol,10148.41,withdrawal,-5.12983213,15.90339256
1766370803055,doge,63.94,withdrawal,-1906.18966901,6676.41031992
1766372565660,twd,1.0,deposit,140411,113590285
1766375102642,usdt,31.94,withdrawal,-492.000000,2424.273782
1766379942196,sol,10148.42,deposit,6.37268424,22.27607680
1766381593144,sol,10150.24,sell,-3.55287290,18.72320390
1766385336691,doge,63.8,buy,374.55031874,7050.96063866
1766387231541,usdc,31.52,deposit,2498.000000,6177.783414
1766387774680,doge,63.9,buy,686.59627587,7737.55691453
1766390476283,eth,139199.73,sell,-0.34310986,0.64087276
1766391306450,btc,3788608.53,deposit,0.03755225,0.25633114
1766395680239,usdt,31.94,deposit,1679.000000,4103.273782
1766398560000,btc,3787404.03,sell,-0.05176771,0.20456343
1766400060000,btc,3787872.37,withdrawal,-0.07321619,0.13134724
1766401080000,btc,3787139.3,deposit,0.00631959,0.13766683
1766402160000,doge,63.89,deposit,1578.90690103,9316.46381556
1766402760000,btc,3787997.8,deposit,0.02360368,0.16127051
1766403300000,sol,10176.67,sell,-9.69319890,9.03000500
1766405040000,sol,10181.8,buy,2.14431098,11.17431598
1766406840000,btc,3787687.58,withdrawal,-0.03817062,0.12309989
1766407197188,btc,3789129.38,sell,-0.00592660,0.11717329
1766408520000,usdt,31.94,buy,363.229186,4466.502968
1766409900000,sol,10186.77,deposit,10.28900534,21.46332132
1766410281539,usdt,31.93,deposit,2850.000000,7316.502968
1766411039512,usdt,31.93,withdrawal,-199.000000,7117.502968
1766411760000,doge,64.27,deposit,811.27492879,10127.73874435
1766412133158,sol,10179.06,sell,-3.12651216,18.33680916
1766412900000,twd,1.0,withdrawal,-25517,113896380
1766414580000,usdt,31.96,sell,-320.560537,6796.942431
1766417280000,usdc,31.51,buy,358.020685,6535.804099
1766417580000,doge,64.39,withdrawal,-148.78555917,9978.95318518
1766417700000,twd,1.0,deposit,132417,114027760
1766418360000,twd,1.0,withdrawal,-13197,114014563
1766420880000,twd,1.0,withdrawal,-17407,113997156
1766422620000,doge,64.31,buy,36.85085961,10015.80404479
1766423820000,btc,3786844.29,withdrawal,-0.01659992,0.10057337
1766423870839,usdt,31.94,deposit,2780.000000,9576.942431
1766423941362,eth,139475.63,buy,0.17378831,0.81466107
1766424273135,sol,10179.35,withdrawal,-2.20506991,16.13173925
1766424710146,btc,3787756.65,buy,0.00572784,0.10630121
1766425414306,doge,64.33,buy,162.43550662,10178.23955141
1766428344347,usdc,31.52,deposit,2009.000000,8544.804099
1766428405831,doge,64.31,withdrawal,-3438.87620335,6739.36334806
1766433322054,btc,3785467.53,sell,-0.00669299,0.09960822
1766433397826,usdt,31.95,withdrawal,-242.000000,9334.942431
1766444387399,sol,10187.54,sell,-4.47447890,11.65726035
1766446435990,usdc,31.5,withdrawal,-254.000000,8290.804099
1766448587526,twd,1.0,withdrawal,-28092,113981230
1766448685377,sol,10195.59,withdrawal,-3.29496305,8.36229730
1766451366184,usdc,31.5,deposit,2230.000000,10520.804099
1766451903151,usdc,31.51,deposit,924.000000,11444.804099
1766467440700,doge,64.38,buy,652.41496175,7391.77830981
1766470388263,sol,10193.41,withdrawal,-1.03013957,7.33215773
1766476182743,sol,10188.68,deposit,2.75641727,10.08857500
1766485041256,doge,64.31,deposit,390.79251472,7782.57082453
1766485420281,btc,3790026.83,withdrawal,-0.00644249,0.09316573
1766488780156,eth,139805.7,deposit,0.80708488,1.62174595
1766491144522,usdt,31.96,deposit,1631.000000,10965.942431
1766493257997,usdc,31.49,sell,-3486.827492,7957.976607
1766494784533,usdt,31.96,withdrawal,-266.000000,10699.942431
1766502785998,sol,10187.22,deposit,12.46285131,22.55142631
1766506458162,doge,64.34,deposit,1408.27873213,9190.84955666
1766511293763,usdt,31.97,withdrawal,-439.000000,10260.942431
1766511989028,doge,64.4,buy,573.03513217,9763.88468883
1766512527038,sol,10191.78,deposit,4.02412577,26.57555208
1766514088839,usdt,31.97,buy,1088.829232,11349.771663
1766533302744,usdc,31.5,sell,-2000.542337,5957.434270
1766535731071,eth,139974.8,withdrawal,-0.04502013,1.57672582
1766544044215,btc,3792298.17,buy,0.00341049,0.09657622
1766544474678,usdt,31.97,sell,-1001.201373,10348.570290
1766553491168,usdt,31.97,deposit,1944.000000,12292.570290
1766554381376,usdt,31.96,sell,-5957.317101,6335.253189
1766554714750,doge,64.51,buy,19.62644497,9783.51113380
1766564440015,usdc,31.51,buy,578.576551,6536.010821
1766573653322,eth,139985.24,buy,0.28635421,1.86308003
1766578658757,twd,1.0,deposit,93513,114283732
1766579637758,eth,140031.13,withdrawal,-0.58188462,1.28119541
1766579729892,usdt,31.97,buy,1485.118142,7820.371331
1766586755593,sol,10188.26,withdrawal,-1.87107752,24.70447456
1766587660275,usdt,31.97,withdrawal,-471.000000,7349.371331
1766592209532,doge,64.47,withdrawal,-3357.30887609,6426.20225771
1766593443425,usdc,31.56,withdrawal,-186.000000,6350.010821
1766596912139,usdc,31.55,withdrawal,-258.000000,6092.010821
1766602276739,usdc,31.55,buy,384.103155,6476.113976
1766606151199,sol,10200.92,withdrawal,-5.66066784,19.04380672
1766607125406,twd,1.0,withdrawal,-25717,114198413
1766607900000,usdc,31.55,withdrawal,-130.000000,6346.113976
1766610420000,usdc,31.54,withdrawal,-97.000000,6249.113976
1766612280000,btc,3795094.71,sell,-0.02620932,0.07036690
1766612601978,usdc,31.55,withdrawal,-109.000000,6140.113976
1766616811626,eth,140171.13,buy,0.22207879,1.50327420
1766626742050,doge,64.69,buy,422.84272638,6849.04498409
1766627017411,sol,10191.23,withdrawal,-6.34373761,12.70006911
1766631332846,sol,10187.9,buy,4.20872100,16.90879011
1766633849922,usdc,31.54,withdrawal,-301.000000,5839.113976
1766634623511,twd,1.0,deposit,59496,114256013
1766637482188,twd,1.0,deposit,129066,114385079
1766639281921,eth,140309.38,buy,0.22734759,1.73062179
1766641031737,usdc,31.54,withdrawal,-160.000000,5679.113976
1766645972541,btc,3796010.14,sell,-0.04001000,0.03035690
1766649564110,usdt,31.93,withdrawal,-123.000000,7226.371331
1766654972723,sol,10189.15,buy,4.60626190,21.51505201
1766666699164,usdt,31.93,sell,-2915.295362,4311.075969
1766673166764,eth,140511.77,withdrawal,-0.38954330,1.34107849
1766678203813,usdc,31.53,deposit,1874.000000,7553.113976
1766678551469,btc,3796257.42,deposit,0.04725116,0.07760806
1766682857696,sol,10196.44,withdrawal,-2.89973970,18.61531231
1766683357243,sol,10195.67,buy,1.55902066,20.17433297
1766687006201,doge,64.59,sell,-2590.34503717,4258.69994692
1766688827682,eth,140562.27,deposit,0.95591726,2.29699575
1766692945928,usdt,31.92,buy,1278.595774,5589.671743
1766695587501,doge,64.48,withdrawal,-623.86817237,3634.83177455
1766697348562,usdc,31.52,withdrawal,-80.000000,7473.113976
1766700385832,doge,64.49,sell,-120.66527107,3514.16650348
1766704571841,usdt,31.91,buy,1127.475603,6717.147346
1766705981320,eth,140450.56,withdrawal,-0.33433367,1.96266208
1766706790898,doge,64.53,withdrawal,-896.40892345,2617.75758003
1766706991510,usdt,31.92,buy,806.996736,7524.144082
1766709741863,usdc,31.5,withdrawal,-292.000000,7181.113976
1766710132215,btc,3795466.6,withdrawal,-0.00477038,0.07283768
1766717132093,sol,10196.68,withdrawal,-6.85078404,13.32354893
1766718288545,usdc,31.5,buy,1425.021985,8606.135961
1766721374413,doge,64.47,sell,-220.29604746,2397.46153257
1766724723359,sol,10192.64,sell,-4.91658706,8.40696187
1766729441801,eth,140437.24,sell,-1.17673966,0.78592242
1766736060014,doge,64.5,withdrawal,-133.88170173,2263.57983084
1766736665592,usdt,31.9,sell,-814.708657,6709.435425
1766738116209,twd,1.0,withdrawal,-27213,114791317
1766741103811,sol,10191.78,buy,4.67996671,13.08692858
1766743268598,eth,140400.8,sell,-0.38585352,0.40006890
1766743587693,eth,140427.32,buy,0.26642598,0.66649488
1766750267119,usdt,31.91,deposit,1434.000000,8143.435425
1766752386248,doge,64.58,sell,-161.08708634,2102.49274450
1766753136918,usdc,31.51,deposit,1902.000000,10508.135961
1766754410579,doge,64.56,withdrawal,-579.96064697,1522.53209753
1766758848859,usdt,31.89,withdrawal,-152.000000,7991.435425
1766765440987,eth,140519.73,withdrawal,-0.14302122,0.52347366
1766771795809,eth,140537.74,sell,-0.01991424,0.50355942
1766773293617,usdc,31.5,sell,-2828.095850,7680.040111
1766777754955,doge,64.43,buy,305.66904254,1828.20114007
1766778140870,usdc,31.5,buy,1540.320126,9220.360237
1766779134446,twd,1.0,deposit,64045,114858505
1766785097059,usdt,31.91,deposit,2194.000000,10185.435425
1766786987154,usdt,31.91,sell,-5752.825119,4432.610306
1766787002771,btc,3802474.21,sell,-0.00087237,0.07196531
1766787333985,usdt,31.9,buy,328.478097,4761.088403
1766795281415,doge,64.46,deposit,1552.31239871,3380.51353878
1766799655370,usdt,31.88,buy,1052.631387,5813.719790
1766800957693,usdc,31.53,withdrawal,-436.000000,8784.360237
1766801696856,usdc,31.52,deposit,892.000000,9676.360237
1766803615376,btc,3800437.48,sell,-0.01505357,0.05691174
1766809865985,btc,3799084.24,deposit,0.04229355,0.09920529
1766812718615,btc,3799864.59,deposit,0.02780186,0.12700715
1766815209089,eth,140401.06,withdrawal,-0.16534195,0.33821747
1766819327469,usdc,31.52,deposit,2646.000000,12322.360237
1766821820108,eth,140460.4,deposit,1.16870034,1.50691781
1766822167775,usdt,31.87,sell,-1086.640740,4727.079050
1766825468474,usdc,31.52,withdrawal,-133.000000,12189.360237
1766825493913,sol,10215.6,deposit,14.48952168,27.57645026
1766825761226,sol,10217.54,buy,3.10484472,30.68129498
1766826477571,eth,140419.33,sell,-0.63879774,0.86812007
1766841184816,doge,64.26,deposit,1404.02531985,4784.53885863
1766842537022,usdt,31.86,buy,683.508772,5410.587822
1766849703099,usdc,31.5,sell,-5094.554955,7094.805282
1766850547004,btc,3798270.7,buy,0.00029458,0.12730173
1766851170526,doge,64.22,deposit,1213.87208665,5998.41094528
1766852385334,eth,140380.79,buy,0.09549219,0.96361226
1766852602959,btc,3795218.47,withdrawal,-0.02804405,0.09925768
1766853368528,btc,3795339.11,sell,-0.03619634,0.06306134
1766860676571,usdc,31.5,deposit,1338.000000,8432.805282
1766867562638,sol,10223.23,sell,-7.43117296,23.25012202
1766878020901,eth,140242.07,deposit,1.49838752,2.46199978
1766878082568,btc,3794418.9,deposit,0.04346348,0.10652482
1766880904706,btc,3792993.98,withdrawal,-0.03113370,0.07539112
1766886834812,eth,140156.51,withdrawal,-0.35843376,2.10356602
1766898143942,eth,140114.49,deposit,1.20759655,3.31116257
1766913891447,sol,10232.35,withdrawal,-7.96731389,15.28280813
1766915115989,usdc,31.51,withdrawal,-367.000000,8065.805282
1766915833318,usdc,31.52,sell,-2359.234606,5706.570676
1766916936537,sol,10229.44,withdrawal,-0.93899000,14.34381813
1766918235415,btc,3793428.63,withdrawal,-0.01110706,0.06428406
1766919870821,usdt,31.84,buy,978.076675,6388.664497
1766926570948,eth,140035.98,sell,-0.09552321,3.21563936
1766928419286,eth,140091.92,deposit,0.60300900,3.81864836
1766932192516,doge,64.23,deposit,2368.26585647,8366.67680175
1766932765420,sol,10222.73,withdrawal,-1.88417957,12.45963856
1766933186600,usdt,31.84,withdrawal,-423.000000,5965.664497
1766939525481,eth,140016.99,buy,0.08321119,3.90185955
1766939887403,usdc,31.52,sell,-1306.047290,4400.523386
1766939925694,eth,140012.54,withdrawal,-0.53172628,3.37013327
1766941903627,usdt,31.84,deposit,2145.000000,8110.664497
1766948710083,btc,3791538.98,sell,-0.02970311,0.03458095
1766952818109,btc,3792689.39,deposit,0.03054054,0.06512149
1766968386658,sol,10220.14,sell,-0.68227785,11.77736071
1766970947237,btc,3792633.64,deposit,0.02821545,0.09333694
1766980384857,usdc,31.52,sell,-326.380001,4074.143385
1766983662986,twd,1.0,withdrawal,-8180,115696541
1766985808559,sol,10219.97,buy,3.13017611,14.90753682
1766986764195,usdc,31.53,deposit,625.000000,4699.143385
1766986897958,usdc,31.53,buy,343.392010,5042.535395
1766988676665,usdt,31.84,deposit,2694.000000,10804.664497
1766989364677,eth,140101.39,sell,-0.47119378,2.89893949
1766991950248,sol,10216.45,sell,-0.50655921,14.40097761
1766992640788,btc,3793138.38,withdrawal,-0.02038844,0.07294850
1766995383686,usdt,31.83,withdrawal,-252.000000,10552.664497
1766995615763,twd,1.0,deposit,102220,115827134
1766998229577,usdt,31.82,sell,-4677.882458,5874.782039
1766998871950,usdt,31.81,withdrawal,-215.000000,5659.782039
1767000420000,twd,1.0,withdrawal,-9088,115966874
1767000871585,usdt,31.81,deposit,1422.000000,7081.782039
1767005799500,btc,3791222.96,sell,-0.04322002,0.02972848
1767010531164,sol,10228.79,withdrawal,-0.70847596,13.69250165
1767011334850,usdt,31.83,withdrawal,-198.000000,6883.782039
1767019565765,doge,64.6,withdrawal,-2267.69007871,6098.98672304
1767028257676,usdt,31.82,withdrawal,-136.000000,6747.782039
1767038714112,usdt,31.81,buy,1501.695800,8249.477839
1767041367567,usdc,31.51,withdrawal,-98.000000,4944.535395
1767042151779,eth,140241.55,deposit,0.95909188,3.85803137
1767046408336,btc,3795582.65,withdrawal,-0.00992677,0.01980171
1767050387505,usdt,31.82,deposit,2971.000000,11220.477839
1767053595255,usdt,31.81,withdrawal,-442.000000,10778.477839
1767054580768,doge,64.62,deposit,1197.68293567,7296.66965871
1767055361285,usdc,31.49,deposit,624.000000,5568.535395
1767056451185,twd,1.0,withdrawal,-21916,116061041
1767062928614,usdc,31.5,deposit,2473.000000,8041.535395
1767068796037,usdt,31.84,deposit,777.000000,11555.477839
1767074472377,twd,1.0,withdrawal,-22823,116038218
1767075300749,doge,64.6,sell,-1596.72413915,5699.94551956
1767076361556,doge,64.63,buy,514.86294669,6214.80846625
1767076722031,doge,64.65,deposit,408.01803157,6622.82649782
1767077641659,usdc,31.51,sell,-2026.180081,6015.355314
1767085545728,btc,3799823.52,withdrawal,-0.00352191,0.01627980
1767086408037,twd,1.0,withdrawal,-27505,116144428
1767087482485,btc,3799246.76,withdrawal,-0.00443092,0.01184888
1767099037048,doge,64.7,withdrawal,-465.47085025,6157.35564757
1767100169313,btc,3800075.01,withdrawal,-0.00221351,0.00963537
1767106534956,eth,140322.2,sell,-1.77452374,2.08350763
1767106817582,eth,140306.95,withdrawal,-0.49862881,1.58487882
1767115694207,doge,64.6,sell,-3373.61257117,2783.74307640
1767116871189,doge,64.61,sell,-596.03286902,2187.71020738
1767118292473,usdt,31.86,deposit,1363.000000,12918.477839
1767130718148,btc,3801745.56,sell,-0.00129617,0.00833920
1767133055430,usdc,31.5,buy,1117.086995,7132.442309
1767139480227,usdt,31.86,sell,-355.713782,12562.764057
1767141710636,usdt,31.87,sell,-628.959896,11933.804161
1767142645565,doge,64.73,deposit,2387.64136763,4575.35157501
1767148775840,btc,3803691.0,withdrawal,-0.00158819,0.00675101
1767149677462,btc,3802267.91,withdrawal,-0.00146777,0.00528324
1767151457726,usdt,31.87,deposit,2070.000000,14003.804161
1767152391876,twd,1.0,withdrawal,-29182,116621814
1767155006001,sol,10261.19,buy,3.28017483,16.97267648
1767158357371,doge,64.74,deposit,1643.84069813,6219.19227314
1767165293331,btc,3804379.1,withdrawal,-0.00207277,0.00321047
1767175277961,sol,10271.08,withdrawal,-3.94297085,13.02970563
1767179495735,btc,3804359.38,withdrawal,-0.00113803,0.00207244
1767188568369,eth,140244.49,deposit,0.30028889,1.88516771
1767188583903,sol,10260.7,sell,-3.81082328,9.21888235
1767189779262,usdt,31.87,sell,-192.552736,13811.251425
1767190207475,usdt,31.87,buy,149.844671,13961.096096
1767190258245,btc,3805155.02,sell,-0.00083228,0.00124016
1767192006741,btc,3806179.76,buy,0.01295539,0.01419555
1767196305110,twd,1.0,withdrawal,-29617,116552857
1767208401483,doge,64.57,buy,463.38369093,6682.57596407
1767211585437,eth,140210.29,buy,0.26834032,2.15350803
1767212662383,twd,1.0,deposit,45154,116530466
1767216863501,eth,140146.5,deposit,0.73850417,2.89201220
1767217557587,btc,3806890.97,buy,0.01253079,0.02672634
1767219890771,usdc,31.45,sell,-2584.572337,4547.869972
1767220170946,usdc,31.44,deposit,867.000000,5414.869972
1767223031773,usdc,31.45,deposit,2995.000000,8409.869972
1767223914529,doge,64.48,deposit,943.39127339,7625.96723746
1767224941506,doge,64.54,withdrawal,-2552.50620813,5073.46102933
